{"id":"AD","name":"Andorra","month":"2016-06","access_date":"2016-07-06","data":{"firefox":{"2":null,"3":null,"3.5":null,"3.6":null,"4":null,"5":null,"6":null,"7":null,"8":null,"9":0.00619,"10":null,"11":null,"12":null,"13":null,"14":null,"15":null,"16":0.01238,"17":null,"18":null,"19":null,"20":null,"21":null,"22":null,"23":null,"24":null,"25":null,"26":0.01238,"27":null,"28":null,"29":null,"30":null,"31":null,"32":null,"33":null,"34":0.01857,"35":0.01238,"36":null,"37":0.21046,"38":0.08047,"39":0.03095,"40":0.01857,"41":0.03095,"42":0.02476,"43":0.08666,"44":0.17332,"45":0.79851,"46":3.70781,"47":4.89629,"48":0.08666,"49":0.00619,"50":null},"chrome":{"4":null,"5":null,"6":null,"7":null,"8":null,"9":null,"10":null,"11":0.03095,"12":null,"13":null,"14":null,"15":null,"16":null,"17":null,"18":null,"19":null,"20":null,"21":null,"22":0.02476,"23":null,"24":null,"25":null,"26":0.00619,"27":null,"28":null,"29":0.03714,"30":null,"31":0.1238,"32":null,"33":0.00619,"34":0.03095,"35":0.04333,"36":0.04952,"37":0.17332,"38":0.01238,"39":0.24141,"40":0.01857,"41":0.03714,"42":null,"43":0.08047,"44":0.08666,"45":0.04952,"46":0.1857,"47":0.27855,"48":0.1238,"49":3.02072,"50":8.39364,"51":19.94418,"52":0.03095,"53":0.01857,"54":null},"opera":{"9":null,"9.5-9.6":null,"10.0-10.1":0,"10.5":null,"10.6":null,"11":null,"11.1":null,"11.5":null,"11.6":null,"12":null,"12.1":0.01857,"15":null,"16":null,"17":null,"18":null,"19":null,"20":null,"21":null,"22":null,"23":null,"24":null,"25":null,"26":null,"27":null,"28":null,"29":null,"30":null,"31":0.01857,"32":null,"33":null,"34":null,"35":null,"36":0.01857,"37":0.11142,"38":0.16094,"39":null,"40":null},"safari":{"3.1":null,"3.2":null,"4":0,"5":0.08047,"5.1":0.32188,"6":0.0619,"6.1":0.21046,"7":0.10523,"7.1":0.01238,"8":0.40235,"9":0.98421,"9.1":3.94303,"10":null,"0":null},"ios_saf":{"3.2":0,"4.0-4.1":0,"4.2-4.3":0,"5.0-5.1":0,"6.0-6.1":0,"7.0-7.1":0.380459000103,"8":0,"8.1-8.4":0.762409996285,"9.0-9.2":1.64567167496,"9.3":11.6703933287},"android":{"2.1":0,"2.2":0,"2.3":0.00824411274222,"3":0,"4":0.0542737422196,"4.1":0.189614593071,"4.2-4.3":0.400526477393,"4.4":1.0559334404,"4.4.3-4.4.4":0.631361634175,"50":null},"op_mob":{"10":0,"11":0,"11.1":0,"11.5":0,"12":0,"12.1":3.4384962406e-5,"0":0.00151293834586},"ie":{"5.5":null,"6":0.01238,"7":0.03714,"8":0.22903,"9":0.25998,"10":0.64376,"11":5.08818},"bb":{"7":0,"10":null},"ie_mob":{"10":0.061052989899,"11":0.171418010101},"edge":{"12":0.05571,"13":3.05167,"14":null},"and_ff":{"0":0.060976},"and_uc":{"0":0.030488},"op_mini":{"5.0-8.0":0.0213186766917},"and_chr":{"0":19.638409},"samsung":{"0":2.614346}},"total":98.488184}