{"id":"AE","name":"United Arab Emirates","month":"2016-06","access_date":"2016-07-06","data":{"firefox":{"2":null,"3":0.027492,"3.5":null,"3.6":0.009164,"4":null,"5":null,"6":0.009164,"7":null,"8":null,"9":null,"10":0.004582,"11":null,"12":null,"13":null,"14":null,"15":null,"16":0.009164,"17":null,"18":null,"19":null,"20":null,"21":null,"22":null,"23":0.004582,"24":null,"25":0.009164,"26":0.004582,"27":null,"28":null,"29":0.004582,"30":0.009164,"31":0.009164,"32":0.009164,"33":0.009164,"34":0.013746,"35":0.013746,"36":0.009164,"37":0.009164,"38":0.059566,"39":0.018328,"40":0.018328,"41":0.02291,"42":0.018328,"43":0.100804,"44":0.04582,"45":0.087058,"46":1.044696,"47":1.699922,"48":0.123714,"49":null,"50":null},"chrome":{"4":null,"5":null,"6":null,"7":null,"8":null,"9":null,"10":null,"11":0.009164,"12":0.009164,"13":null,"14":null,"15":null,"16":null,"17":null,"18":0.009164,"19":null,"20":0.004582,"21":0.013746,"22":0.041238,"23":0.009164,"24":null,"25":0.009164,"26":0.018328,"27":0.009164,"28":0.009164,"29":0.306994,"30":0.013746,"31":0.059566,"32":0.009164,"33":0.06873,"34":0.064148,"35":0.027492,"36":0.027492,"37":0.02291,"38":0.041238,"39":0.064148,"40":0.04582,"41":0.027492,"42":0.036656,"43":0.384888,"44":0.100804,"45":0.224518,"46":0.073312,"47":0.201608,"48":0.334486,"49":1.507478,"50":8.17887,"51":19.514738,"52":0.155788,"53":0.18328,"54":null},"opera":{"9":null,"9.5-9.6":null,"10.0-10.1":0,"10.5":null,"10.6":null,"11":null,"11.1":null,"11.5":null,"11.6":null,"12":null,"12.1":0.009164,"15":null,"16":null,"17":null,"18":null,"19":null,"20":null,"21":null,"22":null,"23":null,"24":null,"25":null,"26":null,"27":null,"28":0.004582,"29":null,"30":null,"31":null,"32":null,"33":null,"34":0.004582,"35":0.004582,"36":0.041238,"37":0.174116,"38":0.270338,"39":null,"40":null},"safari":{"3.1":null,"3.2":null,"4":0,"5":0.013746,"5.1":0.054984,"6":0.013746,"6.1":0.050402,"7":0.059566,"7.1":0.027492,"8":0.270338,"9":0.416962,"9.1":1.658684,"10":null,"0":null},"ios_saf":{"3.2":0,"4.0-4.1":0,"4.2-4.3":0,"5.0-5.1":0,"6.0-6.1":0,"7.0-7.1":0.2838453916,"8":0,"8.1-8.4":0.568803902384,"9.0-9.2":1.22777045857,"9.3":8.70681824745},"android":{"2.1":0,"2.2":0,"2.3":0.0103269688784,"3":0,"4":0.0679858784498,"4.1":0.237520284204,"4.2-4.3":0.501718571345,"4.4":1.32271259718,"4.4.3-4.4.4":0.790873699941,"50":null},"op_mob":{"10":0,"11":0,"11.1":0,"11.5":0,"12":0,"12.1":0.00444846315789,"0":0.195732378947},"ie":{"5.5":null,"6":0.00460791628959,"7":0.00921583257919,"8":0.267259144796,"9":0.317946223982,"10":0.364025386878,"11":3.11034349548},"bb":{"7":0.078561,"10":null},"ie_mob":{"10":0.109564,"11":0.307622},"edge":{"12":0.13746,"13":1.12259,"14":null},"and_ff":{"0":0.02709},"and_uc":{"0":12.531834},"op_mini":{"5.0-8.0":2.75804715789},"and_chr":{"0":21.463804},"samsung":{"0":3.689658}},"total":98.514541}