{"id":"AF","name":"Afghanistan","month":"2016-06","access_date":"2016-07-06","data":{"firefox":{"2":null,"3":0.033309,"3.5":0.007402,"3.6":0.040711,"4":0.03701,"5":0.007402,"6":0.003701,"7":0.011103,"8":0.011103,"9":0.066618,"10":0.088824,"11":0.014804,"12":0.048113,"13":0.051814,"14":0.029608,"15":0.018505,"16":0.007402,"17":0.022206,"18":0.048113,"19":0.014804,"20":0.022206,"21":0.025907,"22":0.025907,"23":0.014804,"24":0.114731,"25":0.03701,"26":0.018505,"27":0.018505,"28":0.011103,"29":0.103628,"30":0.051814,"31":0.051814,"32":0.018505,"33":0.077721,"34":0.092525,"35":0.07402,"36":0.048113,"37":0.051814,"38":0.218359,"39":0.114731,"40":0.066618,"41":0.099927,"42":0.136937,"43":0.577356,"44":0.362698,"45":0.247967,"46":2.279816,"47":3.060727,"48":0.29608,"49":null,"50":null},"chrome":{"4":0.011103,"5":0.003701,"6":null,"7":null,"8":0.007402,"9":null,"10":0.007402,"11":0.07402,"12":0.007402,"13":null,"14":null,"15":0.007402,"16":0.022206,"17":0.03701,"18":0.007402,"19":0.011103,"20":0.011103,"21":0.007402,"22":0.011103,"23":0.018505,"24":0.055515,"25":0.136937,"26":0.011103,"27":0.044412,"28":0.092525,"29":0.044412,"30":0.059216,"31":0.044412,"32":0.018505,"33":0.155442,"34":0.029608,"35":0.018505,"36":0.044412,"37":0.022206,"38":0.03701,"39":0.107329,"40":0.033309,"41":0.022206,"42":0.029608,"43":0.310884,"44":0.162844,"45":0.310884,"46":0.133236,"47":0.162844,"48":0.351595,"49":0.743901,"50":4.119213,"51":10.262873,"52":0.088824,"53":0.103628,"54":null},"opera":{"9":null,"9.5-9.6":null,"10.0-10.1":0,"10.5":null,"10.6":null,"11":0.007402,"11.1":null,"11.5":null,"11.6":0.011103,"12":0.007402,"12.1":0.022206,"15":null,"16":0.011103,"17":null,"18":0.007402,"19":null,"20":0.007402,"21":0.007402,"22":0.011103,"23":null,"24":null,"25":null,"26":0.003701,"27":0.003701,"28":0.003701,"29":0.014804,"30":0.007402,"31":null,"32":null,"33":0.007402,"34":0.007402,"35":0.022206,"36":0.051814,"37":0.240565,"38":0.310884,"39":null,"40":null},"safari":{"3.1":null,"3.2":null,"4":0,"5":0.011103,"5.1":0.018505,"6":0.003701,"6.1":0.007402,"7":0.011103,"7.1":0.011103,"8":0.099927,"9":0.103628,"9.1":0.510738,"10":null,"0":null},"ios_saf":{"3.2":0,"4.0-4.1":0,"4.2-4.3":0,"5.0-5.1":0,"6.0-6.1":0,"7.0-7.1":0.192265421525,"8":0,"8.1-8.4":0.385284825095,"9.0-9.2":0.831642195852,"9.3":5.89764755753},"android":{"2.1":0,"2.2":0,"2.3":0.0352196582501,"3":0,"4":0.231862750147,"4.1":0.810052139753,"4.2-4.3":1.71108839665,"4.4":4.51105122754,"4.4.3-4.4.4":2.69723882766,"50":null},"op_mob":{"10":0,"11":0,"11.1":0,"11.5":0,"12":0,"12.1":0.00993631729323,"0":0.437197960902},"ie":{"5.5":null,"6":0.0333502240099,"7":0.0481725457921,"8":0.918983950495,"9":0.429847331683,"10":0.455786394802,"11":4.0353771052},"bb":{"7":0.01417275,"10":null},"ie_mob":{"10":0.0595541818182,"11":0.167209818182},"edge":{"12":0.207256,"13":0.388605,"14":null},"and_ff":{"0":0.132279},"and_uc":{"0":5.895864},"op_mini":{"5.0-8.0":6.1605167218},"and_chr":{"0":28.799874},"samsung":{"0":4.478589}},"total":98.403306302}