{"id":"AG","name":"Antigua and Barbuda","month":"2016-06","access_date":"2016-07-06","data":{"firefox":{"2":0.010694,"3":0.021388,"3.5":0.026735,"3.6":0.042776,"4":0.037429,"5":0.021388,"6":0.016041,"7":0.021388,"8":0.005347,"9":0.005347,"10":0.021388,"11":0.026735,"12":0.016041,"13":null,"14":0.090899,"15":0.010694,"16":0.037429,"17":0.032082,"18":0.016041,"19":0.021388,"20":0.026735,"21":1.759163,"22":0.256656,"23":0.288738,"24":0.245962,"25":0.315473,"26":null,"27":0.16041,"28":0.181798,"29":0.278044,"30":0.005347,"31":0.368943,"32":0.005347,"33":0.090899,"34":0.224574,"35":0.005347,"36":0.101593,"37":1.502507,"38":0.021388,"39":0.010694,"40":0.021388,"41":0.05347,"42":0.042776,"43":0.074858,"44":0.026735,"45":0.05347,"46":0.978501,"47":1.796592,"48":0.026735,"49":null,"50":null},"chrome":{"4":0.032082,"5":0.010694,"6":0.005347,"7":0.021388,"8":null,"9":0.010694,"10":0.016041,"11":0.026735,"12":0.026735,"13":0.010694,"14":0.010694,"15":0.010694,"16":0.010694,"17":null,"18":0.016041,"19":0.016041,"20":0.016041,"21":null,"22":0.026735,"23":0.005347,"24":0.064164,"25":null,"26":0.005347,"27":0.753927,"28":0.310126,"29":0.711151,"30":0.336861,"31":0.379637,"32":0.422413,"33":0.080205,"34":0.165757,"35":0.395678,"36":0.769968,"37":0.914337,"38":0.176451,"39":0.021388,"40":0.016041,"41":3.122648,"42":0.032082,"43":0.203186,"44":0.037429,"45":0.090899,"46":0.112287,"47":0.085552,"48":0.368943,"49":1.010583,"50":3.865881,"51":9.790357,"52":0.224574,"53":0.05347,"54":null},"opera":{"9":null,"9.5-9.6":0.016041,"10.0-10.1":0.010694,"10.5":null,"10.6":0.005347,"11":0.021388,"11.1":0.026735,"11.5":0.037429,"11.6":0.187145,"12":0.358249,"12.1":0.438454,"15":null,"16":null,"17":null,"18":null,"19":null,"20":null,"21":null,"22":null,"23":null,"24":null,"25":null,"26":null,"27":0.010694,"28":2.577254,"29":0.032082,"30":null,"31":null,"32":null,"33":null,"34":null,"35":0.021388,"36":null,"37":0.171104,"38":0.37429,"39":null,"40":null},"safari":{"3.1":null,"3.2":null,"4":0.016041,"5":0.342208,"5.1":0.278044,"6":null,"6.1":0.042776,"7":0.101593,"7.1":0.005347,"8":1.331403,"9":0.208533,"9.1":1.085441,"10":null,"0":null},"ios_saf":{"3.2":0,"4.0-4.1":0,"4.2-4.3":0,"5.0-5.1":0,"6.0-6.1":0,"7.0-7.1":0.214214735321,"8":0,"8.1-8.4":0.429269528428,"9.0-9.2":0.926583737488,"9.3":6.57093199876},"android":{"2.1":0,"2.2":0,"2.3":0.0179961103934,"3":0,"4":0.118474393423,"4.1":0.413910539049,"4.2-4.3":0.874311029947,"4.4":2.30500180622,"4.4.3-4.4.4":1.37820212096,"50":null},"op_mob":{"10":0,"11":0,"11.1":0,"11.5":0,"12":0,"12.1":0.000909413533835,"0":0.0400141954887},"ie":{"5.5":0.0113748474204,"6":0.0113748474204,"7":0.0113748474204,"8":0.739365082327,"9":0.870175827662,"10":0.699553116356,"11":2.83802443139},"bb":{"7":0.745483,"10":null},"ie_mob":{"10":1.34757632323,"11":3.78357967677},"edge":{"12":0.203186,"13":1.630835,"14":null},"and_ff":{"0":0.409376},"and_uc":{"0":0.358204},"op_mini":{"5.0-8.0":0.563836390977},"and_chr":{"0":24.358658},"samsung":{"0":2.084096}},"total":95.854985}