{"id":"AI","name":"Anguilla","month":"2016-06","access_date":"2016-07-06","data":{"firefox":{"2":0.019278,"3":null,"3.5":null,"3.6":0.038556,"4":null,"5":null,"6":null,"7":null,"8":null,"9":null,"10":null,"11":null,"12":null,"13":null,"14":null,"15":0.012852,"16":null,"17":null,"18":null,"19":null,"20":0.025704,"21":0.038556,"22":null,"23":null,"24":null,"25":null,"26":null,"27":null,"28":null,"29":null,"30":null,"31":null,"32":null,"33":null,"34":null,"35":null,"36":null,"37":null,"38":null,"39":null,"40":0.012852,"41":0.006426,"42":null,"43":0.019278,"44":0.06426,"45":0.12852,"46":3.69495,"47":6.862968,"48":0.038556,"49":null,"50":null},"chrome":{"4":null,"5":null,"6":null,"7":null,"8":null,"9":null,"10":null,"11":0.012852,"12":null,"13":null,"14":null,"15":null,"16":0.019278,"17":null,"18":null,"19":0.12852,"20":null,"21":null,"22":0.038556,"23":0.051408,"24":null,"25":0.070686,"26":0.012852,"27":null,"28":0.051408,"29":null,"30":null,"31":0.012852,"32":0.025704,"33":0.089964,"34":0.122094,"35":0.019278,"36":0.089964,"37":null,"38":0.70686,"39":0.038556,"40":null,"41":0.012852,"42":0.012852,"43":0.057834,"44":0.006426,"45":0.218484,"46":0.012852,"47":0.051408,"48":0.186354,"49":1.548666,"50":7.608384,"51":19.303704,"52":1.015308,"53":0.12852,"54":null},"opera":{"9":null,"9.5-9.6":null,"10.0-10.1":0,"10.5":null,"10.6":null,"11":null,"11.1":null,"11.5":null,"11.6":null,"12":null,"12.1":null,"15":null,"16":null,"17":null,"18":null,"19":null,"20":null,"21":null,"22":null,"23":null,"24":null,"25":null,"26":null,"27":null,"28":null,"29":0.057834,"30":null,"31":null,"32":null,"33":null,"34":null,"35":null,"36":null,"37":0.154224,"38":0.083538,"39":null,"40":null},"safari":{"3.1":null,"3.2":null,"4":0,"5":null,"5.1":0.06426,"6":0.006426,"6.1":0.044982,"7":null,"7.1":0.006426,"8":0.86751,"9":0.880362,"9.1":2.268378,"10":null,"0":null},"ios_saf":{"3.2":0,"4.0-4.1":0,"4.2-4.3":0,"5.0-5.1":0,"6.0-6.1":0,"7.0-7.1":0.206518266433,"8":0,"8.1-8.4":0.41384640842,"9.0-9.2":0.893292736766,"9.3":6.33484658838},"android":{"2.1":0,"2.2":0,"2.3":0.0122519154433,"3":0,"4":0.0806584433353,"4.1":0.281794055197,"4.2-4.3":0.595238891955,"4.4":1.5692661697,"4.4.3-4.4.4":0.938292524369,"50":null},"op_mob":{"10":0,"11":0,"11.1":0,"11.5":0,"12":0,"12.1":0.000257972932331,"0":0.0113508090226},"ie":{"5.5":null,"6":null,"7":0.0321542857143,"8":0.135048,"9":0.147909714286,"10":0.347266285714,"11":7.84564571429},"bb":{"7":0.166191,"10":null},"ie_mob":{"10":0.0657038383838,"11":0.184476161616},"edge":{"12":0.77112,"13":4.029102,"14":null},"and_ff":{"0":0.014296},"and_uc":{"0":0.121516},"op_mini":{"5.0-8.0":0.159943218045},"and_chr":{"0":22.110868},"samsung":{"0":4.2888}},"total":98.808827}