{"id":"AL","name":"Albania","month":"2016-06","access_date":"2016-07-06","data":{"firefox":{"2":null,"3":0.05526,"3.5":null,"3.6":0.02763,"4":0.013815,"5":null,"6":0.032235,"7":null,"8":null,"9":null,"10":0.00921,"11":0.013815,"12":0.00921,"13":null,"14":0.02763,"15":0.004605,"16":null,"17":0.00921,"18":0.004605,"19":null,"20":0.01842,"21":0.004605,"22":0.01842,"23":0.00921,"24":0.032235,"25":0.00921,"26":null,"27":0.004605,"28":0.00921,"29":0.01842,"30":0.01842,"31":0.01842,"32":0.023025,"33":0.032235,"34":0.032235,"35":0.023025,"36":0.0921,"37":0.032235,"38":0.050655,"39":0.041445,"40":0.059865,"41":0.08289,"42":0.050655,"43":0.23025,"44":0.078285,"45":0.133545,"46":1.561095,"47":2.68932,"48":0.069075,"49":null,"50":null},"chrome":{"4":null,"5":0.00921,"6":0.00921,"7":null,"8":0.004605,"9":0.00921,"10":0.00921,"11":0.041445,"12":0.013815,"13":null,"14":0.004605,"15":null,"16":0.004605,"17":0.004605,"18":0.013815,"19":null,"20":null,"21":0.004605,"22":0.041445,"23":0.004605,"24":null,"25":0.004605,"26":0.013815,"27":0.01842,"28":0.02763,"29":2.914965,"30":0.01842,"31":0.01842,"32":0.00921,"33":0.050655,"34":0.03684,"35":0.01842,"36":0.04605,"37":0.02763,"38":0.032235,"39":0.10131,"40":0.07368,"41":0.059865,"42":0.03684,"43":0.161175,"44":0.11973,"45":0.124335,"46":0.161175,"47":0.373005,"48":0.308535,"49":5.189835,"50":6.30885,"51":18.46605,"52":0.087495,"53":0.078285,"54":null},"opera":{"9":null,"9.5-9.6":null,"10.0-10.1":0,"10.5":null,"10.6":null,"11":null,"11.1":null,"11.5":null,"11.6":null,"12":null,"12.1":0.01842,"15":null,"16":null,"17":null,"18":null,"19":null,"20":null,"21":null,"22":null,"23":null,"24":null,"25":null,"26":null,"27":null,"28":null,"29":null,"30":null,"31":null,"32":0.004605,"33":null,"34":0.00921,"35":0.00921,"36":0.078285,"37":0.115125,"38":0.253275,"39":null,"40":null},"safari":{"3.1":null,"3.2":null,"4":0.004605,"5":0.00921,"5.1":0.013815,"6":null,"6.1":0.013815,"7":0.013815,"7.1":0.00921,"8":0.032235,"9":0.06447,"9.1":0.23025,"10":null,"0":null},"ios_saf":{"3.2":0,"4.0-4.1":0,"4.2-4.3":0,"5.0-5.1":0,"6.0-6.1":0,"7.0-7.1":0.325795983387,"8":0,"8.1-8.4":0.652869598081,"9.0-9.2":1.40922733206,"9.3":9.99363208647},"android":{"2.1":0,"2.2":0,"2.3":0.030754351145,"3":0,"4":0.202466145038,"4.1":0.707350076336,"4.2-4.3":1.49414889313,"4.4":3.93911980916,"4.4.3-4.4.4":2.35527072519,"50":null},"op_mob":{"10":0,"11":0,"11.1":0,"11.5":0,"12":0,"12.1":0.00382923308271,"0":0.168486255639},"ie":{"5.5":null,"6":0.0288671641791,"7":0.0192447761194,"8":0.442629850746,"9":0.129902238806,"10":0.096223880597,"11":0.894882089552},"bb":{"7":0.070135,"10":null},"ie_mob":{"10":0.406641313131,"11":1.14172368687},"edge":{"12":0.032235,"13":0.308535,"14":null},"and_ff":{"0":0.037765},"and_uc":{"0":0.39923},"op_mini":{"5.0-8.0":2.37412451128},"and_chr":{"0":26.05054},"samsung":{"0":3.058965}},"total":98.366955}