{"id":"an","name":"Antarctica","month":"2016-06","access_date":"2016-07-06","data":{"firefox":{"2":null,"3":null,"3.5":null,"3.6":0.059458,"4":null,"5":null,"6":null,"7":null,"8":null,"9":0.033976,"10":null,"11":null,"12":null,"13":null,"14":null,"15":null,"16":null,"17":null,"18":null,"19":null,"20":null,"21":null,"22":null,"23":null,"24":null,"25":null,"26":null,"27":null,"28":null,"29":null,"30":null,"31":0.373736,"32":null,"33":null,"34":null,"35":null,"36":null,"37":null,"38":0.12741,"39":null,"40":null,"41":null,"42":0.21235,"43":5.121882,"44":null,"45":0.186868,"46":1.758258,"47":4.323446,"48":null,"49":null,"50":null},"chrome":{"4":null,"5":null,"6":null,"7":null,"8":null,"9":null,"10":null,"11":null,"12":null,"13":null,"14":null,"15":null,"16":null,"17":null,"18":null,"19":null,"20":null,"21":null,"22":null,"23":null,"24":null,"25":null,"26":null,"27":0.033976,"28":null,"29":0.033976,"30":0.033976,"31":null,"32":null,"33":null,"34":null,"35":null,"36":null,"37":0.033976,"38":null,"39":null,"40":null,"41":0.033976,"42":null,"43":3.117298,"44":null,"45":null,"46":null,"47":null,"48":null,"49":1.452474,"50":21.70217,"51":14.320884,"52":0.059458,"53":null,"54":null},"opera":{"9":null,"9.5-9.6":null,"10.0-10.1":0,"10.5":null,"10.6":null,"11":null,"11.1":null,"11.5":null,"11.6":null,"12":null,"12.1":null,"15":null,"16":null,"17":null,"18":null,"19":null,"20":null,"21":null,"22":null,"23":null,"24":null,"25":null,"26":null,"27":null,"28":null,"29":null,"30":0.033976,"31":null,"32":null,"33":null,"34":null,"35":null,"36":null,"37":null,"38":null,"39":null,"40":null},"safari":{"3.1":null,"3.2":null,"4":0,"5":0.033976,"5.1":0.093434,"6":null,"6.1":0.059458,"7":null,"7.1":null,"8":9.504786,"9":7.00755,"9.1":4.84158,"10":null,"0":null},"ios_saf":{"3.2":0,"4.0-4.1":0,"4.2-4.3":0,"5.0-5.1":0,"6.0-6.1":0,"7.0-7.1":0.168885544835,"8":0,"8.1-8.4":0.338433385925,"9.0-9.2":0.730512768445,"9.3":5.18048130079},"android":{"2.1":0,"2.2":0,"2.3":0.000419446858485,"3":0,"4":0.00276135848503,"4.1":0.00964727774516,"4.2-4.3":0.0203781265414,"4.4":0.053724151791,"4.4.3-4.4.4":0.032122638579,"50":null},"op_mob":{"10":0,"11":0,"11.1":0,"11.5":0,"12":0,"12.1":0,"0":0},"ie":{"5.5":null,"6":null,"7":null,"8":0.186868,"9":null,"10":0.373736,"11":5.215316},"bb":{"7":0,"10":null},"ie_mob":{"10":0.0209762222222,"11":0.0588947777778},"edge":{"12":0.059458,"13":1.35904,"14":null},"and_ff":{"0":0.159742},"and_uc":{"0":null},"op_mini":{"5.0-8.0":0},"and_chr":{"0":8.505645},"samsung":{"0":2.112814}},"total":99.184164}