{"id":"af","name":"Africa","month":"2016-06","access_date":"2016-07-06","data":{"firefox":{"2":0.29932,"3":0.068416,"3.5":0.008552,"3.6":0.094072,"4":0.04276,"5":0.038484,"6":0.012828,"7":0.02138,"8":0.034208,"9":0.029932,"10":0.029932,"11":0.059864,"12":0.059864,"13":0.059864,"14":0.025656,"15":0.354908,"16":0.055588,"17":0.025656,"18":0.329252,"19":0.059864,"20":0.055588,"21":0.354908,"22":0.051312,"23":0.329252,"24":0.06414,"25":0.667056,"26":0.115452,"27":0.1069,"28":0.162488,"29":0.17104,"30":0.179592,"31":0.196696,"32":0.115452,"33":0.072692,"34":0.08552,"35":0.102624,"36":0.115452,"37":0.136832,"38":0.158212,"39":0.098348,"40":0.098348,"41":0.081244,"42":0.072692,"43":0.346356,"44":0.153936,"45":0.200972,"46":1.740332,"47":2.616912,"48":0.196696,"49":0.004276,"50":null},"chrome":{"4":0.034208,"5":0.029932,"6":0.017104,"7":0.004276,"8":0.004276,"9":0.029932,"10":0.008552,"11":0.081244,"12":0.038484,"13":0.004276,"14":0.008552,"15":0.012828,"16":0.038484,"17":0.051312,"18":0.025656,"19":0.303596,"20":0.06414,"21":0.038484,"22":0.017104,"23":0.04276,"24":0.880856,"25":0.06414,"26":0.119728,"27":0.06414,"28":0.089796,"29":0.312148,"30":0.376288,"31":0.200972,"32":0.222352,"33":0.474636,"34":0.290768,"35":0.799612,"36":0.265112,"37":0.29932,"38":0.188144,"39":0.29932,"40":0.380564,"41":0.376288,"42":0.350632,"43":1.43246,"44":0.419048,"45":0.34208,"46":0.158212,"47":0.2138,"48":0.346356,"49":1.641984,"50":2.916232,"51":8.192816,"52":0.06414,"53":0.04276,"54":null},"opera":{"9":null,"9.5-9.6":null,"10.0-10.1":0.295044,"10.5":null,"10.6":null,"11":0.017104,"11.1":null,"11.5":null,"11.6":0.034208,"12":0.004276,"12.1":0.038484,"15":0.012828,"16":null,"17":0.012828,"18":0.017104,"19":0.04276,"20":0.06414,"21":0.059864,"22":0.038484,"23":0.038484,"24":null,"25":null,"26":0.008552,"27":null,"28":0.034208,"29":0.034208,"30":0.025656,"31":0.012828,"32":0.008552,"33":0.012828,"34":0.02138,"35":0.029932,"36":0.068416,"37":0.188144,"38":0.329252,"39":0.004276,"40":null},"safari":{"3.1":null,"3.2":null,"4":0.004276,"5":0.303596,"5.1":0.02138,"6":0.017104,"6.1":0.008552,"7":0.025656,"7.1":0.02138,"8":0.059864,"9":0.072692,"9.1":0.226628,"10":null,"0":null},"ios_saf":{"3.2":0,"4.0-4.1":0,"4.2-4.3":0,"5.0-5.1":0,"6.0-6.1":0,"7.0-7.1":0.047293435146,"8":0,"8.1-8.4":0.0947723347436,"9.0-9.2":0.204567290063,"9.3":1.45070294005},"android":{"2.1":0,"2.2":0,"2.3":0.0150242395772,"3":0,"4":0.0989095772167,"4.1":0.345557510276,"4.2-4.3":0.72992763946,"4.4":1.92435468585,"4.4.3-4.4.4":1.15060634762,"50":null},"op_mob":{"10":0,"11":0,"11.1":0,"11.5":0,"12":0,"12.1":0.0476598315789,"0":2.09703258947},"ie":{"5.5":null,"6":0.0129898675079,"7":0.0259797350158,"8":1.03485944479,"9":0.775062094637,"10":0.814031697161,"11":1.45486516088},"bb":{"7":0.347733,"10":null},"ie_mob":{"10":0.258562909091,"11":0.725965090909},"edge":{"12":0.081244,"13":0.295044,"14":null},"and_ff":{"0":0.08586},"and_uc":{"0":3.073788},"op_mini":{"5.0-8.0":29.5490955789},"and_chr":{"0":12.551228},"samsung":{"0":2.129328}},"total":96.878637}