{"id":"oc","name":"Oceania","month":"2016-06","access_date":"2016-07-06","data":{"firefox":{"2":null,"3":null,"3.5":null,"3.6":0.012072,"4":null,"5":null,"6":null,"7":null,"8":null,"9":null,"10":null,"11":null,"12":0.006036,"13":null,"14":null,"15":null,"16":0.012072,"17":null,"18":null,"19":null,"20":0.108648,"21":0.006036,"22":null,"23":null,"24":0.006036,"25":null,"26":0.006036,"27":null,"28":0.006036,"29":0.012072,"30":0.012072,"31":0.018108,"32":0.012072,"33":0.012072,"34":0.03018,"35":0.018108,"36":0.018108,"37":0.03018,"38":0.175044,"39":0.048288,"40":0.03018,"41":0.054324,"42":0.054324,"43":0.108648,"44":0.084504,"45":0.253512,"46":2.402328,"47":4.007904,"48":0.06036,"49":null,"50":null},"chrome":{"4":null,"5":null,"6":null,"7":null,"8":null,"9":null,"10":null,"11":0.018108,"12":null,"13":null,"14":null,"15":null,"16":null,"17":null,"18":0.006036,"19":null,"20":null,"21":0.006036,"22":0.018108,"23":null,"24":null,"25":0.006036,"26":0.03018,"27":null,"28":null,"29":0.12072,"30":0.012072,"31":0.066396,"32":0.018108,"33":0.048288,"34":0.054324,"35":0.036216,"36":0.042252,"37":0.036216,"38":0.048288,"39":0.072432,"40":0.054324,"41":0.072432,"42":0.09054,"43":0.156936,"44":0.132792,"45":0.42252,"46":0.156936,"47":0.229368,"48":0.289728,"49":1.937556,"50":8.830668,"51":19.297092,"52":0.084504,"53":0.06036,"54":null},"opera":{"9":null,"9.5-9.6":null,"10.0-10.1":0,"10.5":null,"10.6":null,"11":null,"11.1":null,"11.5":null,"11.6":null,"12":null,"12.1":0.03018,"15":null,"16":null,"17":null,"18":null,"19":null,"20":null,"21":null,"22":null,"23":null,"24":null,"25":null,"26":null,"27":null,"28":0.012072,"29":null,"30":null,"31":null,"32":null,"33":null,"34":0.012072,"35":null,"36":0.018108,"37":0.096576,"38":0.138828,"39":null,"40":null},"safari":{"3.1":null,"3.2":null,"4":0.012072,"5":0.06036,"5.1":0.205224,"6":0.03018,"6.1":0.175044,"7":0.102612,"7.1":0.048288,"8":0.627744,"9":1.152876,"9.1":3.7725,"10":null,"0":null},"ios_saf":{"3.2":0,"4.0-4.1":0,"4.2-4.3":0,"5.0-5.1":0,"6.0-6.1":0,"7.0-7.1":0.561093937674,"8":0,"8.1-8.4":1.12438824373,"9.0-9.2":2.42700632649,"9.3":17.2112814921},"android":{"2.1":0,"2.2":0,"2.3":0.00558778625954,"3":0,"4":0.036786259542,"4.1":0.128519083969,"4.2-4.3":0.271473282443,"4.4":0.715702290076,"4.4.3-4.4.4":0.42793129771,"50":null},"op_mob":{"10":0,"11":0,"11.1":0,"11.5":0,"12":0,"12.1":0.000339857142857,"0":0.0149537142857},"ie":{"5.5":null,"6":0.00610805898876,"7":0.0122161179775,"8":0.280970713483,"9":0.421456070225,"10":0.415348011236,"11":7.54956091011},"bb":{"7":0.01090375,"10":null},"ie_mob":{"10":0.11870969697,"11":0.33330030303},"edge":{"12":0.193152,"13":2.77656,"14":0.006036},"and_ff":{"0":0.04758},"and_uc":{"0":0.85644},"op_mini":{"5.0-8.0":0.210711428571},"and_chr":{"0":12.385774},"samsung":{"0":3.802435}},"total":98.907993632}