{"id":"na","name":"North America","month":"2016-06","access_date":"2016-07-06","data":{"firefox":{"2":null,"3":0.018489,"3.5":null,"3.6":0.018489,"4":0.006163,"5":null,"6":0.018489,"7":null,"8":null,"9":null,"10":null,"11":0.012326,"12":0.012326,"13":null,"14":null,"15":null,"16":0.012326,"17":null,"18":null,"19":null,"20":0.018489,"21":0.018489,"22":0.006163,"23":0.006163,"24":0.018489,"25":0.018489,"26":0.012326,"27":0.018489,"28":0.024652,"29":0.024652,"30":0.018489,"31":0.067793,"32":0.018489,"33":0.030815,"34":0.049304,"35":0.043141,"36":0.043141,"37":0.043141,"38":0.166401,"39":0.06163,"40":0.055467,"41":0.067793,"42":0.080119,"43":0.160238,"44":0.104771,"45":0.271172,"46":2.422059,"47":3.784082,"48":0.036978,"49":null,"50":null},"chrome":{"4":null,"5":null,"6":null,"7":null,"8":null,"9":null,"10":0.018489,"11":0.024652,"12":null,"13":null,"14":null,"15":null,"16":null,"17":null,"18":0.012326,"19":0.006163,"20":null,"21":0.018489,"22":0.018489,"23":0.012326,"24":0.006163,"25":0.018489,"26":0.006163,"27":0.018489,"28":0.012326,"29":2.4652,"30":0.006163,"31":0.036978,"32":0.030815,"33":0.030815,"34":0.030815,"35":0.036978,"36":0.036978,"37":0.055467,"38":0.049304,"39":0.067793,"40":0.073956,"41":0.147912,"42":0.073956,"43":0.277335,"44":0.135586,"45":0.172564,"46":0.166401,"47":0.234194,"48":0.702582,"49":2.261821,"50":8.030389,"51":17.244074,"52":0.086282,"53":0.049304,"54":null},"opera":{"9":null,"9.5-9.6":null,"10.0-10.1":0,"10.5":null,"10.6":null,"11":null,"11.1":null,"11.5":null,"11.6":null,"12":null,"12.1":0.030815,"15":null,"16":null,"17":null,"18":null,"19":null,"20":null,"21":null,"22":null,"23":null,"24":null,"25":null,"26":null,"27":0.018489,"28":0.024652,"29":0.018489,"30":0.018489,"31":0.012326,"32":null,"33":null,"34":0.006163,"35":null,"36":0.024652,"37":0.098608,"38":0.135586,"39":null,"40":null},"safari":{"3.1":null,"3.2":null,"4":0.030815,"5":0.067793,"5.1":0.18489,"6":0.018489,"6.1":0.141749,"7":0.073956,"7.1":0.043141,"8":0.382106,"9":0.659441,"9.1":3.026033,"10":null,"0":null},"ios_saf":{"3.2":0,"4.0-4.1":0,"4.2-4.3":0,"5.0-5.1":0,"6.0-6.1":0,"7.0-7.1":0.463522349087,"8":0,"8.1-8.4":0.928862432876,"9.0-9.2":2.00496137664,"9.3":14.2183208414},"android":{"2.1":0,"2.2":0,"2.3":0.00582647210804,"3":0,"4":0.0383576080446,"4.1":0.134008858485,"4.2-4.3":0.283069436583,"4.4":0.746273969172,"4.4.3-4.4.4":0.446210655608,"50":null},"op_mob":{"10":0,"11":0,"11.1":0,"11.5":0,"12":0,"12.1":0.000623151879699,"0":0.0274186827068},"ie":{"5.5":null,"6":0.05011134952,"7":0.03131959345,"8":0.701558893281,"9":0.563752682101,"10":0.557488763411,"11":9.12652953134},"bb":{"7":0.0633105,"10":null},"ie_mob":{"10":0.113869757576,"11":0.319711242424},"edge":{"12":0.147912,"13":2.40357,"14":0.024652},"and_ff":{"0":0.049881},"and_uc":{"0":0.280101},"op_mini":{"5.0-8.0":0.386354165414},"and_chr":{"0":16.276579},"samsung":{"0":2.820195}},"total":98.6972923131}