{"id":"sa","name":"South America","month":"2016-06","access_date":"2016-07-06","data":{"firefox":{"2":null,"3":0.020958,"3.5":0.006986,"3.6":0.041916,"4":null,"5":null,"6":0.03493,"7":null,"8":0.062874,"9":null,"10":null,"11":null,"12":0.020958,"13":null,"14":0.006986,"15":0.013972,"16":0.013972,"17":0.013972,"18":0.006986,"19":null,"20":0.020958,"21":0.013972,"22":0.006986,"23":0.013972,"24":0.013972,"25":0.020958,"26":0.013972,"27":0.03493,"28":0.013972,"29":0.020958,"30":0.020958,"31":0.048902,"32":0.013972,"33":0.041916,"34":0.027944,"35":0.027944,"36":0.027944,"37":0.03493,"38":0.090818,"39":0.055888,"40":0.055888,"41":0.062874,"42":0.076846,"43":0.20958,"44":0.10479,"45":0.202594,"46":2.214562,"47":3.765454,"48":0.041916,"49":null,"50":null},"chrome":{"4":null,"5":null,"6":0.006986,"7":null,"8":null,"9":null,"10":null,"11":0.020958,"12":0.006986,"13":null,"14":null,"15":null,"16":null,"17":null,"18":0.020958,"19":null,"20":0.006986,"21":0.006986,"22":0.048902,"23":0.006986,"24":0.006986,"25":0.013972,"26":0.03493,"27":0.020958,"28":0.006986,"29":0.642712,"30":0.013972,"31":0.041916,"32":0.076846,"33":0.03493,"34":0.062874,"35":0.06986,"36":0.17465,"37":0.055888,"38":0.06986,"39":0.083832,"40":0.062874,"41":0.06986,"42":0.062874,"43":0.293412,"44":0.167664,"45":0.181636,"46":0.3493,"47":0.468062,"48":0.405188,"49":4.170642,"50":11.813326,"51":33.309248,"52":0.160678,"53":0.076846,"54":null},"opera":{"9":null,"9.5-9.6":null,"10.0-10.1":0,"10.5":null,"10.6":null,"11":null,"11.1":null,"11.5":null,"11.6":null,"12":null,"12.1":0.020958,"15":null,"16":null,"17":null,"18":null,"19":null,"20":null,"21":null,"22":null,"23":null,"24":null,"25":null,"26":null,"27":null,"28":0.006986,"29":0.006986,"30":null,"31":null,"32":null,"33":null,"34":0.006986,"35":0.013972,"36":0.041916,"37":0.17465,"38":0.307384,"39":null,"40":null},"safari":{"3.1":null,"3.2":null,"4":0.006986,"5":0.020958,"5.1":0.03493,"6":0.006986,"6.1":0.027944,"7":0.027944,"7.1":0.013972,"8":0.132734,"9":0.216566,"9.1":0.831334,"10":null,"0":null},"ios_saf":{"3.2":0,"4.0-4.1":0,"4.2-4.3":0,"5.0-5.1":0,"6.0-6.1":0,"7.0-7.1":0.0711625245073,"8":0,"8.1-8.4":0.142604117738,"9.0-9.2":0.307812802084,"9.3":2.18287555567},"android":{"2.1":0,"2.2":0,"2.3":0.0123751321198,"3":0,"4":0.0814696197886,"4.1":0.284628038755,"4.2-4.3":0.60122516882,"4.4":1.58504817234,"4.4.3-4.4.4":0.947728868174,"50":null},"op_mob":{"10":0,"11":0,"11.1":0,"11.5":0,"12":0,"12.1":0.0019767518797,"0":0.0869770827068},"ie":{"5.5":null,"6":0.0356993832599,"7":0.0214196299559,"8":0.514071118943,"9":0.299874819383,"10":0.271315312775,"11":2.09198385903},"bb":{"7":0.05050125,"10":null},"ie_mob":{"10":0.346024545455,"11":0.971530454545},"edge":{"12":0.118762,"13":0.782432,"14":null},"and_ff":{"0":0.027135},"and_uc":{"0":0.41004},"op_mini":{"5.0-8.0":1.22558616541},"and_chr":{"0":21.331647},"samsung":{"0":1.142685}},"total":98.5201933733}