{"id":"as","name":"Asia","month":"2016-06","access_date":"2016-07-06","data":{"firefox":{"2":null,"3":0.068765,"3.5":0.004045,"3.6":0.02427,"4":0.012135,"5":0.004045,"6":0.0809,"7":0.004045,"8":0.020225,"9":0.00809,"10":0.00809,"11":0.012135,"12":0.020225,"13":0.00809,"14":0.012135,"15":0.012135,"16":0.01618,"17":0.00809,"18":0.012135,"19":0.012135,"20":0.012135,"21":0.020225,"22":0.00809,"23":0.012135,"24":0.012135,"25":0.012135,"26":0.012135,"27":0.012135,"28":0.012135,"29":0.028315,"30":0.02427,"31":0.028315,"32":0.01618,"33":0.02427,"34":0.03236,"35":0.036405,"36":0.03236,"37":0.04045,"38":0.060675,"39":0.052585,"40":0.04854,"41":0.052585,"42":0.06472,"43":0.20225,"44":0.125395,"45":0.15371,"46":1.24586,"47":2.07104,"48":0.19416,"49":null,"50":null},"chrome":{"4":0.004045,"5":0.004045,"6":0.00809,"7":0.004045,"8":0.004045,"9":null,"10":0.00809,"11":0.04045,"12":0.01618,"13":0.00809,"14":0.00809,"15":0.00809,"16":0.00809,"17":0.00809,"18":0.012135,"19":0.00809,"20":0.012135,"21":0.02427,"22":0.052585,"23":0.012135,"24":0.012135,"25":0.020225,"26":0.03236,"27":0.020225,"28":0.02427,"29":0.262925,"30":0.028315,"31":0.19416,"32":0.02427,"33":0.0809,"34":0.044495,"35":0.03236,"36":0.03236,"37":0.028315,"38":0.044495,"39":0.068765,"40":0.05663,"41":0.052585,"42":0.141575,"43":0.30742,"44":0.125395,"45":1.039565,"46":0.214385,"47":0.33978,"48":0.38023,"49":2.19239,"50":5.40412,"51":14.460875,"52":0.101125,"53":0.109215,"54":null},"opera":{"9":null,"9.5-9.6":null,"10.0-10.1":0,"10.5":null,"10.6":null,"11":null,"11.1":null,"11.5":null,"11.6":0.004045,"12":0.004045,"12.1":0.03236,"15":null,"16":null,"17":null,"18":null,"19":null,"20":null,"21":null,"22":null,"23":null,"24":null,"25":null,"26":null,"27":null,"28":0.01618,"29":null,"30":0.004045,"31":null,"32":0.004045,"33":0.004045,"34":0.028315,"35":0.00809,"36":0.028315,"37":0.12135,"38":0.20225,"39":null,"40":null},"safari":{"3.1":null,"3.2":null,"4":0.004045,"5":0.01618,"5.1":0.036405,"6":0.00809,"6.1":0.020225,"7":0.020225,"7.1":0.00809,"8":0.08899,"9":0.12135,"9.1":0.45304,"10":null,"0":null},"ios_saf":{"3.2":0,"4.0-4.1":0,"4.2-4.3":0,"5.0-5.1":0,"6.0-6.1":0,"7.0-7.1":0.174087429058,"8":0,"8.1-8.4":0.348857553916,"9.0-9.2":0.75301346765,"9.3":5.34004654938},"android":{"2.1":0,"2.2":0,"2.3":0.0179594128009,"3":0,"4":0.11823280094,"4.1":0.413066494422,"4.2-4.3":0.872528138579,"4.4":2.30030145625,"4.4.3-4.4.4":1.37539169701,"50":null},"op_mob":{"10":0,"11":0,"11.1":0,"11.5":0,"12":0,"12.1":0.00938472180451,"0":0.412927759398},"ie":{"5.5":null,"6":0.0519639834025,"7":0.0346426556017,"8":0.701513775934,"9":0.355087219917,"10":0.320444564315,"11":2.70212713693},"bb":{"7":0.0684825,"10":null},"ie_mob":{"10":0.170469393939,"11":0.478625606061},"edge":{"12":0.07281,"13":0.52585,"14":null},"and_ff":{"0":0.03573},"and_uc":{"0":14.74458},"op_mini":{"5.0-8.0":5.8185275188},"and_chr":{"0":23.4187},"samsung":{"0":3.31098}},"total":97.3022868361}