{"id":"ww","name":"Worldwide","month":"2016-06","access_date":"2016-07-06","data":{"firefox":{"2":0.02132,"3":0.04264,"3.5":0.00533,"3.6":0.03198,"4":0.01066,"5":0.00533,"6":0.04264,"7":null,"8":0.01599,"9":0.00533,"10":0.01066,"11":0.01599,"12":0.02132,"13":0.01066,"14":0.01066,"15":0.02665,"16":0.02132,"17":0.01066,"18":0.02665,"19":0.01066,"20":0.01599,"21":0.03731,"22":0.01066,"23":0.02665,"24":0.02132,"25":0.06396,"26":0.02132,"27":0.02132,"28":0.02665,"29":0.03198,"30":0.03198,"31":0.0533,"32":0.02665,"33":0.03198,"34":0.04264,"35":0.04264,"36":0.04264,"37":0.04797,"38":0.14391,"39":0.06396,"40":0.05863,"41":0.06396,"42":0.1066,"43":0.23452,"44":0.13858,"45":0.27183,"46":2.30256,"47":3.78963,"48":0.12259,"49":null,"50":null},"chrome":{"4":0.00533,"5":null,"6":0.00533,"7":null,"8":null,"9":null,"10":0.01066,"11":0.03731,"12":0.01066,"13":null,"14":null,"15":0.00533,"16":0.01066,"17":0.01066,"18":0.01066,"19":0.02132,"20":0.01066,"21":0.02132,"22":0.03731,"23":0.01599,"24":0.05863,"25":0.02132,"26":0.03198,"27":0.02132,"28":0.02132,"29":1.02336,"30":0.03731,"31":0.13858,"32":0.03731,"33":0.07995,"34":0.05863,"35":0.07995,"36":0.06396,"37":0.05863,"38":0.0533,"39":0.07995,"40":0.07995,"41":0.09594,"42":0.11193,"43":0.34112,"44":0.13858,"45":0.52234,"46":0.19188,"47":0.29848,"48":0.4264,"49":2.42515,"50":6.81707,"51":17.28519,"52":0.09594,"53":0.07995,"54":null},"opera":{"9":null,"9.5-9.6":null,"10.0-10.1":0.01599,"10.5":null,"10.6":null,"11":null,"11.1":null,"11.5":null,"11.6":0.00533,"12":0.01066,"12.1":0.1066,"15":null,"16":null,"17":null,"18":0.01066,"19":null,"20":0.00533,"21":null,"22":null,"23":null,"24":null,"25":null,"26":null,"27":0.00533,"28":0.02132,"29":0.01066,"30":0.01066,"31":0.00533,"32":null,"33":0.00533,"34":0.01599,"35":0.01066,"36":0.05863,"37":0.19188,"38":0.3198,"39":null,"40":null},"safari":{"3.1":null,"3.2":null,"4":0.01599,"5":0.0533,"5.1":0.10127,"6":0.01599,"6.1":0.07462,"7":0.04264,"7.1":0.02132,"8":0.20787,"9":0.36244,"9.1":1.53504,"10":null,"0":null},"ios_saf":{"3.2":0,"4.0-4.1":0,"4.2-4.3":0,"5.0-5.1":0,"6.0-6.1":0,"7.0-7.1":0.232911358477,"8":0,"8.1-8.4":0.46673609483,"9.0-9.2":1.00745579765,"9.3":7.14444174905},"android":{"2.1":0,"2.2":0,"2.3":0.0128857064005,"3":0,"4":0.0848309004698,"4.1":0.296371247211,"4.2-4.3":0.626030569289,"4.4":1.65044422813,"4.4.3-4.4.4":0.986830348503,"50":null},"op_mob":{"10":0,"11":0,"11.1":0,"11.5":0,"12":0,"12.1":0.00756491278195,"0":0.332856162406},"ie":{"5.5":null,"6":0.0383261021277,"7":0.0328509446809,"8":0.629643106383,"9":0.427062280851,"10":0.405161651064,"11":4.87836528511},"bb":{"7":0.0770715,"10":null},"ie_mob":{"10":0.197503090909,"11":0.554527909091},"edge":{"12":0.12259,"13":1.35382,"14":0.01066},"and_ff":{"0":0.04671},"and_uc":{"0":6.651504},"op_mini":{"5.0-8.0":4.69024592481},"and_chr":{"0":19.472223},"samsung":{"0":2.94273}},"total":97.8497938702}