{"id":"eu","name":"Europe","month":"2016-06","access_date":"2016-07-06","data":{"firefox":{"2":null,"3":0.01291,"3.5":0.01291,"3.6":0.05164,"4":0.01291,"5":0.006455,"6":0.019365,"7":null,"8":null,"9":null,"10":0.01291,"11":0.01291,"12":0.02582,"13":null,"14":0.006455,"15":0.006455,"16":0.02582,"17":0.01291,"18":0.006455,"19":0.006455,"20":0.01291,"21":0.01291,"22":0.006455,"23":0.006455,"24":0.02582,"25":0.071005,"26":0.019365,"27":0.01291,"28":0.01291,"29":0.019365,"30":0.019365,"31":0.058095,"32":0.02582,"33":0.032275,"34":0.05164,"35":0.045185,"36":0.05164,"37":0.045185,"38":0.264655,"39":0.083915,"40":0.07746,"41":0.083915,"42":0.200105,"43":0.342115,"44":0.200105,"45":0.43894,"46":4.124745,"47":6.990765,"48":0.06455,"49":0.006455,"50":null},"chrome":{"4":null,"5":null,"6":null,"7":null,"8":null,"9":null,"10":null,"11":0.032275,"12":null,"13":null,"14":null,"15":null,"16":0.01291,"17":0.006455,"18":0.01291,"19":null,"20":null,"21":0.01291,"22":0.03873,"23":0.01291,"24":0.01291,"25":0.01291,"26":0.02582,"27":0.01291,"28":0.01291,"29":0.98116,"30":0.01291,"31":0.15492,"32":0.019365,"33":0.045185,"34":0.045185,"35":0.045185,"36":0.058095,"37":0.071005,"38":0.045185,"39":0.07746,"40":0.06455,"41":0.071005,"42":0.058095,"43":0.161375,"44":0.09037,"45":0.14201,"46":0.135555,"47":0.264655,"48":0.2582,"49":2.704645,"50":7.520075,"51":19.823305,"52":0.09037,"53":0.06455,"54":null},"opera":{"9":null,"9.5-9.6":null,"10.0-10.1":0,"10.5":null,"10.6":null,"11":null,"11.1":null,"11.5":null,"11.6":0.01291,"12":0.032275,"12.1":0.329205,"15":null,"16":null,"17":null,"18":0.02582,"19":null,"20":null,"21":null,"22":null,"23":null,"24":null,"25":null,"26":null,"27":0.006455,"28":0.019365,"29":0.006455,"30":0.006455,"31":null,"32":null,"33":0.006455,"34":0.01291,"35":0.019365,"36":0.14201,"37":0.41312,"38":0.71005,"39":0.006455,"40":null},"safari":{"3.1":null,"3.2":null,"4":0.02582,"5":0.06455,"5.1":0.16783,"6":0.019365,"6.1":0.11619,"7":0.05164,"7.1":0.02582,"8":0.28402,"9":0.561585,"9.1":2.343165,"10":null,"0":null},"ios_saf":{"3.2":0,"4.0-4.1":0,"4.2-4.3":0,"5.0-5.1":0,"6.0-6.1":0,"7.0-7.1":0.245232718502,"8":0,"8.1-8.4":0.491427133939,"9.0-9.2":1.06075171964,"9.3":7.52239342792},"android":{"2.1":0,"2.2":0,"2.3":0.0103414914856,"3":0,"4":0.0680814856136,"4.1":0.237854304169,"4.2-4.3":0.502424128009,"4.4":1.32457270112,"4.4.3-4.4.4":0.791985889607,"50":null},"op_mob":{"10":0,"11":0,"11.1":0,"11.5":0,"12":0,"12.1":0.000980872180451,"0":0.0431583759398},"ie":{"5.5":null,"6":0.0260060900901,"7":0.0260060900901,"8":0.435602009009,"9":0.383589828829,"10":0.351082216216,"11":5.98790224324},"bb":{"7":0.05406125,"10":null},"ie_mob":{"10":0.284889090909,"11":0.799880909091},"edge":{"12":0.18074,"13":2.11724,"14":0.006455},"and_ff":{"0":0.053175},"and_uc":{"0":0.400585},"op_mini":{"5.0-8.0":0.60814075188},"and_chr":{"0":18.133615},"samsung":{"0":3.4032}},"total":97.8110547275}