{"id":"AM","name":"Armenia","month":"2016-06","access_date":"2016-07-06","data":{"firefox":{"2":0.01717,"3":0.06868,"3.5":0.077265,"3.6":0.25755,"4":0.01717,"5":null,"6":0.01717,"7":null,"8":null,"9":null,"10":null,"11":null,"12":null,"13":0.008585,"14":0.008585,"15":0.01717,"16":0.008585,"17":0.008585,"18":null,"19":0.008585,"20":0.01717,"21":0.025755,"22":0.008585,"23":0.01717,"24":0.01717,"25":0.01717,"26":0.025755,"27":null,"28":0.01717,"29":0.03434,"30":0.008585,"31":0.042925,"32":null,"33":0.01717,"34":0.025755,"35":0.128775,"36":0.025755,"37":0.042925,"38":0.128775,"39":0.01717,"40":0.025755,"41":0.094435,"42":0.06868,"43":0.13736,"44":0.05151,"45":1.57964,"46":11.134745,"47":8.13858,"48":0.01717,"49":null,"50":null},"chrome":{"4":0.01717,"5":0.01717,"6":0.01717,"7":0.01717,"8":0.008585,"9":null,"10":0.025755,"11":0.025755,"12":0.05151,"13":0.01717,"14":0.01717,"15":0.03434,"16":0.042925,"17":0.05151,"18":0.08585,"19":0.03434,"20":0.025755,"21":0.03434,"22":0.077265,"23":0.03434,"24":0.094435,"25":0.03434,"26":0.05151,"27":0.094435,"28":0.05151,"29":0.867085,"30":0.042925,"31":0.03434,"32":0.025755,"33":0.042925,"34":0.042925,"35":0.025755,"36":0.06868,"37":0.06868,"38":0.060095,"39":0.13736,"40":0.145945,"41":0.077265,"42":0.060095,"43":0.231795,"44":0.13736,"45":0.163115,"46":0.145945,"47":0.42925,"48":0.558025,"49":4.489955,"50":11.048895,"51":32.374035,"52":0.145945,"53":0.25755,"54":null},"opera":{"9":null,"9.5-9.6":null,"10.0-10.1":0.008585,"10.5":null,"10.6":0.025755,"11":0.008585,"11.1":null,"11.5":0.025755,"11.6":0.060095,"12":0.06868,"12.1":0.27472,"15":null,"16":0.008585,"17":null,"18":0.01717,"19":0.008585,"20":0.01717,"21":0.008585,"22":null,"23":null,"24":null,"25":0.008585,"26":null,"27":0.042925,"28":0.05151,"29":null,"30":0.03434,"31":null,"32":0.025755,"33":0.03434,"34":0.042925,"35":0.025755,"36":0.15453,"37":0.53227,"38":1.124635,"39":0.008585,"40":null},"safari":{"3.1":0.01717,"3.2":null,"4":0.025755,"5":0.06868,"5.1":0.03434,"6":0.008585,"6.1":null,"7":null,"7.1":0.008585,"8":0.06868,"9":0.094435,"9.1":0.403495,"10":null,"0":null},"ios_saf":{"3.2":0,"4.0-4.1":0,"4.2-4.3":0,"5.0-5.1":0,"6.0-6.1":0,"7.0-7.1":0.10339604014,"8":0,"8.1-8.4":0.207197554948,"9.0-9.2":0.44723855794,"9.3":3.17162284697},"android":{"2.1":0,"2.2":0,"2.3":0.0046064357017,"3":0,"4":0.0303257017029,"4.1":0.105948021139,"4.2-4.3":0.223796001174,"4.4":0.59000763946,"4.4.3-4.4.4":0.352776200822,"50":null},"op_mob":{"10":0,"11":0,"11.1":0,"11.5":0,"12":0,"12.1":0.0012234962406,"0":0.0538338345865},"ie":{"5.5":null,"6":0.0456875,"7":0.018275,"8":0.54825,"9":0.091375,"10":0.2924,"11":0.8497875},"bb":{"7":0.01450375,"10":null},"ie_mob":{"10":0.0795258585859,"11":0.223284141414},"edge":{"12":0.08585,"13":0.44642,"14":null},"and_ff":{"0":0.026885},"and_uc":{"0":0.32828},"op_mini":{"5.0-8.0":0.758567669173},"and_chr":{"0":7.186095},"samsung":{"0":0.689105}},"total":95.34872875}