{"id":"AO","name":"Angola","month":"2016-06","access_date":"2016-07-06","data":{"firefox":{"2":null,"3":0.013014,"3.5":0.02169,"3.6":0.034704,"4":0.034704,"5":0.017352,"6":0.008676,"7":0.013014,"8":0.008676,"9":0.02169,"10":0.013014,"11":0.030366,"12":0.047718,"13":0.02169,"14":0.039042,"15":0.026028,"16":0.02169,"17":0.026028,"18":0.013014,"19":0.017352,"20":0.02169,"21":0.112788,"22":0.026028,"23":0.026028,"24":0.026028,"25":0.060732,"26":0.047718,"27":0.017352,"28":0.026028,"29":0.04338,"30":0.091098,"31":0.04338,"32":0.013014,"33":0.026028,"34":0.039042,"35":0.026028,"36":0.039042,"37":0.112788,"38":0.06507,"39":0.026028,"40":0.052056,"41":0.04338,"42":0.056394,"43":0.264618,"44":0.13014,"45":0.164844,"46":1.644102,"47":2.433618,"48":0.06507,"49":null,"50":null},"chrome":{"4":null,"5":null,"6":null,"7":null,"8":null,"9":null,"10":null,"11":0.08676,"12":0.017352,"13":0.004338,"14":0.004338,"15":null,"16":0.017352,"17":null,"18":0.013014,"19":0.008676,"20":0.004338,"21":0.034704,"22":0.017352,"23":0.02169,"24":0.004338,"25":0.02169,"26":0.047718,"27":0.069408,"28":0.02169,"29":0.26028,"30":0.060732,"31":0.060732,"32":0.117126,"33":0.06507,"34":0.026028,"35":0.060732,"36":0.39042,"37":0.104112,"38":0.030366,"39":0.026028,"40":0.052056,"41":0.15183,"42":0.052056,"43":0.980388,"44":0.091098,"45":0.485856,"46":0.056394,"47":0.468504,"48":0.15183,"49":0.767826,"50":4.255578,"51":12.64527,"52":0.099774,"53":0.039042,"54":null},"opera":{"9":null,"9.5-9.6":0.013014,"10.0-10.1":0,"10.5":null,"10.6":0.013014,"11":0.004338,"11.1":0.004338,"11.5":0.008676,"11.6":0.060732,"12":0.030366,"12.1":0.078084,"15":0.017352,"16":0.008676,"17":0.004338,"18":0.008676,"19":null,"20":null,"21":0.008676,"22":null,"23":null,"24":0.013014,"25":null,"26":null,"27":null,"28":0.121464,"29":0.004338,"30":0.013014,"31":0.008676,"32":0.013014,"33":0.008676,"34":0.026028,"35":0.034704,"36":0.06507,"37":0.429462,"38":0.494532,"39":0.004338,"40":0.004338},"safari":{"3.1":null,"3.2":null,"4":0.004338,"5":0.034704,"5.1":0.073746,"6":0.017352,"6.1":0.047718,"7":0.030366,"7.1":0.017352,"8":0.160506,"9":0.268956,"9.1":1.205964,"10":null,"0":null},"ios_saf":{"3.2":0,"4.0-4.1":0,"4.2-4.3":0,"5.0-5.1":0,"6.0-6.1":0,"7.0-7.1":0.0904336673202,"8":0,"8.1-8.4":0.181221976473,"9.0-9.2":0.391169941389,"9.3":2.77400841482},"android":{"2.1":0,"2.2":0,"2.3":0.0256535478567,"3":0,"4":0.168885856723,"4.1":0.590031600705,"4.2-4.3":1.24633486671,"4.4":3.28579192132,"4.4.3-4.4.4":1.96463420669,"50":null},"op_mob":{"10":0,"11":0,"11.1":0,"11.5":0,"12":0,"12.1":0.0438996571429,"0":1.93158491429},"ie":{"5.5":null,"6":0.00877192039801,"7":0.021929800995,"8":0.74999919403,"9":0.587718666667,"10":1.06140236816,"11":5.49560812935},"bb":{"7":0.053789,"10":null},"ie_mob":{"10":0.19182169697,"11":0.53857630303},"edge":{"12":0.28197,"13":1.566018,"14":null},"and_ff":{"0":0.039634},"and_uc":{"0":1.789192},"op_mini":{"5.0-8.0":27.2177874286},"and_chr":{"0":11.9992},"samsung":{"0":2.29311}},"total":98.0189890796}