{"id":"AR","name":"Argentina","month":"2016-06","access_date":"2016-07-06","data":{"firefox":{"2":null,"3":0.01255,"3.5":0.01255,"3.6":0.031375,"4":0.006275,"5":null,"6":0.018825,"7":null,"8":null,"9":null,"10":0.006275,"11":0.01255,"12":0.043925,"13":null,"14":null,"15":0.0251,"16":0.018825,"17":null,"18":null,"19":0.006275,"20":0.01255,"21":0.006275,"22":null,"23":0.006275,"24":0.01255,"25":0.006275,"26":0.006275,"27":0.01255,"28":0.006275,"29":0.031375,"30":0.018825,"31":0.0251,"32":0.01255,"33":0.018825,"34":0.0251,"35":0.018825,"36":0.018825,"37":0.031375,"38":0.069025,"39":0.043925,"40":0.043925,"41":0.0502,"42":0.0502,"43":0.1506,"44":0.069025,"45":0.181975,"46":2.008,"47":3.482625,"48":0.031375,"49":null,"50":null},"chrome":{"4":null,"5":null,"6":null,"7":null,"8":null,"9":null,"10":null,"11":0.018825,"12":0.01255,"13":0.006275,"14":null,"15":null,"16":null,"17":null,"18":0.0251,"19":null,"20":null,"21":0.01255,"22":0.03765,"23":0.006275,"24":null,"25":0.01255,"26":0.0502,"27":0.043925,"28":0.01255,"29":0.119225,"30":0.01255,"31":0.043925,"32":0.0251,"33":0.0251,"34":0.1004,"35":0.094125,"36":0.06275,"37":0.0502,"38":0.08785,"39":0.08785,"40":0.0502,"41":0.056475,"42":0.069025,"43":0.18825,"44":0.156875,"45":0.1506,"46":0.269825,"47":0.28865,"48":0.26355,"49":6.1746,"50":10.008625,"51":28.582625,"52":0.131775,"53":0.043925,"54":null},"opera":{"9":null,"9.5-9.6":null,"10.0-10.1":0,"10.5":null,"10.6":null,"11":null,"11.1":null,"11.5":null,"11.6":null,"12":null,"12.1":0.0251,"15":null,"16":null,"17":null,"18":null,"19":null,"20":null,"21":null,"22":null,"23":null,"24":null,"25":null,"26":null,"27":null,"28":null,"29":0.01255,"30":null,"31":null,"32":null,"33":null,"34":null,"35":0.01255,"36":0.0502,"37":0.13805,"38":0.257275,"39":null,"40":null},"safari":{"3.1":null,"3.2":null,"4":0,"5":0.018825,"5.1":0.0251,"6":null,"6.1":0.0251,"7":0.01255,"7.1":0.006275,"8":0.06275,"9":0.1004,"9.1":0.458075,"10":null,"0":null},"ios_saf":{"3.2":0,"4.0-4.1":0,"4.2-4.3":0,"5.0-5.1":0,"6.0-6.1":0,"7.0-7.1":0.0566533639459,"8":0,"8.1-8.4":0.113528897947,"9.0-9.2":0.245053570323,"9.3":1.73781416778},"android":{"2.1":0,"2.2":0,"2.3":0.0124545801527,"3":0,"4":0.0819926526718,"4.1":0.286455343511,"4.2-4.3":0.605085019084,"4.4":1.59522414122,"4.4.3-4.4.4":0.953813263359,"50":null},"op_mob":{"10":0,"11":0,"11.1":0,"11.5":0,"12":0,"12.1":0.0027727443609,"0":0.12200075188},"ie":{"5.5":null,"6":0.0629527463651,"7":0.0566574717286,"8":0.623232189015,"9":0.371421203554,"10":0.283287358643,"11":2.48663348142},"bb":{"7":0.033525,"10":null},"ie_mob":{"10":0.647623232323,"11":1.81832676768},"edge":{"12":0.119225,"13":0.8032,"14":null},"and_ff":{"0":0.0149},"and_uc":{"0":0.2235},"op_mini":{"5.0-8.0":1.71910150376},"and_chr":{"0":27.450925},"samsung":{"0":1.188275}},"total":98.9481844507}