{"id":"AS","name":"American Samoa","month":"2016-06","access_date":"2016-07-06","data":{"firefox":{"2":null,"3":0.03133,"3.5":null,"3.6":0.037596,"4":null,"5":null,"6":null,"7":0.112788,"8":null,"9":null,"10":0.075192,"11":null,"12":0.03133,"13":null,"14":null,"15":0.056394,"16":null,"17":0.012532,"18":null,"19":null,"20":null,"21":null,"22":null,"23":null,"24":null,"25":null,"26":null,"27":null,"28":null,"29":0.03133,"30":null,"31":null,"32":0.006266,"33":null,"34":null,"35":null,"36":0.018798,"37":0.043862,"38":0.012532,"39":0.006266,"40":0.037596,"41":0.012532,"42":0.025064,"43":0.068926,"44":8.11447,"45":16.579836,"46":2.47507,"47":2.22443,"48":0.294502,"49":null,"50":null},"chrome":{"4":null,"5":null,"6":null,"7":null,"8":null,"9":null,"10":null,"11":0.050128,"12":null,"13":null,"14":null,"15":null,"16":null,"17":null,"18":null,"19":null,"20":null,"21":null,"22":null,"23":null,"24":null,"25":null,"26":null,"27":0.006266,"28":null,"29":null,"30":null,"31":null,"32":0.018798,"33":null,"34":null,"35":null,"36":null,"37":null,"38":null,"39":0.006266,"40":null,"41":null,"42":null,"43":0.06266,"44":0.037596,"45":0.100256,"46":null,"47":0.081458,"48":1.297062,"49":1.767012,"50":4.141826,"51":11.291332,"52":0.025064,"53":0.006266,"54":null},"opera":{"9":null,"9.5-9.6":null,"10.0-10.1":0,"10.5":null,"10.6":null,"11":null,"11.1":null,"11.5":null,"11.6":null,"12":null,"12.1":null,"15":null,"16":null,"17":null,"18":null,"19":null,"20":null,"21":null,"22":null,"23":null,"24":null,"25":null,"26":null,"27":null,"28":null,"29":0.012532,"30":null,"31":null,"32":null,"33":null,"34":0.006266,"35":null,"36":null,"37":0.06266,"38":0.06266,"39":null,"40":null},"safari":{"3.1":null,"3.2":null,"4":0.050128,"5":0.12532,"5.1":0.319566,"6":0.068926,"6.1":0.09399,"7":5.219578,"7.1":0.025064,"8":0.338364,"9":0.087724,"9.1":1.06522,"10":null,"0":null},"ios_saf":{"3.2":0,"4.0-4.1":0,"4.2-4.3":0,"5.0-5.1":0,"6.0-6.1":0,"7.0-7.1":0.15460883397,"8":0,"8.1-8.4":0.309823977092,"9.0-9.2":0.668758995563,"9.3":4.74255019338},"android":{"2.1":0,"2.2":0,"2.3":0.0159140223136,"3":0,"4":0.104767313564,"4.1":0.366022513212,"4.2-4.3":0.773156250734,"4.4":2.03832102466,"4.4.3-4.4.4":1.21874887551,"50":null},"op_mob":{"10":0,"11":0,"11.1":0,"11.5":0,"12":0,"12.1":0.0127820165414,"0":0.56240872782},"ie":{"5.5":null,"6":null,"7":null,"8":0.0817731179884,"9":0.0817731179884,"10":0.666765423598,"11":2.42174234043},"bb":{"7":0.0055995,"10":null},"ie_mob":{"10":0.140194888889,"11":0.393624111111},"edge":{"12":0.238108,"13":0.488748,"14":null},"and_ff":{"0":0.003733},"and_uc":{"0":3.352234},"op_mini":{"5.0-8.0":7.92485025564},"and_chr":{"0":13.895532},"samsung":{"0":1.743311}},"total":99.1444815}