{"id":"AT","name":"Austria","month":"2016-06","access_date":"2016-07-06","data":{"firefox":{"2":null,"3":0.006424,"3.5":null,"3.6":0.019272,"4":null,"5":null,"6":null,"7":null,"8":null,"9":null,"10":0.044968,"11":null,"12":0.051392,"13":null,"14":0.006424,"15":null,"16":0.019272,"17":null,"18":0.006424,"19":0.006424,"20":0.012848,"21":0.006424,"22":null,"23":0.006424,"24":0.019272,"25":0.006424,"26":0.006424,"27":0.006424,"28":0.012848,"29":0.012848,"30":0.025696,"31":0.09636,"32":0.03212,"33":0.044968,"34":0.070664,"35":0.044968,"36":0.038544,"37":0.077088,"38":0.372592,"39":0.134904,"40":0.115632,"41":0.134904,"42":0.237688,"43":0.340472,"44":0.237688,"45":0.603856,"46":5.871536,"47":9.488248,"48":0.083512,"49":0.006424,"50":null},"chrome":{"4":null,"5":null,"6":null,"7":null,"8":null,"9":null,"10":null,"11":0.025696,"12":null,"13":null,"14":null,"15":null,"16":null,"17":null,"18":0.012848,"19":null,"20":null,"21":null,"22":0.051392,"23":null,"24":null,"25":null,"26":0.025696,"27":null,"28":null,"29":0.379016,"30":null,"31":0.070664,"32":0.012848,"33":0.025696,"34":0.038544,"35":0.025696,"36":0.03212,"37":0.025696,"38":0.03212,"39":0.044968,"40":0.025696,"41":0.115632,"42":0.03212,"43":0.070664,"44":0.070664,"45":0.12848,"46":0.134904,"47":0.102784,"48":0.199144,"49":1.278376,"50":6.000016,"51":14.9358,"52":0.06424,"53":0.044968,"54":null},"opera":{"9":null,"9.5-9.6":null,"10.0-10.1":0,"10.5":null,"10.6":null,"11":null,"11.1":null,"11.5":null,"11.6":null,"12":null,"12.1":0.173448,"15":null,"16":null,"17":null,"18":null,"19":null,"20":null,"21":null,"22":null,"23":null,"24":null,"25":null,"26":null,"27":null,"28":0.012848,"29":null,"30":0.006424,"31":null,"32":null,"33":null,"34":0.006424,"35":0.012848,"36":0.051392,"37":0.359744,"38":0.565312,"39":null,"40":null},"safari":{"3.1":null,"3.2":null,"4":0.019272,"5":0.083512,"5.1":0.231264,"6":0.025696,"6.1":0.1606,"7":0.06424,"7.1":0.044968,"8":0.38544,"9":0.783728,"9.1":3.096368,"10":null,"0":null},"ios_saf":{"3.2":0,"4.0-4.1":0,"4.2-4.3":0,"5.0-5.1":0,"6.0-6.1":0,"7.0-7.1":0.262150209473,"8":0,"8.1-8.4":0.525328458983,"9.0-9.2":1.13392816097,"9.3":8.04132917057},"android":{"2.1":0,"2.2":0,"2.3":0.0084916876101,"3":0,"4":0.0559036100998,"4.1":0.195308815032,"4.2-4.3":0.412554489724,"4.4":1.08764365473,"4.4.3-4.4.4":0.650321742807,"50":null},"op_mob":{"10":0,"11":0,"11.1":0,"11.5":0,"12":0,"12.1":0.00239833984962,"0":0.105526953383},"ie":{"5.5":null,"6":0.0128634981906,"7":0.0257269963812,"8":0.289428709288,"9":0.514539927624,"10":0.469517683957,"11":9.35176318456},"bb":{"7":0.023244,"10":null},"ie_mob":{"10":0.146507636364,"11":0.411348363636},"edge":{"12":0.22484,"13":2.807288,"14":0.006424},"and_ff":{"0":0.075096},"and_uc":{"0":1.230144},"op_mini":{"5.0-8.0":1.48697070677},"and_chr":{"0":15.682928},"samsung":{"0":4.627344}},"total":98.265276}