{"id":"AU","name":"Australia","month":"2016-06","access_date":"2016-07-06","data":{"firefox":{"2":null,"3":null,"3.5":null,"3.6":0.005986,"4":null,"5":null,"6":null,"7":null,"8":null,"9":null,"10":null,"11":null,"12":0.005986,"13":null,"14":null,"15":null,"16":0.005986,"17":null,"18":null,"19":null,"20":0.131692,"21":null,"22":null,"23":null,"24":0.005986,"25":null,"26":0.005986,"27":null,"28":0.005986,"29":0.011972,"30":0.011972,"31":0.017958,"32":0.005986,"33":0.011972,"34":0.035916,"35":0.017958,"36":0.017958,"37":0.02993,"38":0.185566,"39":0.047888,"40":0.02993,"41":0.047888,"42":0.053874,"43":0.107748,"44":0.071832,"45":0.257398,"46":2.400386,"47":3.92083,"48":0.053874,"49":null,"50":null},"chrome":{"4":null,"5":null,"6":null,"7":null,"8":null,"9":null,"10":null,"11":0.017958,"12":null,"13":null,"14":null,"15":null,"16":null,"17":null,"18":0.005986,"19":null,"20":null,"21":0.005986,"22":0.017958,"23":null,"24":null,"25":0.005986,"26":0.035916,"27":null,"28":null,"29":0.113734,"30":0.011972,"31":0.071832,"32":0.017958,"33":0.047888,"34":0.053874,"35":0.041902,"36":0.041902,"37":0.035916,"38":0.053874,"39":0.077818,"40":0.053874,"41":0.077818,"42":0.08979,"43":0.167608,"44":0.137678,"45":0.383104,"46":0.167608,"47":0.233454,"48":0.293314,"49":1.873618,"50":8.913154,"51":18.837942,"52":0.083804,"53":0.053874,"54":null},"opera":{"9":null,"9.5-9.6":null,"10.0-10.1":0,"10.5":null,"10.6":null,"11":null,"11.1":null,"11.5":null,"11.6":null,"12":null,"12.1":0.02993,"15":0.005986,"16":null,"17":null,"18":null,"19":null,"20":null,"21":null,"22":null,"23":null,"24":null,"25":null,"26":null,"27":null,"28":0.011972,"29":null,"30":null,"31":null,"32":null,"33":null,"34":0.011972,"35":null,"36":0.011972,"37":0.095776,"38":0.137678,"39":null,"40":null},"safari":{"3.1":null,"3.2":null,"4":0.005986,"5":0.053874,"5.1":0.20951,"6":0.02993,"6.1":0.17958,"7":0.107748,"7.1":0.047888,"8":0.664446,"9":1.245088,"9.1":3.914844,"10":null,"0":null},"ios_saf":{"3.2":0,"4.0-4.1":0,"4.2-4.3":0,"5.0-5.1":0,"6.0-6.1":0,"7.0-7.1":0.599670403983,"8":0,"8.1-8.4":1.20169245661,"9.0-9.2":2.59386845331,"9.3":18.3945956861},"android":{"2.1":0,"2.2":0,"2.3":0.00503333411627,"3":0,"4":0.0331361162654,"4.1":0.115766684674,"4.2-4.3":0.244536149149,"4.4":0.644686211392,"4.4.3-4.4.4":0.385469504404,"50":null},"op_mob":{"10":0,"11":0,"11.1":0,"11.5":0,"12":0,"12.1":0.000175003007519,"0":0.00770013233083},"ie":{"5.5":null,"6":0.00606171890372,"7":0.0121234378074,"8":0.272777350668,"9":0.424320323261,"10":0.418258604357,"11":7.4801611272},"bb":{"7":0.0100325,"10":null},"ie_mob":{"10":0.112769353535,"11":0.316621646465},"edge":{"12":0.197538,"13":2.777504,"14":0.005986},"and_ff":{"0":0.048156},"and_uc":{"0":0.385248},"op_mini":{"5.0-8.0":0.108501864662},"and_chr":{"0":11.822187},"samsung":{"0":3.948792}},"total":98.8690930622}