{"id":"AW","name":"Aruba","month":"2016-06","access_date":"2016-07-06","data":{"firefox":{"2":null,"3":null,"3.5":null,"3.6":null,"4":0.005324,"5":null,"6":null,"7":null,"8":null,"9":null,"10":null,"11":null,"12":null,"13":null,"14":null,"15":null,"16":null,"17":null,"18":null,"19":null,"20":null,"21":null,"22":0.010648,"23":null,"24":0.021296,"25":null,"26":null,"27":null,"28":null,"29":null,"30":0.010648,"31":null,"32":null,"33":0.010648,"34":0.07986,"35":null,"36":0.015972,"37":0.010648,"38":0.037268,"39":0.101156,"40":0.021296,"41":0.015972,"42":0.031944,"43":0.07986,"44":0.058564,"45":0.063888,"46":1.645116,"47":2.603436,"48":0.021296,"49":null,"50":null},"chrome":{"4":null,"5":null,"6":null,"7":null,"8":null,"9":null,"10":null,"11":0.021296,"12":null,"13":null,"14":null,"15":null,"16":null,"17":null,"18":0.010648,"19":null,"20":null,"21":null,"22":0.074536,"23":null,"24":null,"25":0.005324,"26":0.010648,"27":null,"28":0.005324,"29":0.420596,"30":null,"31":0.021296,"32":0.010648,"33":0.015972,"34":0.015972,"35":0.021296,"36":0.02662,"37":0.058564,"38":0.02662,"39":0.031944,"40":0.015972,"41":0.010648,"42":0.02662,"43":0.058564,"44":0.085184,"45":0.181016,"46":0.042592,"47":0.149072,"48":0.181016,"49":2.150896,"50":6.378152,"51":16.988884,"52":0.165044,"53":0.058564,"54":null},"opera":{"9":null,"9.5-9.6":null,"10.0-10.1":0,"10.5":null,"10.6":null,"11":null,"11.1":null,"11.5":null,"11.6":null,"12":null,"12.1":0.015972,"15":null,"16":null,"17":null,"18":null,"19":null,"20":null,"21":null,"22":null,"23":null,"24":null,"25":null,"26":null,"27":null,"28":null,"29":0.031944,"30":null,"31":null,"32":null,"33":0.005324,"34":null,"35":0.010648,"36":0.021296,"37":0.10648,"38":0.154396,"39":null,"40":null},"safari":{"3.1":null,"3.2":null,"4":0,"5":0.010648,"5.1":0.1331,"6":0.010648,"6.1":0.063888,"7":0.037268,"7.1":0.037268,"8":0.420596,"9":0.553696,"9.1":2.512928,"10":null,"0":null},"ios_saf":{"3.2":0,"4.0-4.1":0,"4.2-4.3":0,"5.0-5.1":0,"6.0-6.1":0,"7.0-7.1":0.464868473326,"8":0,"8.1-8.4":0.931559960272,"9.0-9.2":2.01078402384,"9.3":14.2596125426},"android":{"2.1":0,"2.2":0,"2.3":0.0143132413388,"3":0,"4":0.0942288388139,"4.1":0.329204550793,"4.2-4.3":0.695384975044,"4.4":1.83328766148,"4.4.3-4.4.4":1.09615573253,"50":null},"op_mob":{"10":0,"11":0,"11.1":0,"11.5":0,"12":0,"12.1":0.000224962406015,"0":0.00989834586466},"ie":{"5.5":null,"6":null,"7":0.0374730765383,"8":0.519269774887,"9":0.524623071536,"10":1.9057736068,"11":7.71410047024},"bb":{"7":0.14843125,"10":null},"ie_mob":{"10":0.0429722222222,"11":0.120652777778},"edge":{"12":0.276848,"13":2.87496,"14":null},"and_ff":{"0":0.02805},"and_uc":{"0":0.172975},"op_mini":{"5.0-8.0":0.139476691729},"and_chr":{"0":18.386907},"samsung":{"0":7.652975}},"total":98.52547925}