{"id":"AX","name":"Aland Islands","month":"2016-06","access_date":"2016-07-06","data":{"firefox":{"2":null,"3":null,"3.5":0.006476,"3.6":0.012952,"4":null,"5":null,"6":null,"7":null,"8":null,"9":null,"10":null,"11":null,"12":0.012952,"13":null,"14":null,"15":null,"16":null,"17":null,"18":null,"19":null,"20":0.051808,"21":0.012952,"22":0.03238,"23":null,"24":0.012952,"25":null,"26":null,"27":null,"28":0.012952,"29":0.012952,"30":0.012952,"31":null,"32":null,"33":0.006476,"34":null,"35":null,"36":null,"37":null,"38":0.038856,"39":0.019428,"40":0.025904,"41":0.019428,"42":0.168376,"43":0.071236,"44":0.084188,"45":0.22666,"46":3.587704,"47":7.41502,"48":0.200756,"49":null,"50":null},"chrome":{"4":null,"5":null,"6":null,"7":null,"8":null,"9":null,"10":null,"11":0.006476,"12":null,"13":null,"14":null,"15":null,"16":null,"17":null,"18":null,"19":null,"20":null,"21":null,"22":null,"23":null,"24":null,"25":null,"26":null,"27":null,"28":null,"29":null,"30":null,"31":null,"32":null,"33":null,"34":0.019428,"35":null,"36":0.06476,"37":null,"38":null,"39":0.051808,"40":null,"41":0.019428,"42":0.012952,"43":0.025904,"44":0.03238,"45":0.038856,"46":0.025904,"47":0.012952,"48":0.051808,"49":2.370216,"50":8.77498,"51":22.801996,"52":0.071236,"53":0.239612,"54":null},"opera":{"9":null,"9.5-9.6":null,"10.0-10.1":0,"10.5":null,"10.6":null,"11":null,"11.1":null,"11.5":null,"11.6":null,"12":null,"12.1":0.06476,"15":null,"16":null,"17":null,"18":null,"19":null,"20":null,"21":null,"22":null,"23":null,"24":null,"25":null,"26":null,"27":null,"28":null,"29":null,"30":null,"31":null,"32":null,"33":null,"34":null,"35":null,"36":null,"37":0.239612,"38":0.407988,"39":null,"40":null},"safari":{"3.1":null,"3.2":null,"4":0,"5":0.006476,"5.1":0.246088,"6":null,"6.1":0.148948,"7":0.038856,"7.1":null,"8":0.304372,"9":1.204536,"9.1":2.344312,"10":null,"0":null},"ios_saf":{"3.2":0,"4.0-4.1":0,"4.2-4.3":0,"5.0-5.1":0,"6.0-6.1":0,"7.0-7.1":0.354596958518,"8":0,"8.1-8.4":0.710584493344,"9.0-9.2":1.53380566763,"9.3":10.8770878805},"android":{"2.1":0,"2.2":0,"2.3":0.00460754550793,"3":0,"4":0.0303330079272,"4.1":0.105973546682,"4.2-4.3":0.22384991926,"4.4":0.59014978714,"4.4.3-4.4.4":0.352861193482,"50":null},"op_mob":{"10":0,"11":0,"11.1":0,"11.5":0,"12":0,"12.1":0.000137819548872,"0":0.00606406015038},"ie":{"5.5":null,"6":null,"7":0.019428,"8":0.531032,"9":0.459796,"10":0.213708,"11":7.039412},"bb":{"7":0.0017625,"10":null},"ie_mob":{"10":0.446215151515,"11":1.25283484848},"edge":{"12":0.084188,"13":3.684844,"14":null},"and_ff":{"0":0.017625},"and_uc":{"0":0.031725},"op_mini":{"5.0-8.0":0.0854481203008},"and_chr":{"0":14.923033},"samsung":{"0":3.9903}},"total":99.2434075}