{"id":"AZ","name":"Azerbaijan","month":"2016-06","access_date":"2016-07-06","data":{"firefox":{"2":null,"3":0.018956,"3.5":0.018956,"3.6":0.071085,"4":0.014217,"5":null,"6":0.014217,"7":null,"8":null,"9":0.009478,"10":null,"11":0.004739,"12":0.009478,"13":null,"14":0.004739,"15":0.009478,"16":null,"17":null,"18":null,"19":0.004739,"20":0.004739,"21":0.023695,"22":0.004739,"23":0.004739,"24":0.004739,"25":0.004739,"26":null,"27":0.004739,"28":null,"29":0.018956,"30":null,"31":0.009478,"32":null,"33":0.009478,"34":0.014217,"35":0.004739,"36":0.014217,"37":0.033173,"38":0.009478,"39":0.009478,"40":0.004739,"41":0.023695,"42":0.028434,"43":0.085302,"44":0.075824,"45":0.056868,"46":0.4739,"47":0.824586,"48":0.014217,"49":null,"50":null},"chrome":{"4":0.004739,"5":0.028434,"6":0.009478,"7":0.009478,"8":0.042651,"9":0.033173,"10":0.028434,"11":0.056868,"12":0.028434,"13":0.028434,"14":0.061607,"15":0.018956,"16":0.023695,"17":0.023695,"18":0.018956,"19":0.028434,"20":0.009478,"21":0.018956,"22":0.161126,"23":0.023695,"24":0.014217,"25":0.028434,"26":0.056868,"27":0.037912,"28":0.023695,"29":0.274862,"30":0.028434,"31":0.028434,"32":0.023695,"33":0.028434,"34":0.042651,"35":0.028434,"36":0.042651,"37":0.066346,"38":0.04739,"39":0.037912,"40":0.04739,"41":0.056868,"42":0.042651,"43":0.232211,"44":0.09478,"45":0.203777,"46":0.151648,"47":0.279601,"48":0.483378,"49":2.93818,"50":6.459257,"51":19.965407,"52":0.080563,"53":0.118475,"54":null},"opera":{"9":null,"9.5-9.6":null,"10.0-10.1":0,"10.5":0.004739,"10.6":0.009478,"11":0.014217,"11.1":0.014217,"11.5":0.023695,"11.6":0.037912,"12":0.080563,"12.1":0.66346,"15":0.023695,"16":0.014217,"17":0.014217,"18":0.023695,"19":0.018956,"20":0.033173,"21":0.018956,"22":0.004739,"23":null,"24":0.004739,"25":0.009478,"26":0.009478,"27":0.014217,"28":0.04739,"29":0.014217,"30":0.033173,"31":0.023695,"32":0.028434,"33":0.037912,"34":0.061607,"35":0.066346,"36":0.312774,"37":1.165794,"38":2.521148,"39":0.033173,"40":null},"safari":{"3.1":null,"3.2":null,"4":0.014217,"5":0.018956,"5.1":0.052129,"6":null,"6.1":0.009478,"7":0.014217,"7.1":0.004739,"8":0.217994,"9":0.090041,"9.1":0.279601,"10":null,"0":null},"ios_saf":{"3.2":0,"4.0-4.1":0,"4.2-4.3":0,"5.0-5.1":0,"6.0-6.1":0,"7.0-7.1":0.185361897121,"8":0,"8.1-8.4":0.371450703643,"9.0-9.2":0.801781068724,"9.3":5.68588533051},"android":{"2.1":0,"2.2":0,"2.3":0.0261721620669,"3":0,"4":0.172300066941,"4.1":0.60195972754,"4.2-4.3":1.27153087375,"4.4":3.35221775807,"4.4.3-4.4.4":2.00435141163,"50":null},"op_mob":{"10":0,"11":0,"11.1":0,"11.5":0,"12":0,"12.1":0.0140662526316,"0":0.618915115789},"ie":{"5.5":null,"6":0.010157554717,"7":0.00507877735849,"8":0.314884196226,"9":0.10157554717,"10":0.228544981132,"11":0.675477388679},"bb":{"7":0.068393,"10":null},"ie_mob":{"10":0.174091272727,"11":0.488794727273},"edge":{"12":0.033173,"13":0.265384,"14":null},"and_ff":{"0":0.015783},"and_uc":{"0":0.694452},"op_mini":{"5.0-8.0":8.72107663158},"and_chr":{"0":23.656293},"samsung":{"0":4.019404}},"total":95.2296974453}