{"id":"BA","name":"Bosnia and Herzegovina","month":"2016-06","access_date":"2016-07-06","data":{"firefox":{"2":null,"3":0.02516,"3.5":null,"3.6":0.01258,"4":null,"5":null,"6":0.00629,"7":null,"8":null,"9":null,"10":0.00629,"11":0.01258,"12":0.01258,"13":0.00629,"14":0.01258,"15":0.03145,"16":0.01258,"17":null,"18":0.00629,"19":0.00629,"20":0.01258,"21":null,"22":null,"23":null,"24":null,"25":0.00629,"26":0.00629,"27":null,"28":0.00629,"29":0.00629,"30":0.00629,"31":0.01258,"32":0.01258,"33":0.01887,"34":0.02516,"35":0.03145,"36":0.01887,"37":0.05032,"38":0.08806,"39":0.05661,"40":0.0629,"41":0.08177,"42":0.0629,"43":0.16983,"44":0.10064,"45":0.26418,"46":3.37773,"47":6.67998,"48":0.14467,"49":null,"50":null},"chrome":{"4":null,"5":null,"6":null,"7":null,"8":0.00629,"9":null,"10":null,"11":0.03774,"12":0.00629,"13":null,"14":0.01258,"15":null,"16":null,"17":null,"18":null,"19":null,"20":null,"21":null,"22":0.08806,"23":0.00629,"24":0.00629,"25":0.01258,"26":0.08177,"27":0.01258,"28":null,"29":0.20128,"30":0.01887,"31":0.03145,"32":0.01887,"33":0.03145,"34":0.10693,"35":0.01887,"36":0.04403,"37":0.03774,"38":0.07548,"39":0.08177,"40":0.04403,"41":0.01887,"42":0.03145,"43":0.1258,"44":0.10064,"45":0.13838,"46":0.15096,"47":0.28934,"48":0.19499,"49":5.7868,"50":8.81858,"51":27.21683,"52":0.16354,"53":0.10693,"54":null},"opera":{"9":null,"9.5-9.6":null,"10.0-10.1":0,"10.5":null,"10.6":null,"11":null,"11.1":null,"11.5":null,"11.6":null,"12":null,"12.1":0.08177,"15":null,"16":null,"17":null,"18":null,"19":null,"20":null,"21":null,"22":null,"23":null,"24":null,"25":null,"26":null,"27":null,"28":0.01258,"29":null,"30":null,"31":0.01258,"32":null,"33":0.00629,"34":0.02516,"35":0.05032,"36":0.25789,"37":0.49062,"38":0.93092,"39":null,"40":null},"safari":{"3.1":null,"3.2":null,"4":0,"5":null,"5.1":0.03774,"6":null,"6.1":0.01887,"7":0.01258,"7.1":null,"8":0.03774,"9":0.08177,"9.1":0.33966,"10":null,"0":null},"ios_saf":{"3.2":0,"4.0-4.1":0,"4.2-4.3":0,"5.0-5.1":0,"6.0-6.1":0,"7.0-7.1":0.0974262614797,"8":0,"8.1-8.4":0.19523458673,"9.0-9.2":0.421416338871,"9.3":2.98850281292},"android":{"2.1":0,"2.2":0,"2.3":0.0207829712272,"3":0,"4":0.136821227246,"4.1":0.478008338227,"4.2-4.3":1.00970601879,"4.4":2.66195223136,"4.4.3-4.4.4":1.59162921315,"50":null},"op_mob":{"10":0,"11":0,"11.1":0,"11.5":0,"12":0,"12.1":0.000518842105263,"0":0.0228290526316},"ie":{"5.5":null,"6":null,"7":null,"8":0.1388124375,"9":0.1009545,"10":0.1892896875,"11":1.590033375},"bb":{"7":0.0064925,"10":null},"ie_mob":{"10":0.329328080808,"11":0.924651919192},"edge":{"12":0.07548,"13":0.66045,"14":null},"and_ff":{"0":0.01855},"and_uc":{"0":0.07049},"op_mini":{"5.0-8.0":0.321682105263},"and_chr":{"0":25.25074},"samsung":{"0":1.40238}},"total":98.6790925}