{"id":"BB","name":"Barbados","month":"2016-06","access_date":"2016-07-06","data":{"firefox":{"2":null,"3":0.020727,"3.5":null,"3.6":0.027636,"4":null,"5":null,"6":null,"7":null,"8":null,"9":0.020727,"10":null,"11":0.013818,"12":null,"13":null,"14":null,"15":null,"16":null,"17":null,"18":0.013818,"19":null,"20":null,"21":0.034545,"22":null,"23":null,"24":null,"25":null,"26":null,"27":null,"28":null,"29":0.034545,"30":null,"31":null,"32":null,"33":0.027636,"34":0.006909,"35":0.075999,"36":null,"37":0.020727,"38":0.041454,"39":0.055272,"40":0.013818,"41":0.048363,"42":0.186543,"43":0.075999,"44":0.117453,"45":0.13818,"46":2.632329,"47":4.967571,"48":0.145089,"49":0.006909,"50":0.013818},"chrome":{"4":null,"5":null,"6":null,"7":null,"8":null,"9":null,"10":null,"11":0.06909,"12":null,"13":null,"14":null,"15":null,"16":null,"17":null,"18":0.006909,"19":0.006909,"20":null,"21":null,"22":0.303996,"23":null,"24":null,"25":null,"26":null,"27":null,"28":null,"29":0.131271,"30":null,"31":0.062181,"32":0.041454,"33":0.013818,"34":0.041454,"35":0.020727,"36":0.082908,"37":0.020727,"38":0.075999,"39":0.082908,"40":0.027636,"41":0.020727,"42":0.020727,"43":0.214179,"44":0.13818,"45":0.283269,"46":0.200361,"47":0.290178,"48":0.214179,"49":2.14179,"50":8.864247,"51":25.210941,"52":0.373086,"53":0.221088,"54":null},"opera":{"9":null,"9.5-9.6":null,"10.0-10.1":0,"10.5":null,"10.6":null,"11":null,"11.1":null,"11.5":null,"11.6":null,"12":null,"12.1":0.096726,"15":null,"16":null,"17":null,"18":null,"19":null,"20":null,"21":null,"22":null,"23":null,"24":null,"25":null,"26":null,"27":0.006909,"28":null,"29":0.172725,"30":null,"31":null,"32":null,"33":null,"34":null,"35":0.013818,"36":0.06909,"37":0.262542,"38":0.359268,"39":null,"40":null},"safari":{"3.1":null,"3.2":null,"4":0.048363,"5":0.041454,"5.1":0.075999,"6":0.027636,"6.1":0.06909,"7":0.006909,"7.1":0.006909,"8":0.283269,"9":0.379995,"9.1":1.789431,"10":null,"0":null},"ios_saf":{"3.2":0,"4.0-4.1":0,"4.2-4.3":0,"5.0-5.1":0,"6.0-6.1":0,"7.0-7.1":0.138185976163,"8":0,"8.1-8.4":0.276913858116,"9.0-9.2":0.597722085131,"9.3":4.23878708059},"android":{"2.1":0,"2.2":0,"2.3":0.0173916394598,"3":0,"4":0.114494959777,"4.1":0.400007707575,"4.2-4.3":0.844943817087,"4.4":2.22757915414,"4.4.3-4.4.4":1.33190972196,"50":null},"op_mob":{"10":0,"11":0,"11.1":0,"11.5":0,"12":0,"12.1":0.000534533834586,"0":0.0235194887218},"ie":{"5.5":null,"6":0.00718368798617,"7":0.00718368798617,"8":0.704001422645,"9":0.438204967156,"10":0.43102127917,"11":6.72393195506},"bb":{"7":0.241098,"10":null},"ie_mob":{"10":0.211062222222,"11":0.592597777778},"edge":{"12":0.310905,"13":3.972675,"14":0.006909},"and_ff":{"0":0.03091},"and_uc":{"0":0.918027},"op_mini":{"5.0-8.0":0.331410977444},"and_chr":{"0":17.010909},"samsung":{"0":3.437192}},"total":97.21817}