{"id":"BD","name":"Bangladesh","month":"2016-06","access_date":"2016-07-06","data":{"firefox":{"2":null,"3":0.378216,"3.5":0.012978,"3.6":0.033372,"4":0.022248,"5":0.007416,"6":0.022248,"7":0.005562,"8":0.014832,"9":0.014832,"10":0.014832,"11":0.05562,"12":0.035226,"13":0.024102,"14":0.02781,"15":0.02781,"16":0.025956,"17":0.014832,"18":0.020394,"19":0.01854,"20":0.024102,"21":0.024102,"22":0.01854,"23":0.012978,"24":0.014832,"25":0.020394,"26":0.012978,"27":0.022248,"28":0.012978,"29":0.081576,"30":0.050058,"31":0.029664,"32":0.031518,"33":0.044496,"34":0.035226,"35":0.050058,"36":0.06489,"37":0.04635,"38":0.081576,"39":0.072306,"40":0.081576,"41":0.063036,"42":0.08343,"43":0.337428,"44":0.21321,"45":0.202086,"46":1.54809,"47":3.023874,"48":0.776826,"49":0.007416,"50":0.001854},"chrome":{"4":0.003708,"5":0.003708,"6":0.001854,"7":null,"8":0.001854,"9":null,"10":0.005562,"11":0.01854,"12":0.00927,"13":null,"14":0.003708,"15":null,"16":0.003708,"17":0.001854,"18":0.005562,"19":0.003708,"20":0.005562,"21":0.003708,"22":0.003708,"23":0.007416,"24":0.003708,"25":0.007416,"26":0.005562,"27":0.00927,"28":0.020394,"29":0.15759,"30":0.00927,"31":0.100116,"32":0.007416,"33":0.042642,"34":0.00927,"35":0.005562,"36":0.00927,"37":0.024102,"38":0.011124,"39":0.01854,"40":0.007416,"41":0.011124,"42":0.00927,"43":0.174276,"44":0.040788,"45":0.076014,"46":0.04635,"47":0.100116,"48":0.252144,"49":0.365238,"50":1.238472,"51":4.373586,"52":0.0927,"53":0.12051,"54":null},"opera":{"9":null,"9.5-9.6":0.005562,"10.0-10.1":0.038934,"10.5":null,"10.6":0.005562,"11":0.005562,"11.1":0.003708,"11.5":0.003708,"11.6":0.012978,"12":0.003708,"12.1":0.031518,"15":null,"16":null,"17":0.001854,"18":0.003708,"19":0.003708,"20":0.003708,"21":null,"22":0.003708,"23":null,"24":null,"25":0.001854,"26":0.003708,"27":0.005562,"28":0.007416,"29":0.011124,"30":0.01854,"31":0.001854,"32":0.007416,"33":0.014832,"34":0.035226,"35":0.02781,"36":0.031518,"37":0.183546,"38":0.307764,"39":0.003708,"40":null},"safari":{"3.1":null,"3.2":null,"4":0.003708,"5":null,"5.1":0.005562,"6":0.012978,"6.1":0.001854,"7":0.005562,"7.1":0.001854,"8":0.016686,"9":0.01854,"9.1":0.044496,"10":null,"0":null},"ios_saf":{"3.2":0,"4.0-4.1":0,"4.2-4.3":0,"5.0-5.1":0,"6.0-6.1":0,"7.0-7.1":0.0252928634816,"8":0,"8.1-8.4":0.0506849146631,"9.0-9.2":0.10940403302,"9.3":0.775846188835},"android":{"2.1":0,"2.2":0,"2.3":0.0211518567234,"3":0,"4":0.139249723429,"4.1":0.486492704639,"4.2-4.3":1.02762770581,"4.4":2.70920031533,"4.4.3-4.4.4":1.61987969407,"50":null},"op_mob":{"10":0,"11":0,"11.1":0,"11.5":0,"12":0,"12.1":0.0587491969925,"0":2.58496466767},"ie":{"5.5":null,"6":0.014113575,"7":0.002016225,"8":0.18952515,"9":0.02016225,"10":0.0403245,"11":0.21371985},"bb":{"7":0.0061095,"10":null},"ie_mob":{"10":0.235328888889,"11":0.660731111111},"edge":{"12":0.051912,"13":0.085284,"14":null},"and_ff":{"0":0.073314},"and_uc":{"0":14.858304},"op_mini":{"5.0-8.0":36.4245021353},"and_chr":{"0":18.007876},"samsung":{"0":1.173024}},"total":97.86504305}