{"id":"BE","name":"Belgium","month":"2016-06","access_date":"2016-07-06","data":{"firefox":{"2":null,"3":null,"3.5":null,"3.6":0.014098,"4":null,"5":null,"6":null,"7":null,"8":null,"9":null,"10":null,"11":null,"12":0.007049,"13":null,"14":null,"15":null,"16":0.021147,"17":null,"18":null,"19":null,"20":0.014098,"21":0.007049,"22":null,"23":null,"24":0.007049,"25":0.007049,"26":0.014098,"27":0.007049,"28":0.014098,"29":0.007049,"30":0.014098,"31":0.049343,"32":0.014098,"33":0.021147,"34":0.014098,"35":0.042294,"36":0.028196,"37":0.042294,"38":0.260813,"39":0.056392,"40":0.049343,"41":0.056392,"42":0.084588,"43":0.14098,"44":0.112784,"45":0.35245,"46":3.115658,"47":6.379345,"48":0.035245,"49":null,"50":null},"chrome":{"4":null,"5":null,"6":null,"7":null,"8":null,"9":null,"10":null,"11":0.014098,"12":null,"13":null,"14":null,"15":null,"16":null,"17":null,"18":null,"19":null,"20":null,"21":null,"22":0.014098,"23":null,"24":null,"25":null,"26":null,"27":null,"28":null,"29":0.148029,"30":0.007049,"31":0.035245,"32":0.028196,"33":0.028196,"34":0.028196,"35":0.035245,"36":0.035245,"37":0.056392,"38":0.049343,"39":0.112784,"40":0.042294,"41":0.077539,"42":0.063441,"43":0.098686,"44":0.091637,"45":0.105735,"46":0.084588,"47":0.126882,"48":0.162127,"49":2.086504,"50":7.274568,"51":22.535653,"52":0.07049,"53":0.042294,"54":null},"opera":{"9":null,"9.5-9.6":null,"10.0-10.1":0,"10.5":null,"10.6":null,"11":null,"11.1":null,"11.5":null,"11.6":null,"12":null,"12.1":0.035245,"15":null,"16":null,"17":null,"18":null,"19":null,"20":null,"21":null,"22":null,"23":null,"24":null,"25":null,"26":null,"27":null,"28":null,"29":null,"30":null,"31":null,"32":null,"33":null,"34":null,"35":null,"36":0.035245,"37":0.14098,"38":0.260813,"39":null,"40":null},"safari":{"3.1":null,"3.2":null,"4":0.021147,"5":0.084588,"5.1":0.239666,"6":0.021147,"6.1":0.190323,"7":0.084588,"7.1":0.042294,"8":0.465234,"9":0.958664,"9.1":3.968587,"10":null,"0":null},"ios_saf":{"3.2":0,"4.0-4.1":0,"4.2-4.3":0,"5.0-5.1":0,"6.0-6.1":0,"7.0-7.1":0.29530249871,"8":0,"8.1-8.4":0.591763046435,"9.0-9.2":1.27732806305,"9.3":9.05825939181},"android":{"2.1":0,"2.2":0,"2.3":0.00504251908397,"3":0,"4":0.0331965839695,"4.1":0.115977938931,"4.2-4.3":0.244982385496,"4.4":0.645862652672,"4.4.3-4.4.4":0.386172919847,"50":null},"op_mob":{"10":0,"11":0,"11.1":0,"11.5":0,"12":0,"12.1":0.000239630075188,"0":0.0105437233083},"ie":{"5.5":null,"6":null,"7":0.021147,"8":0.225568,"9":0.570969,"10":0.472283,"11":12.089035},"bb":{"7":0.01401725,"10":null},"ie_mob":{"10":0.261953414141,"11":0.735484585859},"edge":{"12":0.246715,"13":4.285792,"14":0.014098},"and_ff":{"0":0.032461},"and_uc":{"0":0.044265},"op_mini":{"5.0-8.0":0.148570646617},"and_chr":{"0":12.500704},"samsung":{"0":3.555955}},"total":98.87615525}