{"id":"BF","name":"Burkina Faso","month":"2016-06","access_date":"2016-07-06","data":{"firefox":{"2":0.007598,"3":0.155759,"3.5":0.015196,"3.6":0.045588,"4":0.068382,"5":0.018995,"6":null,"7":0.011397,"8":0.003799,"9":0.011397,"10":0.015196,"11":0.018995,"12":0.022794,"13":0.026593,"14":0.015196,"15":0.011397,"16":0.03799,"17":0.018995,"18":0.015196,"19":0.011397,"20":0.163357,"21":0.03799,"22":0.026593,"23":0.034191,"24":0.129166,"25":0.049387,"26":0.03799,"27":0.064583,"28":0.053186,"29":0.045588,"30":0.155759,"31":0.106372,"32":0.170955,"33":0.083578,"34":0.060784,"35":0.174754,"36":0.110171,"37":0.060784,"38":0.132965,"39":0.140563,"40":0.110171,"41":0.136764,"42":0.258332,"43":2.465551,"44":0.402694,"45":0.30392,"46":4.581594,"47":7.438442,"48":0.174754,"49":0.007598,"50":null},"chrome":{"4":null,"5":null,"6":null,"7":null,"8":null,"9":null,"10":0.011397,"11":0.083578,"12":null,"13":0.011397,"14":0.011397,"15":0.018995,"16":0.003799,"17":0.034191,"18":0.011397,"19":null,"20":null,"21":null,"22":null,"23":null,"24":0.011397,"25":0.022794,"26":null,"27":0.083578,"28":0.053186,"29":0.022794,"30":0.018995,"31":0.056985,"32":0.018995,"33":0.041789,"34":0.041789,"35":0.018995,"36":0.022794,"37":0.034191,"38":0.007598,"39":0.030392,"40":0.018995,"41":0.011397,"42":0.015196,"43":0.034191,"44":0.018995,"45":0.178553,"46":0.026593,"47":0.056985,"48":0.231739,"49":0.710413,"50":2.632707,"51":7.305477,"52":0.041789,"53":0.003799,"54":null},"opera":{"9":null,"9.5-9.6":null,"10.0-10.1":0,"10.5":null,"10.6":null,"11":0.163357,"11.1":null,"11.5":0.041789,"11.6":0.022794,"12":0.034191,"12.1":0.018995,"15":0.003799,"16":0.007598,"17":0.003799,"18":0.053186,"19":null,"20":0.007598,"21":0.003799,"22":null,"23":null,"24":null,"25":null,"26":null,"27":null,"28":0.007598,"29":0.011397,"30":0.011397,"31":null,"32":null,"33":0.011397,"34":0.064583,"35":0.018995,"36":0.030392,"37":0.284925,"38":0.421689,"39":null,"40":null},"safari":{"3.1":null,"3.2":null,"4":0,"5":0.022794,"5.1":0.007598,"6":0.018995,"6.1":null,"7":0.376101,"7.1":null,"8":0.068382,"9":0.102573,"9.1":0.216543,"10":null,"0":null},"ios_saf":{"3.2":0,"4.0-4.1":0,"4.2-4.3":0,"5.0-5.1":0,"6.0-6.1":0,"7.0-7.1":0.0172929522237,"8":0,"8.1-8.4":0.0346537199463,"9.0-9.2":0.0748004953049,"9.3":0.530452832525},"android":{"2.1":0,"2.2":0,"2.3":0.0237223722842,"3":0,"4":0.156172284204,"4.1":0.545614562537,"4.2-4.3":1.15251192014,"4.4":3.03844051674,"4.4.3-4.4.4":1.8167383441,"50":null},"op_mob":{"10":0,"11":0,"11.1":0,"11.5":0,"12":0,"12.1":0.047362406015,"0":2.08394586466},"ie":{"5.5":null,"6":0.011397,"7":0.007598,"8":0.319116,"9":0.167156,"10":0.634433,"11":2.993612},"bb":{"7":0.0496,"10":null},"ie_mob":{"10":0.130262626263,"11":0.365737373737},"edge":{"12":0.22794,"13":0.205146,"14":null},"and_ff":{"0":0.1488},"and_uc":{"0":5.5428},"op_mini":{"5.0-8.0":29.3646917293},"and_chr":{"0":14.767575},"samsung":{"0":1.5438}},"total":98.247285}