{"id":"BG","name":"Bulgaria","month":"2016-06","access_date":"2016-07-06","data":{"firefox":{"2":0.007107,"3":0.014214,"3.5":0.014214,"3.6":0.056856,"4":0.007107,"5":null,"6":0.014214,"7":null,"8":null,"9":null,"10":0.014214,"11":0.021321,"12":0.028428,"13":0.007107,"14":0.021321,"15":0.007107,"16":0.014214,"17":0.014214,"18":0.014214,"19":0.014214,"20":0.021321,"21":0.014214,"22":0.014214,"23":0.014214,"24":0.021321,"25":0.007107,"26":0.014214,"27":0.007107,"28":0.028428,"29":0.014214,"30":0.028428,"31":0.092391,"32":0.035535,"33":0.028428,"34":0.063963,"35":0.099498,"36":0.120819,"37":0.049749,"38":0.127926,"39":0.099498,"40":0.07107,"41":0.099498,"42":0.127926,"43":0.341136,"44":0.170568,"45":0.397992,"46":5.557674,"47":9.637092,"48":0.085284,"49":0.007107,"50":0.007107},"chrome":{"4":null,"5":null,"6":null,"7":null,"8":null,"9":null,"10":0.007107,"11":0.028428,"12":null,"13":null,"14":null,"15":null,"16":0.049749,"17":null,"18":0.014214,"19":null,"20":null,"21":null,"22":0.028428,"23":0.007107,"24":null,"25":0.014214,"26":0.063963,"27":0.007107,"28":0.007107,"29":1.84782,"30":0.014214,"31":0.028428,"32":0.07107,"33":0.035535,"34":0.07107,"35":0.056856,"36":0.035535,"37":0.035535,"38":0.035535,"39":0.042642,"40":0.312708,"41":0.035535,"42":0.028428,"43":0.127926,"44":0.113712,"45":0.099498,"46":0.120819,"47":0.241638,"48":0.28428,"49":4.960686,"50":8.748717,"51":22.891647,"52":0.106605,"53":0.063963,"54":null},"opera":{"9":null,"9.5-9.6":null,"10.0-10.1":0,"10.5":null,"10.6":null,"11":null,"11.1":null,"11.5":null,"11.6":0.014214,"12":0.007107,"12.1":0.227424,"15":null,"16":null,"17":null,"18":null,"19":null,"20":null,"21":null,"22":null,"23":null,"24":null,"25":null,"26":null,"27":null,"28":0.007107,"29":0.007107,"30":0.007107,"31":null,"32":0.014214,"33":0.014214,"34":0.021321,"35":0.014214,"36":0.220317,"37":0.547239,"38":0.966552,"39":null,"40":null},"safari":{"3.1":null,"3.2":null,"4":0,"5":0.014214,"5.1":0.042642,"6":null,"6.1":0.021321,"7":0.007107,"7.1":0.014214,"8":0.056856,"9":0.092391,"9.1":0.440634,"10":null,"0":null},"ios_saf":{"3.2":0,"4.0-4.1":0,"4.2-4.3":0,"5.0-5.1":0,"6.0-6.1":0,"7.0-7.1":0.0834788587349,"8":0,"8.1-8.4":0.167285085543,"9.0-9.2":0.361086985038,"9.3":2.56067307068},"android":{"2.1":0,"2.2":0,"2.3":0.0116563053435,"3":0,"4":0.0767373435115,"4.1":0.268095022901,"4.2-4.3":0.566302167939,"4.4":1.49297844275,"4.4.3-4.4.4":0.892678717557,"50":null},"op_mob":{"10":0,"11":0,"11.1":0,"11.5":0,"12":0,"12.1":0.00067407518797,"0":0.0296593082707},"ie":{"5.5":null,"6":0.0285830054526,"7":0.0214372540894,"8":0.585951611778,"9":0.50020259542,"10":0.378724822246,"11":5.03060895965},"bb":{"7":0.008676,"10":null},"ie_mob":{"10":0.211904727273,"11":0.594963272727},"edge":{"12":0.078177,"13":0.881268,"14":0.014214},"and_ff":{"0":0.026028},"and_uc":{"0":0.219792},"op_mini":{"5.0-8.0":0.417926616541},"and_chr":{"0":20.129901},"samsung":{"0":1.931856}},"total":98.6419712486}