{"id":"BH","name":"Bahrain","month":"2016-06","access_date":"2016-07-06","data":{"firefox":{"2":null,"3":0.012,"3.5":0.012,"3.6":0.032,"4":0.004,"5":null,"6":0.008,"7":null,"8":null,"9":null,"10":0.012,"11":0.008,"12":0.008,"13":0.004,"14":0.008,"15":0.012,"16":0.004,"17":null,"18":null,"19":null,"20":0.004,"21":0.044,"22":0.008,"23":0.008,"24":0.008,"25":0.008,"26":null,"27":0.008,"28":null,"29":0.008,"30":0.012,"31":0.016,"32":null,"33":0.008,"34":0.056,"35":0.004,"36":0.016,"37":0.032,"38":0.016,"39":0.028,"40":0.032,"41":0.028,"42":0.036,"43":0.084,"44":0.036,"45":0.116,"46":1.388,"47":1.88,"48":0.084,"49":null,"50":null},"chrome":{"4":0.004,"5":null,"6":null,"7":null,"8":null,"9":null,"10":null,"11":0.016,"12":0.008,"13":null,"14":null,"15":null,"16":null,"17":null,"18":0.004,"19":null,"20":0.008,"21":null,"22":0.016,"23":0.004,"24":0.016,"25":null,"26":0.008,"27":0.032,"28":0.028,"29":0.168,"30":0.012,"31":0.044,"32":0.016,"33":0.052,"34":0.036,"35":0.016,"36":0.056,"37":0.028,"38":0.04,"39":0.028,"40":0.016,"41":0.084,"42":0.012,"43":0.144,"44":0.056,"45":0.1,"46":0.14,"47":0.196,"48":0.136,"49":1.776,"50":5.552,"51":12.452,"52":0.076,"53":0.18,"54":null},"opera":{"9":null,"9.5-9.6":null,"10.0-10.1":0,"10.5":null,"10.6":null,"11":null,"11.1":null,"11.5":0.004,"11.6":0.004,"12":0.008,"12.1":0.032,"15":null,"16":null,"17":null,"18":null,"19":null,"20":null,"21":null,"22":null,"23":null,"24":null,"25":null,"26":null,"27":null,"28":0.044,"29":null,"30":null,"31":null,"32":null,"33":null,"34":0.008,"35":0.008,"36":0.052,"37":0.176,"38":0.168,"39":null,"40":null},"safari":{"3.1":null,"3.2":null,"4":0.004,"5":0.036,"5.1":0.072,"6":0.028,"6.1":0.048,"7":0.06,"7.1":0.008,"8":0.348,"9":0.536,"9.1":1.38,"10":null,"0":null},"ios_saf":{"3.2":0,"4.0-4.1":0,"4.2-4.3":0,"5.0-5.1":0,"6.0-6.1":0,"7.0-7.1":0.285396652564,"8":0,"8.1-8.4":0.571912507688,"9.0-9.2":1.23448042266,"9.3":8.75440241709},"android":{"2.1":0,"2.2":0,"2.3":0.016147631239,"3":0,"4":0.10630523899,"4.1":0.371395518497,"4.2-4.3":0.784505751028,"4.4":2.06824243453,"4.4.3-4.4.4":1.23663942572,"50":null},"op_mob":{"10":0,"11":0,"11.1":0,"11.5":0,"12":0,"12.1":0.00423087368421,"0":0.186158442105},"ie":{"5.5":null,"6":0.00804531410917,"7":0.0120679711637,"8":0.462605561277,"9":0.539036045314,"10":0.410311019567,"11":6.37993408857},"bb":{"7":0.029995,"10":null},"ie_mob":{"10":0.0866522222222,"11":0.243292777778},"edge":{"12":0.276,"13":1.016,"14":null},"and_ff":{"0":0.017997},"and_uc":{"0":8.896517},"op_mini":{"5.0-8.0":2.62314168421},"and_chr":{"0":26.165825},"samsung":{"0":6.832861}},"total":98.296099}