{"id":"BI","name":"Burundi","month":"2016-06","access_date":"2016-07-06","data":{"firefox":{"2":0.045182,"3":0.084419,"3.5":null,"3.6":0.07134,"4":0.002378,"5":0.01189,"6":null,"7":0.016646,"8":0.007134,"9":null,"10":0.009512,"11":0.014268,"12":0.016646,"13":0.013079,"14":0.005945,"15":0.009512,"16":0.010701,"17":0.010701,"18":0.004756,"19":0.014268,"20":0.014268,"21":0.010701,"22":0.002378,"23":0.003567,"24":0.013079,"25":0.013079,"26":0.003567,"27":0.007134,"28":0.003567,"29":0.024969,"30":0.017835,"31":0.053505,"32":0.053505,"33":0.01189,"34":0.009512,"35":0.014268,"36":0.017835,"37":0.042804,"38":0.021402,"39":0.020213,"40":0.039237,"41":0.041615,"42":0.026158,"43":0.348377,"44":0.121278,"45":0.079663,"46":1.381618,"47":1.816792,"48":0.103443,"49":null,"50":null},"chrome":{"4":null,"5":null,"6":null,"7":null,"8":0.01189,"9":0.002378,"10":0.033292,"11":0.029725,"12":0.005945,"13":0.022591,"14":null,"15":null,"16":0.007134,"17":0.003567,"18":null,"19":null,"20":null,"21":0.002378,"22":0.001189,"23":null,"24":null,"25":0.002378,"26":0.008323,"27":null,"28":null,"29":0.001189,"30":0.01189,"31":0.007134,"32":0.005945,"33":0.003567,"34":0.002378,"35":null,"36":0.016646,"37":0.004756,"38":0.016646,"39":0.002378,"40":0.001189,"41":0.001189,"42":0.001189,"43":0.074907,"44":0.021402,"45":0.140302,"46":0.007134,"47":0.052316,"48":0.032103,"49":0.231855,"50":1.015406,"51":2.601532,"52":0.004756,"53":0.004756,"54":null},"opera":{"9":null,"9.5-9.6":null,"10.0-10.1":0.053505,"10.5":null,"10.6":null,"11":null,"11.1":null,"11.5":null,"11.6":0.001189,"12":0.002378,"12.1":0.060639,"15":null,"16":null,"17":null,"18":null,"19":null,"20":0.01189,"21":0.005945,"22":null,"23":null,"24":null,"25":null,"26":null,"27":null,"28":null,"29":0.005945,"30":0.01189,"31":0.004756,"32":0.001189,"33":0.003567,"34":0.10701,"35":0.029725,"36":0.015457,"37":0.096309,"38":0.165271,"39":null,"40":null},"safari":{"3.1":null,"3.2":null,"4":0,"5":null,"5.1":0.008323,"6":0.003567,"6.1":0.009512,"7":0.001189,"7.1":null,"8":0.009512,"9":0.020213,"9.1":0.091553,"10":null,"0":null},"ios_saf":{"3.2":0,"4.0-4.1":0,"4.2-4.3":0,"5.0-5.1":0,"6.0-6.1":0,"7.0-7.1":0.0108966912599,"8":0,"8.1-8.4":0.0218361146425,"9.0-9.2":0.0471335312145,"9.3":0.334250662883},"android":{"2.1":0,"2.2":0,"2.3":0.0081021879037,"3":0,"4":0.0533394036994,"4.1":0.186350321785,"4.2-4.3":0.393631295655,"4.4":1.037755234,"4.4.3-4.4.4":0.620492556958,"50":null},"op_mob":{"10":0,"11":0,"11.1":0,"11.5":0,"12":0,"12.1":0.115735466165,"0":5.09236051128},"ie":{"5.5":null,"6":0.001189,"7":0.005945,"8":0.180728,"9":0.041615,"10":0.067773,"11":0.955956},"bb":{"7":0.01982475,"10":null},"ie_mob":{"10":0.178178,"11":0.500269},"edge":{"12":0.03567,"13":0.173594,"14":null},"and_ff":{"0":null},"and_uc":{"0":2.176317},"op_mini":{"5.0-8.0":71.7559890226},"and_chr":{"0":3.866379},"samsung":{"0":0.678447}},"total":98.33928275}