{"id":"BJ","name":"Benin","month":"2016-06","access_date":"2016-07-06","data":{"firefox":{"2":0.007488,"3":0.067392,"3.5":0.017472,"3.6":0.019968,"4":0.004992,"5":0.004992,"6":0.004992,"7":0.004992,"8":0.004992,"9":null,"10":0.042432,"11":0.022464,"12":0.02496,"13":0.004992,"14":0.017472,"15":0.032448,"16":0.017472,"17":0.017472,"18":0.014976,"19":0.014976,"20":0.019968,"21":0.014976,"22":0.009984,"23":0.01248,"24":0.032448,"25":0.017472,"26":0.02496,"27":0.022464,"28":0.014976,"29":0.03744,"30":0.089856,"31":0.047424,"32":0.052416,"33":0.039936,"34":0.039936,"35":0.09984,"36":0.034944,"37":0.042432,"38":0.09984,"39":0.072384,"40":0.102336,"41":0.142272,"42":0.069888,"43":1.839552,"44":0.2496,"45":0.232128,"46":1.874496,"47":2.3088,"48":0.404352,"49":0.007488,"50":null},"chrome":{"4":0.004992,"5":null,"6":0.007488,"7":0.002496,"8":0.007488,"9":0.002496,"10":0.009984,"11":0.044928,"12":0.034944,"13":0.009984,"14":0.027456,"15":0.019968,"16":0.034944,"17":0.004992,"18":0.009984,"19":0.01248,"20":null,"21":0.007488,"22":0.01248,"23":0.022464,"24":0.002496,"25":0.042432,"26":0.042432,"27":0.069888,"28":0.02496,"29":0.157248,"30":0.052416,"31":0.057408,"32":0.022464,"33":0.104832,"34":0.04992,"35":0.032448,"36":0.084864,"37":0.019968,"38":0.022464,"39":0.039936,"40":0.07488,"41":0.019968,"42":0.042432,"43":0.36192,"44":0.102336,"45":0.202176,"46":0.189696,"47":0.264576,"48":0.202176,"49":1.153152,"50":2.336256,"51":6.78912,"52":0.09984,"53":0.019968,"54":null},"opera":{"9":null,"9.5-9.6":null,"10.0-10.1":0,"10.5":null,"10.6":null,"11":null,"11.1":null,"11.5":0.002496,"11.6":0.009984,"12":null,"12.1":0.014976,"15":0.022464,"16":0.002496,"17":null,"18":0.004992,"19":0.07488,"20":0.002496,"21":0.004992,"22":0.002496,"23":null,"24":0.004992,"25":null,"26":null,"27":null,"28":null,"29":0.01248,"30":null,"31":0.004992,"32":0.004992,"33":0.002496,"34":0.144768,"35":0.044928,"36":0.072384,"37":0.144768,"38":0.234624,"39":null,"40":null},"safari":{"3.1":null,"3.2":null,"4":0,"5":0.01248,"5.1":0.017472,"6":null,"6.1":0.009984,"7":0.067392,"7.1":0.019968,"8":0.117312,"9":0.107328,"9.1":0.247104,"10":null,"0":null},"ios_saf":{"3.2":0,"4.0-4.1":0,"4.2-4.3":0,"5.0-5.1":0,"6.0-6.1":0,"7.0-7.1":0.021522410484,"8":0,"8.1-8.4":0.0431292225776,"9.0-9.2":0.0930949755443,"9.3":0.660189391394},"android":{"2.1":0,"2.2":0,"2.3":0.013827100411,"3":0,"4":0.0910284110393,"4.1":0.318023309454,"4.2-4.3":0.671766628303,"4.4":1.77102111098,"4.4.3-4.4.4":1.05892543981,"50":null},"op_mob":{"10":0,"11":0,"11.1":0,"11.5":0,"12":0,"12.1":0.0826794105263,"0":3.63789406316},"ie":{"5.5":null,"6":0.0303023157895,"7":0.00757557894737,"8":0.143936,"9":0.027777122807,"10":0.118684070175,"11":0.535340912281},"bb":{"7":0.073164,"10":null},"ie_mob":{"10":0.331085575758,"11":0.929586424242},"edge":{"12":0.07488,"13":0.189696,"14":null},"and_ff":{"0":0.022512},"and_uc":{"0":5.70304},"op_mini":{"5.0-8.0":51.2612345263},"and_chr":{"0":7.222496},"samsung":{"0":0.67536}},"total":98.588268}