{"id":"BM","name":"Bermuda","month":"2016-06","access_date":"2016-07-06","data":{"firefox":{"2":null,"3":null,"3.5":null,"3.6":null,"4":null,"5":null,"6":0.007285,"7":null,"8":null,"9":null,"10":null,"11":null,"12":0.007285,"13":null,"14":0.007285,"15":null,"16":0.01457,"17":0.007285,"18":null,"19":null,"20":null,"21":null,"22":null,"23":null,"24":null,"25":null,"26":0.02914,"27":null,"28":null,"29":null,"30":null,"31":null,"32":null,"33":0.007285,"34":null,"35":0.036425,"36":null,"37":0.01457,"38":0.065565,"39":null,"40":null,"41":0.094705,"42":0.065565,"43":0.05828,"44":0.01457,"45":0.094705,"46":1.872245,"47":3.10341,"48":0.02914,"49":null,"50":null},"chrome":{"4":null,"5":null,"6":null,"7":null,"8":null,"9":null,"10":null,"11":0.02914,"12":0.01457,"13":null,"14":null,"15":null,"16":0.01457,"17":null,"18":null,"19":null,"20":null,"21":null,"22":0.01457,"23":null,"24":null,"25":0.01457,"26":0.007285,"27":0.07285,"28":0.02914,"29":null,"30":null,"31":null,"32":0.007285,"33":0.021855,"34":0.05828,"35":0.007285,"36":null,"37":0.01457,"38":0.021855,"39":0.1457,"40":0.01457,"41":0.021855,"42":0.021855,"43":0.05828,"44":0.02914,"45":0.07285,"46":0.080135,"47":0.123845,"48":0.10199,"49":2.455045,"50":7.292285,"51":17.83368,"52":0.080135,"53":0.02914,"54":null},"opera":{"9":null,"9.5-9.6":null,"10.0-10.1":0,"10.5":null,"10.6":null,"11":null,"11.1":null,"11.5":null,"11.6":null,"12":null,"12.1":null,"15":null,"16":null,"17":null,"18":null,"19":null,"20":null,"21":null,"22":null,"23":null,"24":null,"25":null,"26":null,"27":null,"28":null,"29":0.021855,"30":null,"31":null,"32":null,"33":null,"34":null,"35":null,"36":null,"37":0.04371,"38":0.065565,"39":null,"40":null},"safari":{"3.1":null,"3.2":null,"4":0.04371,"5":0.16027,"5.1":0.50995,"6":0.094705,"6.1":0.298685,"7":0.13113,"7.1":0.080135,"8":0.39339,"9":0.881485,"9.1":3.941185,"10":null,"0":null},"ios_saf":{"3.2":0,"4.0-4.1":0,"4.2-4.3":0,"5.0-5.1":0,"6.0-6.1":0,"7.0-7.1":0.342428609019,"8":0,"8.1-8.4":0.686200075328,"9.0-9.2":1.48117159117,"9.3":10.5038297245},"android":{"2.1":0,"2.2":0,"2.3":0.0043889348209,"3":0,"4":0.0288938209043,"4.1":0.100945500881,"4.2-4.3":0.213229083382,"4.4":0.562149401644,"4.4.3-4.4.4":0.336119258368,"50":null},"op_mob":{"10":0,"11":0,"11.1":0,"11.5":0,"12":0,"12.1":5.30556390977e-5,"0":0.0023344481203},"ie":{"5.5":null,"6":0.007285,"7":0.021855,"8":1.09275,"9":1.260305,"10":1.187455,"11":22.488795},"bb":{"7":0.3480705,"10":null},"ie_mob":{"10":0.0434788282828,"11":0.122075171717},"edge":{"12":0.240405,"13":4.5167,"14":null},"and_ff":{"0":0.010856},"and_uc":{"0":0.043424},"op_mini":{"5.0-8.0":0.0328944962406},"and_chr":{"0":7.795469},"samsung":{"0":3.905446}},"total":98.2624275}