{"id":"BN","name":"Brunei Darussalam","month":"2016-06","access_date":"2016-07-06","data":{"firefox":{"2":null,"3":0.01495,"3.5":null,"3.6":0.02392,"4":0.01495,"5":null,"6":0.00897,"7":0.00598,"8":null,"9":0.03887,"10":0.00299,"11":0.00897,"12":0.01196,"13":0.00897,"14":null,"15":null,"16":0.01794,"17":0.00299,"18":null,"19":null,"20":null,"21":null,"22":0.00598,"23":null,"24":0.00299,"25":0.00299,"26":null,"27":0.00299,"28":0.00897,"29":0.02093,"30":0.01794,"31":0.02093,"32":0.0598,"33":0.00598,"34":0.05681,"35":0.00897,"36":0.01495,"37":0.01495,"38":0.03887,"39":0.0897,"40":0.04186,"41":0.03887,"42":0.05083,"43":0.12558,"44":0.07176,"45":0.13156,"46":1.53387,"47":2.65213,"48":0.20332,"49":null,"50":0.01196},"chrome":{"4":null,"5":null,"6":null,"7":null,"8":null,"9":null,"10":null,"11":0.02093,"12":null,"13":null,"14":0.00598,"15":null,"16":null,"17":null,"18":null,"19":null,"20":null,"21":0.01196,"22":0.01196,"23":null,"24":null,"25":null,"26":0.00299,"27":null,"28":0.00299,"29":0.01495,"30":0.00299,"31":0.02691,"32":0.01794,"33":0.07774,"34":0.00897,"35":0.01495,"36":0.04485,"37":0.00598,"38":0.02093,"39":0.03887,"40":0.01495,"41":0.00897,"42":0.00897,"43":0.06578,"44":0.04784,"45":0.20332,"46":0.05083,"47":0.10764,"48":0.06877,"49":1.11228,"50":4.4551,"51":10.90154,"52":0.08073,"53":0.18538,"54":null},"opera":{"9":null,"9.5-9.6":null,"10.0-10.1":0,"10.5":null,"10.6":null,"11":null,"11.1":null,"11.5":null,"11.6":null,"12":null,"12.1":0.03289,"15":null,"16":null,"17":null,"18":null,"19":null,"20":null,"21":null,"22":null,"23":null,"24":null,"25":null,"26":null,"27":null,"28":null,"29":null,"30":null,"31":null,"32":0.01794,"33":0.00299,"34":0.0299,"35":0.01196,"36":0.02093,"37":0.09568,"38":0.13156,"39":0.01495,"40":null},"safari":{"3.1":null,"3.2":null,"4":0.02093,"5":0.04485,"5.1":0.06877,"6":0.01794,"6.1":0.08073,"7":0.03887,"7.1":0.01495,"8":0.21528,"9":0.35282,"9.1":1.08537,"10":null,"0":null},"ios_saf":{"3.2":0,"4.0-4.1":0,"4.2-4.3":0,"5.0-5.1":0,"6.0-6.1":0,"7.0-7.1":0.213045119183,"8":0,"8.1-8.4":0.426925709421,"9.0-9.2":0.921524574347,"9.3":6.53505459705},"android":{"2.1":0,"2.2":0,"2.3":0.0248704756312,"3":0,"4":0.163730631239,"4.1":0.572020939518,"4.2-4.3":1.20829060775,"4.4":3.18549342043,"4.4.3-4.4.4":1.90466392543,"50":null},"op_mob":{"10":0,"11":0,"11.1":0,"11.5":0,"12":0,"12.1":0.047530962406,"0":2.09136234586},"ie":{"5.5":null,"6":null,"7":0.015020078125,"8":0.12616865625,"9":0.303405578125,"10":0.135180703125,"11":1.34279498437},"bb":{"7":0.0087625,"10":null},"ie_mob":{"10":0.0128870707071,"11":0.0361829292929},"edge":{"12":0.04186,"13":0.55913,"14":0.00598},"and_ff":{"0":0.02804},"and_uc":{"0":5.47481},"op_mini":{"5.0-8.0":29.4691966917},"and_chr":{"0":14.89563},"samsung":{"0":3.31573}},"total":98.4055425}