{"id":"BO","name":"Bolivia","month":"2016-06","access_date":"2016-07-06","data":{"firefox":{"2":null,"3":0.036309,"3.5":0.015561,"3.6":0.046683,"4":0.015561,"5":0.015561,"6":0.020748,"7":null,"8":0.036309,"9":0.010374,"10":0.010374,"11":0.015561,"12":0.05187,"13":0.015561,"14":0.015561,"15":0.015561,"16":0.036309,"17":0.05187,"18":0.020748,"19":0.010374,"20":0.031122,"21":0.025935,"22":0.020748,"23":0.025935,"24":0.025935,"25":0.036309,"26":0.036309,"27":0.025935,"28":0.031122,"29":0.062244,"30":0.082992,"31":0.077805,"32":0.05187,"33":0.093366,"34":0.114114,"35":0.124488,"36":0.098553,"37":0.145236,"38":0.171171,"39":0.181545,"40":0.165984,"41":0.150423,"42":0.165984,"43":0.679497,"44":0.290472,"45":0.451269,"46":3.034395,"47":4.481568,"48":0.041496,"49":null,"50":null},"chrome":{"4":null,"5":null,"6":null,"7":null,"8":0.015561,"9":null,"10":null,"11":0.082992,"12":0.010374,"13":0.010374,"14":0.005187,"15":0.005187,"16":null,"17":null,"18":0.05187,"19":0.005187,"20":null,"21":0.010374,"22":0.036309,"23":0.046683,"24":0.005187,"25":0.072618,"26":0.05187,"27":0.020748,"28":0.015561,"29":0.176358,"30":0.020748,"31":0.093366,"32":0.031122,"33":0.119301,"34":0.036309,"35":0.067431,"36":0.062244,"37":0.05187,"38":0.15561,"39":0.093366,"40":0.082992,"41":0.077805,"42":0.05187,"43":0.238602,"44":0.212667,"45":0.217854,"46":0.290472,"47":0.300846,"48":0.409773,"49":3.024021,"50":6.986889,"51":18.304923,"52":0.072618,"53":0.015561,"54":null},"opera":{"9":null,"9.5-9.6":0.005187,"10.0-10.1":0,"10.5":null,"10.6":null,"11":null,"11.1":null,"11.5":null,"11.6":null,"12":null,"12.1":0.025935,"15":null,"16":null,"17":null,"18":null,"19":null,"20":null,"21":null,"22":null,"23":null,"24":null,"25":null,"26":null,"27":0.005187,"28":0.010374,"29":0.020748,"30":0.010374,"31":0.010374,"32":0.005187,"33":0.005187,"34":0.015561,"35":0.020748,"36":0.046683,"37":0.191919,"38":0.316407,"39":null,"40":null},"safari":{"3.1":null,"3.2":null,"4":0,"5":0.020748,"5.1":0.067431,"6":0.025935,"6.1":0.031122,"7":0.031122,"7.1":0.015561,"8":0.248976,"9":0.197106,"9.1":0.492765,"10":null,"0":null},"ios_saf":{"3.2":0,"4.0-4.1":0,"4.2-4.3":0,"5.0-5.1":0,"6.0-6.1":0,"7.0-7.1":0.0587631988443,"8":0,"8.1-8.4":0.117756841606,"9.0-9.2":0.254179640491,"9.3":1.80253231906},"android":{"2.1":0,"2.2":0,"2.3":0.0265887868467,"3":0,"4":0.175042846741,"4.1":0.611542097475,"4.2-4.3":1.2917718943,"4.4":3.40558044862,"4.4.3-4.4.4":2.03625792601,"50":null},"op_mob":{"10":0,"11":0,"11.1":0,"11.5":0,"12":0,"12.1":0.0106175503759,"0":0.467172216541},"ie":{"5.5":null,"6":0.0261076123128,"7":0.0104430449251,"8":0.918987953411,"9":0.229746988353,"10":0.40727875208,"11":1.54034912646},"bb":{"7":0.014439,"10":null},"ie_mob":{"10":0.156738505051,"11":0.440073494949},"edge":{"12":0.088179,"13":0.342342,"14":null},"and_ff":{"0":0.043317},"and_uc":{"0":2.271736},"op_mini":{"5.0-8.0":6.58288123308},"and_chr":{"0":26.028567},"samsung":{"0":4.702301}},"total":98.8873474775}