{"id":"BR","name":"Brazil","month":"2016-06","access_date":"2016-07-06","data":{"firefox":{"2":null,"3":0.014914,"3.5":null,"3.6":0.014914,"4":null,"5":null,"6":0.037285,"7":null,"8":null,"9":null,"10":null,"11":null,"12":0.007457,"13":null,"14":null,"15":null,"16":0.007457,"17":0.007457,"18":null,"19":null,"20":0.029828,"21":0.022371,"22":0.014914,"23":0.014914,"24":0.022371,"25":null,"26":0.007457,"27":null,"28":0.014914,"29":0.014914,"30":0.022371,"31":0.096941,"32":0.014914,"33":0.022371,"34":0.022371,"35":0.022371,"36":0.022371,"37":0.037285,"38":0.119312,"39":0.044742,"40":0.044742,"41":0.067113,"42":0.07457,"43":0.193882,"44":0.111855,"45":0.208796,"46":2.445896,"47":4.086436,"48":0.044742,"49":0.007457,"50":null},"chrome":{"4":null,"5":null,"6":null,"7":null,"8":null,"9":null,"10":null,"11":0.007457,"12":0.007457,"13":null,"14":null,"15":null,"16":null,"17":null,"18":0.007457,"19":null,"20":null,"21":null,"22":0.029828,"23":null,"24":null,"25":0.014914,"26":0.014914,"27":0.014914,"28":0.007457,"29":1.073808,"30":0.014914,"31":0.029828,"32":0.164054,"33":0.044742,"34":0.037285,"35":0.082027,"36":0.380307,"37":0.059656,"38":0.044742,"39":0.067113,"40":0.07457,"41":0.059656,"42":0.059656,"43":0.469791,"44":0.141683,"45":0.14914,"46":0.305737,"47":0.648759,"48":0.402678,"49":2.580122,"50":13.407686,"51":37.299914,"52":0.231167,"53":0.141683,"54":null},"opera":{"9":null,"9.5-9.6":null,"10.0-10.1":0,"10.5":null,"10.6":null,"11":null,"11.1":null,"11.5":null,"11.6":null,"12":null,"12.1":0.029828,"15":null,"16":null,"17":null,"18":null,"19":null,"20":null,"21":null,"22":null,"23":null,"24":null,"25":null,"26":null,"27":null,"28":0.014914,"29":null,"30":null,"31":null,"32":null,"33":null,"34":0.007457,"35":0.007457,"36":0.022371,"37":0.201339,"38":0.335565,"39":null,"40":null},"safari":{"3.1":null,"3.2":null,"4":0.007457,"5":0.014914,"5.1":0.037285,"6":0.007457,"6.1":0.029828,"7":0.022371,"7.1":0.007457,"8":0.111855,"9":0.208796,"9.1":0.89484,"10":null,"0":null},"ios_saf":{"3.2":0,"4.0-4.1":0,"4.2-4.3":0,"5.0-5.1":0,"6.0-6.1":0,"7.0-7.1":0.0731752904757,"8":0,"8.1-8.4":0.146637542875,"9.0-9.2":0.316519001548,"9.3":2.2446161651},"android":{"2.1":0,"2.2":0,"2.3":0.00917090311216,"3":0,"4":0.060375112155,"4.1":0.21093077158,"4.2-4.3":0.445553042866,"4.4":1.17463984028,"4.4.3-4.4.4":0.702338330006,"50":null},"op_mob":{"10":0,"11":0,"11.1":0,"11.5":0,"12":0,"12.1":0.00125762105263,"0":0.0553353263158},"ie":{"5.5":null,"6":0.0153845873786,"7":0.0153845873786,"8":0.430768446602,"9":0.33846092233,"10":0.261537985437,"11":2.10768847087},"bb":{"7":0.005084,"10":null},"ie_mob":{"10":0.233658585859,"11":0.656041414141},"edge":{"12":0.119312,"13":0.939582,"14":0.007457},"and_ff":{"0":0.015252},"and_uc":{"0":0.513484},"op_mini":{"5.0-8.0":0.779725052632},"and_chr":{"0":17.619531},"samsung":{"0":1.08035}},"total":98.557263}