{"id":"BS","name":"Bahamas","month":"2016-06","access_date":"2016-07-06","data":{"firefox":{"2":null,"3":null,"3.5":null,"3.6":null,"4":null,"5":null,"6":null,"7":null,"8":null,"9":null,"10":null,"11":null,"12":0.00582,"13":0.00582,"14":null,"15":0.00582,"16":0.02328,"17":0.01164,"18":null,"19":null,"20":null,"21":null,"22":null,"23":null,"24":0.01164,"25":null,"26":null,"27":null,"28":null,"29":null,"30":null,"31":0.02328,"32":null,"33":0.04074,"34":null,"35":null,"36":null,"37":0.01164,"38":0.03492,"39":0.01164,"40":0.01164,"41":0.02328,"42":0.06984,"43":0.07566,"44":0.03492,"45":0.10476,"46":1.73436,"47":2.8809,"48":0.04656,"49":null,"50":null},"chrome":{"4":null,"5":null,"6":null,"7":null,"8":null,"9":null,"10":null,"11":0.01746,"12":0.00582,"13":null,"14":null,"15":null,"16":null,"17":null,"18":0.01746,"19":null,"20":null,"21":0.00582,"22":0.01164,"23":null,"24":null,"25":null,"26":null,"27":null,"28":0.00582,"29":0.5529,"30":0.01164,"31":0.01746,"32":0.01164,"33":0.04074,"34":0.01164,"35":0.01164,"36":0.04656,"37":0.03492,"38":0.04656,"39":0.03492,"40":0.02328,"41":0.01164,"42":0.01746,"43":0.0873,"44":0.06402,"45":0.15132,"46":0.04656,"47":0.12222,"48":0.09312,"49":2.4444,"50":8.7882,"51":18.47268,"52":0.09894,"53":0.02328,"54":null},"opera":{"9":null,"9.5-9.6":null,"10.0-10.1":0,"10.5":null,"10.6":null,"11":null,"11.1":null,"11.5":null,"11.6":null,"12":null,"12.1":0.01164,"15":null,"16":null,"17":null,"18":null,"19":null,"20":null,"21":null,"22":null,"23":null,"24":null,"25":null,"26":null,"27":0.00582,"28":0.01746,"29":0.06984,"30":null,"31":null,"32":null,"33":null,"34":null,"35":0.00582,"36":0.01164,"37":0.22698,"38":0.1164,"39":null,"40":null},"safari":{"3.1":null,"3.2":null,"4":0.04656,"5":0.07566,"5.1":0.18042,"6":0.01746,"6.1":0.15714,"7":0.05238,"7.1":0.01746,"8":0.27936,"9":0.4365,"9.1":2.62482,"10":null,"0":null},"ios_saf":{"3.2":0,"4.0-4.1":0,"4.2-4.3":0,"5.0-5.1":0,"6.0-6.1":0,"7.0-7.1":0.259133257662,"8":0,"8.1-8.4":0.519282724177,"9.0-9.2":1.12087836549,"9.3":7.94878565267},"android":{"2.1":0,"2.2":0,"2.3":0.0153013035819,"3":0,"4":0.100733581914,"4.1":0.351929982384,"4.2-4.3":0.743388332355,"4.4":1.95984196712,"4.4.3-4.4.4":1.17182483265,"50":null},"op_mob":{"10":0,"11":0,"11.1":0,"11.5":0,"12":0,"12.1":0.000213714285714,"0":0.00940342857143},"ie":{"5.5":null,"6":null,"7":0.04074,"8":0.34338,"9":0.39576,"10":0.6402,"11":7.57182},"bb":{"7":0.07733,"10":null},"ie_mob":{"10":0.234924444444,"11":0.659595555556},"edge":{"12":0.4074,"13":4.27188,"14":null},"and_ff":{"0":0.04598},"and_uc":{"0":0.1463},"op_mini":{"5.0-8.0":0.132502857143},"and_chr":{"0":21.61736},"samsung":{"0":7.03494}},"total":98.67141}