{"id":"BT","name":"Bhutan","month":"2016-06","access_date":"2016-07-06","data":{"firefox":{"2":null,"3":0.0637,"3.5":0.02548,"3.6":0.01911,"4":0.009555,"5":0.015925,"6":0.009555,"7":0.00637,"8":null,"9":0.003185,"10":0.041405,"11":0.003185,"12":0.035035,"13":0.00637,"14":0.022295,"15":0.03822,"16":0.015925,"17":0.009555,"18":0.060515,"19":0.00637,"20":0.00637,"21":0.00637,"22":null,"23":0.009555,"24":null,"25":0.009555,"26":0.003185,"27":null,"28":0.01911,"29":0.028665,"30":0.003185,"31":0.04459,"32":0.041405,"33":0.003185,"34":0.009555,"35":0.022295,"36":0.03185,"37":0.02548,"38":0.022295,"39":0.041405,"40":0.10829,"41":0.01274,"42":0.05096,"43":0.22295,"44":0.17836,"45":0.194285,"46":1.60524,"47":2.213575,"48":0.398125,"49":null,"50":null},"chrome":{"4":0.00637,"5":0.073255,"6":null,"7":0.00637,"8":null,"9":0.003185,"10":0.00637,"11":0.02548,"12":0.028665,"13":null,"14":0.02548,"15":null,"16":0.003185,"17":0.00637,"18":0.041405,"19":0.003185,"20":0.01274,"21":0.009555,"22":null,"23":0.009555,"24":0.00637,"25":0.02548,"26":null,"27":0.02548,"28":0.028665,"29":0.028665,"30":0.30576,"31":0.05096,"32":0.041405,"33":0.07644,"34":0.01911,"35":0.01274,"36":0.05733,"37":0.015925,"38":0.028665,"39":0.01911,"40":0.162435,"41":0.03185,"42":0.01911,"43":0.42042,"44":0.066885,"45":0.42679,"46":0.08918,"47":0.156065,"48":0.14651,"49":1.417325,"50":4.672395,"51":11.246235,"52":0.200655,"53":0.289835,"54":null},"opera":{"9":null,"9.5-9.6":null,"10.0-10.1":0,"10.5":null,"10.6":null,"11":null,"11.1":null,"11.5":null,"11.6":null,"12":null,"12.1":0.00637,"15":null,"16":null,"17":null,"18":null,"19":null,"20":null,"21":null,"22":null,"23":null,"24":null,"25":null,"26":null,"27":null,"28":0.00637,"29":0.00637,"30":null,"31":null,"32":null,"33":null,"34":0.022295,"35":0.009555,"36":0.04459,"37":0.085995,"38":0.124215,"39":null,"40":null},"safari":{"3.1":null,"3.2":null,"4":0,"5":0.01274,"5.1":0.01911,"6":0.01274,"6.1":0.009555,"7":0.02548,"7.1":0.003185,"8":0.05733,"9":0.143325,"9.1":0.40131,"10":null,"0":null},"ios_saf":{"3.2":0,"4.0-4.1":0,"4.2-4.3":0,"5.0-5.1":0,"6.0-6.1":0,"7.0-7.1":0.095579478382,"8":0,"8.1-8.4":0.191533778248,"9.0-9.2":0.413428096688,"9.3":2.93185364668},"android":{"2.1":0,"2.2":0,"2.3":0.0168554198473,"3":0,"4":0.110964847328,"4.1":0.387674656489,"4.2-4.3":0.818892480916,"4.4":2.15889835878,"4.4.3-4.4.4":1.29084423664,"50":null},"op_mob":{"10":0,"11":0,"11.1":0,"11.5":0,"12":0,"12.1":0.0242060601504,"0":1.06506664662},"ie":{"5.5":null,"6":0.00640397333333,"7":null,"8":0.217735093333,"9":0.0640397333333,"10":0.05763576,"11":0.85493044},"bb":{"7":0.006815,"10":null},"ie_mob":{"10":0.458188282828,"11":1.28645171717},"edge":{"12":0.07007,"13":0.15925,"14":null},"and_ff":{"0":0.020445},"and_uc":{"0":11.101635},"op_mini":{"5.0-8.0":15.0077572932},"and_chr":{"0":27.992655},"samsung":{"0":4.98858}},"total":98.842225}