{"id":"BW","name":"Botswana","month":"2016-06","access_date":"2016-07-06","data":{"firefox":{"2":null,"3":0.015612,"3.5":null,"3.6":0.015612,"4":0.015612,"5":0.010408,"6":null,"7":0.005204,"8":0.005204,"9":0.010408,"10":0.010408,"11":0.041632,"12":0.031224,"13":0.010408,"14":0.02602,"15":0.031224,"16":0.031224,"17":0.010408,"18":0.426728,"19":0.114488,"20":0.02602,"21":0.020816,"22":0.005204,"23":0.020816,"24":0.005204,"25":0.015612,"26":0.036428,"27":0.20816,"28":0.02602,"29":0.093672,"30":0.020816,"31":0.036428,"32":0.010408,"33":0.05204,"34":1.295796,"35":0.124896,"36":0.020816,"37":0.093672,"38":0.062448,"39":0.083264,"40":0.192548,"41":0.072856,"42":0.062448,"43":0.660908,"44":0.18214,"45":0.244588,"46":3.294132,"47":5.328896,"48":0.551624,"49":0.015612,"50":null},"chrome":{"4":null,"5":null,"6":null,"7":null,"8":null,"9":null,"10":null,"11":0.088468,"12":null,"13":null,"14":null,"15":null,"16":null,"17":null,"18":0.02602,"19":null,"20":null,"21":0.005204,"22":0.015612,"23":0.187344,"24":null,"25":0.020816,"26":0.046836,"27":0.015612,"28":null,"29":0.07806,"30":0.02602,"31":0.02602,"32":0.015612,"33":0.015612,"34":0.015612,"35":0.041632,"36":0.031224,"37":0.020816,"38":0.031224,"39":0.031224,"40":0.05204,"41":0.036428,"42":0.041632,"43":0.33826,"44":0.20816,"45":0.452748,"46":0.083264,"47":0.197752,"48":0.239384,"49":0.926312,"50":5.297672,"51":11.329108,"52":0.093672,"53":0.057244,"54":null},"opera":{"9":null,"9.5-9.6":null,"10.0-10.1":0,"10.5":null,"10.6":null,"11":null,"11.1":null,"11.5":0.036428,"11.6":0.010408,"12":null,"12.1":0.010408,"15":null,"16":null,"17":null,"18":null,"19":0.098876,"20":null,"21":null,"22":null,"23":null,"24":null,"25":null,"26":null,"27":null,"28":0.010408,"29":0.005204,"30":null,"31":null,"32":null,"33":null,"34":null,"35":0.010408,"36":0.07806,"37":0.213364,"38":0.296628,"39":null,"40":null},"safari":{"3.1":0.44234,"3.2":null,"4":0.010408,"5":0.036428,"5.1":0.07806,"6":0.031224,"6.1":0.010408,"7":0.020816,"7.1":0.046836,"8":0.098876,"9":0.088468,"9.1":0.541216,"10":null,"0":null},"ios_saf":{"3.2":0,"4.0-4.1":0,"4.2-4.3":0,"5.0-5.1":0,"6.0-6.1":0,"7.0-7.1":0.0381036993086,"8":0,"8.1-8.4":0.0763568248891,"9.0-9.2":0.164817177794,"9.3":1.16881229801},"android":{"2.1":0,"2.2":0,"2.3":0.0232457545508,"3":0,"4":0.153034550793,"4.1":0.534652354668,"4.2-4.3":1.12935624193,"4.4":2.97739372871,"4.4.3-4.4.4":1.78023736935,"50":null},"op_mob":{"10":0,"11":0,"11.1":0,"11.5":0,"12":0,"12.1":0.0215450526316,"0":0.947982315789},"ie":{"5.5":null,"6":0.0156504847987,"7":3.43267299918,"8":1.50244654067,"9":0.672970846343,"10":1.79980575185,"11":5.27421337716},"bb":{"7":0.5682075,"10":null},"ie_mob":{"10":0.686314646465,"11":1.92696035354},"edge":{"12":0.525604,"13":0.562032,"14":null},"and_ff":{"0":2.124185},"and_uc":{"0":3.438015},"op_mini":{"5.0-8.0":13.3579326316},"and_chr":{"0":12.366676},"samsung":{"0":2.670815}},"total":95.8840675}