{"id":"BY","name":"Belarus","month":"2016-06","access_date":"2016-07-06","data":{"firefox":{"2":0.032344,"3":0.12129,"3.5":0.177892,"3.6":0.56602,"4":0.072774,"5":0.016172,"6":0.04043,"7":0.008086,"8":0.016172,"9":0.024258,"10":0.016172,"11":0.024258,"12":0.032344,"13":0.016172,"14":0.016172,"15":0.016172,"16":0.024258,"17":0.016172,"18":0.016172,"19":0.032344,"20":0.032344,"21":0.032344,"22":0.024258,"23":0.024258,"24":0.032344,"25":0.032344,"26":0.032344,"27":0.024258,"28":0.016172,"29":0.008086,"30":0.016172,"31":0.024258,"32":0.032344,"33":0.072774,"34":0.04043,"35":0.064688,"36":0.048516,"37":0.032344,"38":0.113204,"39":0.04043,"40":0.072774,"41":0.056602,"42":0.137462,"43":0.234494,"44":0.097032,"45":0.299182,"46":2.765412,"47":4.843514,"48":0.024258,"49":0.008086,"50":null},"chrome":{"4":0.04043,"5":0.032344,"6":0.032344,"7":0.016172,"8":0.024258,"9":0.032344,"10":0.04043,"11":0.064688,"12":0.056602,"13":0.04043,"14":0.064688,"15":0.064688,"16":0.056602,"17":0.08086,"18":0.08086,"19":0.064688,"20":0.056602,"21":0.12129,"22":0.137462,"23":0.097032,"24":0.105118,"25":0.088946,"26":0.12129,"27":0.08086,"28":0.064688,"29":0.598364,"30":0.016172,"31":0.064688,"32":0.024258,"33":0.056602,"34":0.056602,"35":0.088946,"36":0.048516,"37":0.04043,"38":0.056602,"39":0.097032,"40":0.137462,"41":0.088946,"42":0.08086,"43":0.380042,"44":0.12129,"45":0.355784,"46":0.177892,"47":0.36387,"48":0.468988,"49":4.479644,"50":9.234212,"51":23.619206,"52":0.129376,"53":0.371956,"54":null},"opera":{"9":null,"9.5-9.6":0.016172,"10.0-10.1":0.024258,"10.5":0.04043,"10.6":0.08086,"11":0.032344,"11.1":0.032344,"11.5":0.064688,"11.6":0.218322,"12":0.274924,"12.1":2.22365,"15":0.016172,"16":0.04043,"17":0.024258,"18":0.056602,"19":0.032344,"20":0.072774,"21":0.072774,"22":0.04043,"23":0.016172,"24":0.032344,"25":0.04043,"26":0.04043,"27":0.16172,"28":0.097032,"29":0.048516,"30":0.097032,"31":0.064688,"32":0.129376,"33":0.08086,"34":0.194064,"35":0.185978,"36":1.98107,"37":3.15354,"38":5.482308,"39":0.032344,"40":null},"safari":{"3.1":0.016172,"3.2":null,"4":0.072774,"5":0.145548,"5.1":0.097032,"6":0.024258,"6.1":0.024258,"7":0.024258,"7.1":null,"8":0.088946,"9":0.16172,"9.1":0.72774,"10":null,"0":null},"ios_saf":{"3.2":0,"4.0-4.1":0,"4.2-4.3":0,"5.0-5.1":0,"6.0-6.1":0,"7.0-7.1":0.0631554824064,"8":0,"8.1-8.4":0.126558633371,"9.0-9.2":0.273178419977,"9.3":1.93726346425},"android":{"2.1":0,"2.2":0,"2.3":0.00799092190252,"3":0,"4":0.052606902525,"4.1":0.183791203758,"4.2-4.3":0.388225622431,"4.4":1.02350391368,"4.4.3-4.4.4":0.611971435702,"50":null},"op_mob":{"10":0,"11":0,"11.1":0,"11.5":0,"12":0,"12.1":0.00301922706767,"0":0.132845990977},"ie":{"5.5":null,"6":0.0333392,"7":0.0333392,"8":0.916828,"9":0.250044,"10":0.3417268,"11":1.6169512},"bb":{"7":0.0033495,"10":null},"ie_mob":{"10":0.161356,"11":0.453038},"edge":{"12":0.048516,"13":0.428558,"14":null},"and_ff":{"0":0.011484},"and_uc":{"0":0.551232},"op_mini":{"5.0-8.0":1.87192078195},"and_chr":{"0":11.287184},"samsung":{"0":0.800052}},"total":93.5892739}