{"id":"BZ","name":"Belize","month":"2016-06","access_date":"2016-07-06","data":{"firefox":{"2":null,"3":0.005498,"3.5":null,"3.6":0.010996,"4":null,"5":null,"6":null,"7":null,"8":null,"9":null,"10":null,"11":0.005498,"12":0.010996,"13":0.005498,"14":0.021992,"15":0.016494,"16":null,"17":null,"18":null,"19":0.005498,"20":0.010996,"21":0.005498,"22":null,"23":null,"24":0.010996,"25":0.010996,"26":0.021992,"27":0.016494,"28":0.043984,"29":0.005498,"30":null,"31":0.010996,"32":0.005498,"33":0.038486,"34":null,"35":0.016494,"36":0.038486,"37":0.076972,"38":0.071474,"39":0.049482,"40":0.065976,"41":0.05498,"42":0.153944,"43":0.197928,"44":0.10996,"45":0.296892,"46":4.189476,"47":4.45338,"48":0.351872,"49":0.010996,"50":null},"chrome":{"4":null,"5":null,"6":null,"7":null,"8":null,"9":null,"10":null,"11":0.038486,"12":null,"13":null,"14":null,"15":null,"16":null,"17":0.021992,"18":0.010996,"19":null,"20":null,"21":0.005498,"22":0.076972,"23":null,"24":0.021992,"25":null,"26":0.005498,"27":null,"28":0.010996,"29":0.390358,"30":0.005498,"31":0.016494,"32":0.021992,"33":0.038486,"34":0.021992,"35":0.038486,"36":0.098964,"37":0.010996,"38":0.010996,"39":0.021992,"40":0.060478,"41":0.038486,"42":0.02749,"43":0.126454,"44":0.05498,"45":0.362868,"46":0.175936,"47":0.225418,"48":0.08247,"49":2.133224,"50":7.609232,"51":18.918618,"52":0.08247,"53":0.087968,"54":null},"opera":{"9":null,"9.5-9.6":null,"10.0-10.1":0,"10.5":null,"10.6":null,"11":null,"11.1":null,"11.5":null,"11.6":0.010996,"12":null,"12.1":0.021992,"15":null,"16":null,"17":null,"18":null,"19":null,"20":null,"21":null,"22":null,"23":null,"24":null,"25":null,"26":null,"27":0.010996,"28":null,"29":0.032988,"30":null,"31":null,"32":0.021992,"33":null,"34":0.021992,"35":0.016494,"36":0.016494,"37":0.175936,"38":0.241912,"39":null,"40":null},"safari":{"3.1":null,"3.2":null,"4":0,"5":0.02749,"5.1":0.142948,"6":0.010996,"6.1":0.093466,"7":0.010996,"7.1":null,"8":0.5498,"9":0.32988,"9.1":2.166212,"10":null,"0":null},"ios_saf":{"3.2":0,"4.0-4.1":0,"4.2-4.3":0,"5.0-5.1":0,"6.0-6.1":0,"7.0-7.1":0.188430317305,"8":0,"8.1-8.4":0.37759957703,"9.0-9.2":0.815053490145,"9.3":5.78000761552},"android":{"2.1":0,"2.2":0,"2.3":0.0299079953024,"3":0,"4":0.196894302408,"4.1":0.687883891955,"4.2-4.3":1.45303010511,"4.4":3.83071573165,"4.4.3-4.4.4":2.29045397358,"50":null},"op_mob":{"10":0,"11":0,"11.1":0,"11.5":0,"12":0,"12.1":0.00130630526316,"0":0.0574774315789},"ie":{"5.5":null,"6":0.0165775139241,"7":null,"8":0.292869412658,"9":0.193404329114,"10":0.370231144304,"11":3.4923296},"bb":{"7":0.117026,"10":null},"ie_mob":{"10":0.589858323232,"11":1.65614067677},"edge":{"12":0.46733,"13":1.665894,"14":null},"and_ff":{"0":0.022505},"and_uc":{"0":1.224272},"op_mini":{"5.0-8.0":0.809909263158},"and_chr":{"0":23.327543},"samsung":{"0":3.632307}},"total":98.74753}