{"id":"CA","name":"Canada","month":"2016-06","access_date":"2016-07-06","data":{"firefox":{"2":null,"3":0.019752,"3.5":null,"3.6":0.019752,"4":null,"5":null,"6":0.006584,"7":null,"8":null,"9":null,"10":null,"11":null,"12":0.006584,"13":null,"14":null,"15":null,"16":0.019752,"17":null,"18":null,"19":null,"20":0.006584,"21":0.006584,"22":null,"23":null,"24":0.006584,"25":null,"26":null,"27":0.006584,"28":0.013168,"29":0.013168,"30":0.013168,"31":0.138264,"32":0.013168,"33":0.026336,"34":0.046088,"35":0.03292,"36":0.03292,"37":0.039504,"38":0.118512,"39":0.052672,"40":0.039504,"41":0.072424,"42":0.06584,"43":0.138264,"44":0.105344,"45":0.23044,"46":2.771864,"47":4.799736,"48":0.052672,"49":null,"50":null},"chrome":{"4":null,"5":null,"6":null,"7":null,"8":null,"9":null,"10":null,"11":0.019752,"12":null,"13":null,"14":null,"15":null,"16":null,"17":null,"18":0.006584,"19":null,"20":null,"21":0.006584,"22":0.019752,"23":0.013168,"24":null,"25":null,"26":0.006584,"27":0.006584,"28":0.006584,"29":1.54724,"30":0.006584,"31":0.06584,"32":0.019752,"33":0.03292,"34":0.03292,"35":0.046088,"36":0.046088,"37":0.072424,"38":0.046088,"39":0.06584,"40":0.052672,"41":0.085592,"42":0.059256,"43":0.158016,"44":0.085592,"45":0.223856,"46":0.138264,"47":0.223856,"48":0.401624,"49":2.640184,"50":8.513112,"51":20.4104,"52":0.092176,"53":0.046088,"54":null},"opera":{"9":null,"9.5-9.6":null,"10.0-10.1":0,"10.5":null,"10.6":null,"11":null,"11.1":null,"11.5":null,"11.6":null,"12":null,"12.1":0.039504,"15":null,"16":null,"17":null,"18":null,"19":null,"20":null,"21":null,"22":null,"23":null,"24":null,"25":null,"26":null,"27":null,"28":0.006584,"29":null,"30":null,"31":null,"32":null,"33":null,"34":null,"35":null,"36":0.026336,"37":0.111928,"38":0.151432,"39":null,"40":null},"safari":{"3.1":null,"3.2":null,"4":0.03292,"5":0.092176,"5.1":0.26336,"6":0.026336,"6.1":0.210688,"7":0.09876,"7.1":0.059256,"8":0.46088,"9":0.862504,"9.1":3.871392,"10":null,"0":null},"ios_saf":{"3.2":0,"4.0-4.1":0,"4.2-4.3":0,"5.0-5.1":0,"6.0-6.1":0,"7.0-7.1":0.432438951605,"8":0,"8.1-8.4":0.866573742235,"9.0-9.2":1.87051044557,"9.3":13.2648528606},"android":{"2.1":0,"2.2":0,"2.3":0.00380313329419,"3":0,"4":0.0250372941867,"4.1":0.0874720657663,"4.2-4.3":0.184768892543,"4.4":0.48711798943,"4.4.3-4.4.4":0.29125662478,"50":null},"op_mob":{"10":0,"11":0,"11.1":0,"11.5":0,"12":0,"12.1":0.00111469473684,"0":0.0490465684211},"ie":{"5.5":null,"6":0.0200130396476,"7":0.0200130396476,"8":0.9672969163,"9":0.573707136564,"10":0.440286872247,"11":8.57892299559},"bb":{"7":0.467992,"10":null},"ie_mob":{"10":0.0421651717172,"11":0.118386828283},"edge":{"12":0.118512,"13":2.883792,"14":0.013168},"and_ff":{"0":0.044408},"and_uc":{"0":0.30744},"op_mini":{"5.0-8.0":0.691110736842},"and_chr":{"0":11.07684},"samsung":{"0":3.170048}},"total":97.524952}