{"id":"CD","name":"Congo, Democratic Republic of the","month":"2016-06","access_date":"2016-07-06","data":{"firefox":{"2":0.000681,"3":0.02043,"3.5":0.001362,"3.6":0.004994,"4":0.000908,"5":0.000681,"6":0.00227,"7":0.000454,"8":0.000681,"9":0.000681,"10":0.000681,"11":0.002724,"12":0.00227,"13":0.000454,"14":0.001362,"15":0.000908,"16":0.002497,"17":0.001362,"18":0.001589,"19":0.000908,"20":0.004994,"21":0.00227,"22":0.000908,"23":0.001362,"24":0.002951,"25":0.001589,"26":0.007264,"27":0.003859,"28":0.000681,"29":0.007945,"30":0.007491,"31":0.002951,"32":0.003178,"33":0.002951,"34":0.001362,"35":0.003405,"36":0.002497,"37":0.005675,"38":0.009534,"39":0.019976,"40":0.004767,"41":0.00681,"42":0.005675,"43":0.066057,"44":0.017479,"45":0.037909,"46":0.196809,"47":0.196582,"48":0.009307,"49":0.000681,"50":null},"chrome":{"4":0.000454,"5":0.000681,"6":null,"7":null,"8":null,"9":null,"10":0.000681,"11":0.022473,"12":0.000908,"13":null,"14":0.000908,"15":null,"16":0.000681,"17":null,"18":null,"19":0.000454,"20":null,"21":0.001589,"22":0.000681,"23":0.005448,"24":null,"25":0.004313,"26":0.006129,"27":0.000908,"28":0.000908,"29":0.003405,"30":0.00227,"31":0.00454,"32":0.001589,"33":0.002043,"34":0.00227,"35":0.000681,"36":0.001135,"37":0.000454,"38":0.000908,"39":0.001135,"40":0.000681,"41":0.004994,"42":0.001135,"43":0.010442,"44":0.004086,"45":0.015663,"46":0.004086,"47":0.010442,"48":0.010896,"49":0.039725,"50":0.202257,"51":0.439926,"52":0.001589,"53":0.020203,"54":null},"opera":{"9":null,"9.5-9.6":0.001589,"10.0-10.1":0.000908,"10.5":0.000454,"10.6":0.001362,"11":0.000454,"11.1":0.000681,"11.5":0.000681,"11.6":0.002724,"12":0.001135,"12.1":0.003632,"15":0.001589,"16":0.002043,"17":0.000454,"18":0.001135,"19":0.000681,"20":0.004086,"21":0.002043,"22":0.000681,"23":null,"24":null,"25":null,"26":0.004086,"27":null,"28":0.001589,"29":0.004086,"30":0.00227,"31":0.000454,"32":0.002043,"33":0.002497,"34":0.00454,"35":0.02043,"36":0.012939,"37":0.053799,"38":0.039498,"39":null,"40":null},"safari":{"3.1":null,"3.2":null,"4":0,"5":0.005902,"5.1":0.004994,"6":0.000681,"6.1":0.002724,"7":0.001589,"7.1":0.00681,"8":0.006356,"9":0.01135,"9.1":0.035866,"10":null,"0":null},"ios_saf":{"3.2":0,"4.0-4.1":0,"4.2-4.3":0,"5.0-5.1":0,"6.0-6.1":0,"7.0-7.1":0.00668609947374,"8":0,"8.1-8.4":0.0133984189454,"9.0-9.2":0.0289206577237,"9.3":0.205092823857},"android":{"2.1":0,"2.2":0,"2.3":0.00729962184381,"3":0,"4":0.048055843805,"4.1":0.167891302408,"4.2-4.3":0.354639961245,"4.4":0.934959897827,"4.4.3-4.4.4":0.559029372871,"50":null},"op_mob":{"10":0,"11":0,"11.1":0,"11.5":0,"12":0,"12.1":0.135131932331,"0":5.94580502256},"ie":{"5.5":null,"6":0.000917258039216,"7":0.00389834666667,"8":0.0396714101961,"9":0.00848463686275,"10":0.0639787482353,"11":0.172673825882},"bb":{"7":0.06108125,"10":null},"ie_mob":{"10":0.174531959596,"11":0.490032040404},"edge":{"12":0.01589,"13":0.029964,"14":null},"and_ff":{"0":0.029319},"and_uc":{"0":2.081649},"op_mini":{"5.0-8.0":83.7817980451},"and_chr":{"0":1.841266},"samsung":{"0":0.351828}},"total":99.3213164759}