{"id":"CF","name":"Central African Republic","month":"2016-06","access_date":"2016-07-06","data":{"firefox":{"2":0.032576,"3":0.191384,"3.5":0.236176,"3.6":0.089584,"4":0.028504,"5":null,"6":null,"7":0.02036,"8":0.04072,"9":0.057008,"10":0.024432,"11":0.097728,"12":0.240248,"13":0.028504,"14":null,"15":0.008144,"16":0.134376,"17":0.016288,"18":0.077368,"19":null,"20":0.097728,"21":0.02036,"22":0.06108,"23":0.012216,"24":null,"25":0.1018,"26":0.024432,"27":0.04072,"28":0.04072,"29":0.052936,"30":0.24432,"31":0.126232,"32":0.126232,"33":2.691592,"34":0.240248,"35":0.14252,"36":0.187312,"37":0.024432,"38":0.207672,"39":0.073296,"40":0.175096,"41":0.236176,"42":0.032576,"43":1.494424,"44":0.509,"45":0.566008,"46":3.8684,"47":4.837536,"48":0.08144,"49":null,"50":null},"chrome":{"4":null,"5":null,"6":null,"7":null,"8":null,"9":null,"10":0.008144,"11":0.052936,"12":null,"13":null,"14":null,"15":null,"16":0.02036,"17":null,"18":null,"19":null,"20":null,"21":null,"22":null,"23":null,"24":null,"25":0.008144,"26":null,"27":null,"28":null,"29":null,"30":0.012216,"31":0.028504,"32":0.032576,"33":null,"34":0.008144,"35":null,"36":0.012216,"37":null,"38":null,"39":0.008144,"40":0.008144,"41":null,"42":0.069224,"43":0.073296,"44":null,"45":0.358336,"46":0.065152,"47":0.044792,"48":0.032576,"49":1.3234,"50":2.614224,"51":4.796816,"52":null,"53":0.065152,"54":null},"opera":{"9":null,"9.5-9.6":null,"10.0-10.1":0,"10.5":0.016288,"10.6":null,"11":null,"11.1":null,"11.5":0.008144,"11.6":0.057008,"12":null,"12.1":0.069224,"15":null,"16":null,"17":null,"18":null,"19":null,"20":0.024432,"21":null,"22":null,"23":null,"24":null,"25":null,"26":0.069224,"27":null,"28":null,"29":null,"30":null,"31":0.012216,"32":0.057008,"33":null,"34":null,"35":0.016288,"36":0.097728,"37":0.34612,"38":0.378696,"39":0.028504,"40":null},"safari":{"3.1":null,"3.2":null,"4":0,"5":null,"5.1":0.012216,"6":null,"6.1":null,"7":0.105872,"7.1":null,"8":0.093656,"9":0.085512,"9.1":0.708528,"10":null,"0":null},"ios_saf":{"3.2":0,"4.0-4.1":0,"4.2-4.3":0,"5.0-5.1":0,"6.0-6.1":0,"7.0-7.1":0.0809693019296,"8":0,"8.1-8.4":0.162256130533,"9.0-9.2":0.35023192168,"9.3":2.48369364586},"android":{"2.1":0,"2.2":0,"2.3":0.0306441914269,"3":0,"4":0.201740926894,"4.1":0.704816402819,"4.2-4.3":1.48879696682,"4.4":3.92501018526,"4.4.3-4.4.4":2.34683432678,"50":null},"op_mob":{"10":0,"11":0,"11.1":0,"11.5":0,"12":0,"12.1":0.0157363684211,"0":0.692400210526},"ie":{"5.5":null,"6":null,"7":0.097728,"8":0.602656,"9":0.358336,"10":0.87548,"11":3.953912},"bb":{"7":0.05187875,"10":null},"ie_mob":{"10":0.750527555556,"11":2.10725044444},"edge":{"12":0.18324,"13":0.313544,"14":null},"and_ff":{"0":0.877492},"and_uc":{"0":4.428963},"op_mini":{"5.0-8.0":9.75654842105},"and_chr":{"0":28.745523},"samsung":{"0":3.966501}},"total":99.02177475}