{"id":"CG","name":"Congo, Republic of the","month":"2016-06","access_date":"2016-07-06","data":{"firefox":{"2":0.001557,"3":0.213309,"3.5":0.010899,"3.6":0.03114,"4":0.029583,"5":0.004671,"6":null,"7":0.003114,"8":0.010899,"9":0.001557,"10":0.088749,"11":0.023355,"12":0.03114,"13":0.018684,"14":0.012456,"15":0.029583,"16":0.051381,"17":0.023355,"18":0.023355,"19":0.009342,"20":0.010899,"21":0.051381,"22":0.020241,"23":0.012456,"24":0.018684,"25":0.014013,"26":0.009342,"27":0.054495,"28":0.012456,"29":0.007785,"30":0.017127,"31":0.026469,"32":0.020241,"33":0.020241,"34":0.004671,"35":0.012456,"36":0.032697,"37":0.141687,"38":0.049824,"39":0.028026,"40":0.07785,"41":0.026469,"42":0.037368,"43":0.252234,"44":0.169713,"45":0.325413,"46":1.767195,"47":1.964934,"48":0.038925,"49":0.001557,"50":null},"chrome":{"4":0.028026,"5":null,"6":0.003114,"7":null,"8":null,"9":null,"10":0.001557,"11":0.071622,"12":null,"13":null,"14":0.003114,"15":0.003114,"16":null,"17":0.048267,"18":0.001557,"19":0.010899,"20":null,"21":null,"22":0.001557,"23":0.003114,"24":null,"25":0.007785,"26":0.03114,"27":0.012456,"28":0.009342,"29":0.110547,"30":0.010899,"31":0.043596,"32":0.014013,"33":0.009342,"34":0.010899,"35":0.035811,"36":0.024912,"37":0.014013,"38":0.006228,"39":0.021798,"40":0.003114,"41":0.079407,"42":0.009342,"43":0.023355,"44":0.014013,"45":0.277146,"46":0.007785,"47":0.024912,"48":0.090306,"49":0.247563,"50":1.237815,"51":2.88045,"52":0.028026,"53":0.009342,"54":null},"opera":{"9":null,"9.5-9.6":null,"10.0-10.1":0.001557,"10.5":null,"10.6":0.007785,"11":0.003114,"11.1":null,"11.5":0.003114,"11.6":0.009342,"12":0.010899,"12.1":0.052938,"15":0.003114,"16":null,"17":0.029583,"18":null,"19":0.003114,"20":0.006228,"21":0.001557,"22":null,"23":null,"24":null,"25":null,"26":null,"27":null,"28":0.06228,"29":0.001557,"30":0.026469,"31":null,"32":0.001557,"33":0.004671,"34":0.004671,"35":0.012456,"36":0.03114,"37":0.137016,"38":0.133902,"39":null,"40":null},"safari":{"3.1":null,"3.2":null,"4":0.003114,"5":0.051381,"5.1":0.009342,"6":0.169713,"6.1":0.01557,"7":0.012456,"7.1":0.021798,"8":0.121446,"9":0.084078,"9.1":0.244449,"10":null,"0":null},"ios_saf":{"3.2":0,"4.0-4.1":0,"4.2-4.3":0,"5.0-5.1":0,"6.0-6.1":0,"7.0-7.1":0.0402111923434,"8":0,"8.1-8.4":0.0805800756372,"9.0-9.2":0.173933118254,"9.3":1.23345861377},"android":{"2.1":0,"2.2":0,"2.3":0.0229344204345,"3":0,"4":0.150984934527,"4.1":0.527491669994,"4.2-4.3":1.11423059278,"4.4":2.93751701732,"4.4.3-4.4.4":1.75639436494,"50":null},"op_mob":{"10":0,"11":0,"11.1":0,"11.5":0,"12":0,"12.1":0.0819288406015,"0":3.60486898647},"ie":{"5.5":null,"6":0.00805076602831,"7":0.00322030641132,"8":0.235082368027,"9":0.143303635304,"10":0.375165696919,"11":1.11744632473},"bb":{"7":0.32716625,"10":null},"ie_mob":{"10":0.172953575758,"11":0.485600424242},"edge":{"12":0.104319,"13":0.138573,"14":null},"and_ff":{"0":0.067544},"and_uc":{"0":8.974909},"op_mini":{"5.0-8.0":50.7958811729},"and_chr":{"0":7.54036},"samsung":{"0":1.165134}},"total":95.9769303474}