{"id":"CH","name":"Switzerland","month":"2016-06","access_date":"2016-07-06","data":{"firefox":{"2":null,"3":null,"3.5":null,"3.6":0.023304,"4":null,"5":null,"6":0.005826,"7":null,"8":null,"9":null,"10":null,"11":null,"12":0.011652,"13":null,"14":null,"15":null,"16":0.02913,"17":0.005826,"18":null,"19":null,"20":null,"21":null,"22":null,"23":null,"24":0.011652,"25":null,"26":0.011652,"27":0.005826,"28":0.011652,"29":0.011652,"30":0.011652,"31":0.075738,"32":0.023304,"33":0.034956,"34":0.02913,"35":0.052434,"36":0.040782,"37":0.046608,"38":0.302952,"39":0.08739,"40":0.064086,"41":0.104868,"42":0.122346,"43":0.168954,"44":0.163128,"45":0.401994,"46":4.113156,"47":6.67077,"48":0.052434,"49":0.005826,"50":null},"chrome":{"4":null,"5":null,"6":null,"7":null,"8":null,"9":null,"10":null,"11":0.011652,"12":null,"13":null,"14":null,"15":null,"16":null,"17":null,"18":null,"19":null,"20":null,"21":null,"22":0.02913,"23":null,"24":null,"25":0.005826,"26":0.011652,"27":null,"28":null,"29":0.372864,"30":null,"31":0.02913,"32":0.011652,"33":0.034956,"34":0.02913,"35":0.046608,"36":0.023304,"37":0.017478,"38":0.02913,"39":0.040782,"40":0.023304,"41":0.052434,"42":0.046608,"43":0.075738,"44":0.046608,"45":0.110694,"46":0.104868,"47":0.11652,"48":0.23304,"49":1.089462,"50":4.54428,"51":11.12766,"52":0.046608,"53":0.034956,"54":null},"opera":{"9":null,"9.5-9.6":null,"10.0-10.1":0,"10.5":null,"10.6":null,"11":null,"11.1":null,"11.5":null,"11.6":null,"12":null,"12.1":0.075738,"15":null,"16":null,"17":null,"18":null,"19":null,"20":null,"21":null,"22":null,"23":null,"24":null,"25":null,"26":null,"27":null,"28":null,"29":null,"30":null,"31":null,"32":null,"33":0.005826,"34":null,"35":null,"36":0.023304,"37":0.151476,"38":0.238866,"39":null,"40":null},"safari":{"3.1":null,"3.2":null,"4":0.02913,"5":0.122346,"5.1":0.413646,"6":0.046608,"6.1":0.34956,"7":0.104868,"7.1":0.064086,"8":0.646686,"9":1.182678,"9.1":5.38905,"10":null,"0":null},"ios_saf":{"3.2":0,"4.0-4.1":0,"4.2-4.3":0,"5.0-5.1":0,"6.0-6.1":0,"7.0-7.1":0.632954732226,"8":0,"8.1-8.4":1.26839163987,"9.0-9.2":2.7378394888,"9.3":19.4155761391},"android":{"2.1":0,"2.2":0,"2.3":0.0032646905461,"3":0,"4":0.0214925460951,"4.1":0.0750878825602,"4.2-4.3":0.158609549031,"4.4":0.418152447446,"4.4.3-4.4.4":0.250020884322,"50":null},"op_mob":{"10":0,"11":0,"11.1":0,"11.5":0,"12":0,"12.1":0.000163193984962,"0":0.00718053533835},"ie":{"5.5":null,"6":0.0116669320803,"7":0.0175003981205,"8":0.245005573686,"9":0.408342622811,"10":0.484177681333,"11":12.489450792},"bb":{"7":0.02087,"10":null},"ie_mob":{"10":0.145794868687,"11":0.409347131313},"edge":{"12":0.17478,"13":2.930478,"14":0.005826},"and_ff":{"0":0.066784},"and_uc":{"0":0.045914},"op_mini":{"5.0-8.0":0.101180270677},"and_chr":{"0":10.457766},"samsung":{"0":4.766708}},"total":97.660948}