{"id":"CI","name":"Cote d'Ivoire","month":"2016-06","access_date":"2016-07-06","data":{"firefox":{"2":0.006492,"3":0.012984,"3.5":null,"3.6":0.03246,"4":0.01623,"5":0.009738,"6":0.012984,"7":null,"8":0.003246,"9":0.009738,"10":0.009738,"11":0.03246,"12":0.019476,"13":0.012984,"14":0.009738,"15":0.038952,"16":0.035706,"17":0.009738,"18":0.006492,"19":0.022722,"20":0.038952,"21":0.01623,"22":0.009738,"23":0.019476,"24":0.022722,"25":0.012984,"26":0.025968,"27":0.01623,"28":0.01623,"29":0.061674,"30":0.071412,"31":0.09738,"32":0.110364,"33":0.100626,"34":0.04869,"35":0.042198,"36":0.035706,"37":0.06492,"38":0.090888,"39":0.068166,"40":0.120102,"41":0.139578,"42":0.110364,"43":0.626478,"44":0.198006,"45":0.246696,"46":2.275446,"47":3.106422,"48":0.1623,"49":0.012984,"50":null},"chrome":{"4":0.006492,"5":0.01623,"6":0.006492,"7":0.003246,"8":0.006492,"9":0.071412,"10":0.012984,"11":0.084396,"12":0.087642,"13":0.038952,"14":0.019476,"15":0.012984,"16":0.071412,"17":0.029214,"18":0.009738,"19":0.012984,"20":0.006492,"21":0.012984,"22":0.003246,"23":0.012984,"24":0.003246,"25":0.019476,"26":0.068166,"27":0.08115,"28":0.04869,"29":0.100626,"30":0.071412,"31":0.084396,"32":0.042198,"33":0.06492,"34":0.038952,"35":0.055182,"36":0.071412,"37":0.035706,"38":0.068166,"39":0.042198,"40":0.055182,"41":0.022722,"42":0.035706,"43":0.418734,"44":0.09738,"45":0.3246,"46":0.188268,"47":0.22722,"48":0.253188,"49":3.255738,"50":3.271968,"51":8.84535,"52":0.071412,"53":0.042198,"54":null},"opera":{"9":null,"9.5-9.6":null,"10.0-10.1":0,"10.5":null,"10.6":null,"11":null,"11.1":null,"11.5":null,"11.6":null,"12":null,"12.1":0.012984,"15":null,"16":null,"17":null,"18":0.003246,"19":0.003246,"20":0.006492,"21":null,"22":null,"23":null,"24":null,"25":null,"26":null,"27":null,"28":null,"29":null,"30":null,"31":0.003246,"32":null,"33":0.009738,"34":0.038952,"35":0.029214,"36":0.068166,"37":0.19476,"38":0.314862,"39":null,"40":null},"safari":{"3.1":null,"3.2":null,"4":0.003246,"5":0.03246,"5.1":0.035706,"6":0.006492,"6.1":0.009738,"7":0.045444,"7.1":0.006492,"8":0.094134,"9":0.116856,"9.1":0.331092,"10":0.003246,"0":null},"ios_saf":{"3.2":0,"4.0-4.1":0,"4.2-4.3":0,"5.0-5.1":0,"6.0-6.1":0,"7.0-7.1":0.0213262202043,"8":0,"8.1-8.4":0.0427360726447,"9.0-9.2":0.0922463564132,"9.3":0.654171350738},"android":{"2.1":0,"2.2":0,"2.3":0.0275077768644,"3":0,"4":0.181092864357,"4.1":0.63267886788,"4.2-4.3":1.33641949266,"4.4":3.52328775338,"4.4.3-4.4.4":2.10663724486,"50":null},"op_mob":{"10":0,"11":0,"11.1":0,"11.5":0,"12":0,"12.1":0.0615985112782,"0":2.71033449624},"ie":{"5.5":null,"6":0.00980890776699,"7":0.0130785436893,"8":0.23868342233,"9":0.0457749029126,"10":0.150403252427,"11":0.882801699029},"bb":{"7":0.0996215,"10":null},"ie_mob":{"10":0.257197777778,"11":0.722132222222},"edge":{"12":0.077904,"13":0.34083,"14":0.009738},"and_ff":{"0":0.823988},"and_uc":{"0":2.053216},"op_mini":{"5.0-8.0":38.1910769925},"and_chr":{"0":11.870856},"samsung":{"0":1.04687}},"total":96.3960522282}