{"id":"CK","name":"Cook Islands","month":"2016-06","access_date":"2016-07-06","data":{"firefox":{"2":0.019602,"3":null,"3.5":null,"3.6":0.013068,"4":null,"5":0.045738,"6":0.013068,"7":null,"8":null,"9":null,"10":null,"11":null,"12":null,"13":null,"14":null,"15":null,"16":null,"17":null,"18":null,"19":null,"20":null,"21":null,"22":null,"23":null,"24":null,"25":null,"26":null,"27":null,"28":null,"29":0.398574,"30":null,"31":null,"32":null,"33":0.019602,"34":0.039204,"35":null,"36":null,"37":null,"38":0.071874,"39":0.06534,"40":null,"41":0.039204,"42":null,"43":1.594296,"44":0.202554,"45":0.78408,"46":2.489454,"47":13.342428,"48":0.143748,"49":null,"50":null},"chrome":{"4":null,"5":null,"6":null,"7":null,"8":null,"9":null,"10":null,"11":null,"12":null,"13":null,"14":null,"15":null,"16":0.026136,"17":null,"18":null,"19":null,"20":null,"21":0.03267,"22":null,"23":null,"24":null,"25":0.013068,"26":null,"27":null,"28":0.078408,"29":0.03267,"30":null,"31":null,"32":null,"33":null,"34":null,"35":0.006534,"36":null,"37":0.03267,"38":0.013068,"39":0.013068,"40":null,"41":null,"42":null,"43":0.09801,"44":null,"45":0.039204,"46":null,"47":0.013068,"48":1.267596,"49":2.476386,"50":5.187996,"51":13.479642,"52":0.006534,"53":null,"54":null},"opera":{"9":null,"9.5-9.6":null,"10.0-10.1":0,"10.5":null,"10.6":null,"11":null,"11.1":null,"11.5":null,"11.6":null,"12":null,"12.1":null,"15":null,"16":null,"17":null,"18":null,"19":null,"20":null,"21":null,"22":null,"23":null,"24":null,"25":null,"26":null,"27":null,"28":null,"29":null,"30":null,"31":null,"32":null,"33":null,"34":null,"35":null,"36":null,"37":0.039204,"38":0.026136,"39":null,"40":null},"safari":{"3.1":null,"3.2":null,"4":0.013068,"5":null,"5.1":0.013068,"6":null,"6.1":0.29403,"7":0.052272,"7.1":null,"8":0.222156,"9":0.444312,"9.1":1.424412,"10":null,"0":null},"ios_saf":{"3.2":0,"4.0-4.1":0,"4.2-4.3":0,"5.0-5.1":0,"6.0-6.1":0,"7.0-7.1":0.275427365597,"8":0,"8.1-8.4":0.55193483851,"9.0-9.2":1.19135836962,"9.3":8.44859942627},"android":{"2.1":0,"2.2":0,"2.3":0.00786413623018,"3":0,"4":0.051772230182,"4.1":0.180875133294,"4.2-4.3":0.38206595185,"4.4":1.00726478215,"4.4.3-4.4.4":0.602261766295,"50":null},"op_mob":{"10":0,"11":0,"11.1":0,"11.5":0,"12":0,"12.1":0.00027102556391,"0":0.011925124812},"ie":{"5.5":null,"6":0.019602,"7":null,"8":3.95307,"9":0.26136,"10":0.405108,"11":11.787336},"bb":{"7":0.001733,"10":null},"ie_mob":{"10":0.116513616162,"11":0.327134383838},"edge":{"12":0.176418,"13":1.450548,"14":null},"and_ff":{"0":0.013864},"and_uc":{"0":0.322338},"op_mini":{"5.0-8.0":0.168035849624},"and_chr":{"0":16.798692},"samsung":{"0":5.199}},"total":98.339593}