{"id":"CL","name":"Chile","month":"2016-06","access_date":"2016-07-06","data":{"firefox":{"2":null,"3":0.006737,"3.5":null,"3.6":0.013474,"4":null,"5":null,"6":0.006737,"7":null,"8":null,"9":null,"10":null,"11":null,"12":null,"13":null,"14":null,"15":null,"16":0.013474,"17":null,"18":0.026948,"19":null,"20":0.013474,"21":null,"22":null,"23":null,"24":null,"25":null,"26":null,"27":null,"28":0.006737,"29":null,"30":0.013474,"31":0.013474,"32":null,"33":0.006737,"34":0.026948,"35":0.020211,"36":0.013474,"37":0.026948,"38":0.074107,"39":0.060633,"40":0.033685,"41":0.033685,"42":0.094318,"43":0.141477,"44":0.080844,"45":0.161688,"46":2.081733,"47":3.294393,"48":0.020211,"49":0.006737,"50":null},"chrome":{"4":null,"5":null,"6":null,"7":null,"8":null,"9":null,"10":null,"11":0.013474,"12":null,"13":null,"14":null,"15":null,"16":null,"17":null,"18":0.006737,"19":null,"20":null,"21":0.006737,"22":0.060633,"23":null,"24":null,"25":null,"26":0.033685,"27":0.006737,"28":null,"29":0.276217,"30":0.006737,"31":0.040422,"32":0.026948,"33":0.020211,"34":0.047159,"35":0.047159,"36":0.074107,"37":0.047159,"38":0.06737,"39":0.101055,"40":0.040422,"41":0.053896,"42":0.047159,"43":0.181899,"44":0.121266,"45":0.141477,"46":0.235795,"47":0.26948,"48":0.343587,"49":3.200075,"50":11.190157,"51":30.626402,"52":0.094318,"53":0.033685,"54":null},"opera":{"9":null,"9.5-9.6":null,"10.0-10.1":0,"10.5":null,"10.6":null,"11":null,"11.1":null,"11.5":null,"11.6":null,"12":null,"12.1":0.020211,"15":null,"16":null,"17":null,"18":null,"19":null,"20":null,"21":null,"22":null,"23":null,"24":null,"25":null,"26":null,"27":null,"28":null,"29":null,"30":null,"31":null,"32":null,"33":null,"34":0.006737,"35":0.013474,"36":0.033685,"37":0.215584,"38":0.410957,"39":null,"40":null},"safari":{"3.1":null,"3.2":null,"4":0.006737,"5":0.040422,"5.1":0.060633,"6":0.020211,"6.1":0.047159,"7":0.047159,"7.1":0.033685,"8":0.296428,"9":0.431168,"9.1":1.610143,"10":null,"0":null},"ios_saf":{"3.2":0,"4.0-4.1":0,"4.2-4.3":0,"5.0-5.1":0,"6.0-6.1":0,"7.0-7.1":0.152189767826,"8":0,"8.1-8.4":0.304976358271,"9.0-9.2":0.658295348674,"9.3":4.66834652523},"android":{"2.1":0,"2.2":0,"2.3":0.0100852425132,"3":0,"4":0.066394513212,"4.1":0.231960577804,"4.2-4.3":0.489974698767,"4.4":1.29175147857,"4.4.3-4.4.4":0.772361489137,"50":null},"op_mob":{"10":0,"11":0,"11.1":0,"11.5":0,"12":0,"12.1":0.000598809022556,"0":0.0263475969925},"ie":{"5.5":null,"6":0.0410450751445,"7":0.0136816917148,"8":0.383087368015,"9":0.280474680154,"10":0.259952142582,"11":2.57215804239},"bb":{"7":0.01224,"10":null},"ie_mob":{"10":0.124295757576,"11":0.348984242424},"edge":{"12":0.13474,"13":0.869073,"14":null},"and_ff":{"0":0.022848},"and_uc":{"0":0.101184},"op_mini":{"5.0-8.0":0.371261593985},"and_chr":{"0":25.20257},"samsung":{"0":0.940032}},"total":97.399826}