{"id":"CM","name":"Cameroon","month":"2016-06","access_date":"2016-07-06","data":{"firefox":{"2":0.024885,"3":0.157605,"3.5":0.01106,"3.6":0.047005,"4":0.030415,"5":0.035945,"6":0.04977,"7":0.01659,"8":0.008295,"9":0.00553,"10":0.06083,"11":0.035945,"12":0.04424,"13":0.030415,"14":0.03318,"15":0.02765,"16":0.047005,"17":0.04977,"18":0.041475,"19":0.04424,"20":0.06083,"21":0.0553,"22":0.03318,"23":0.035945,"24":0.04424,"25":0.07189,"26":0.063595,"27":0.058065,"28":0.041475,"29":0.157605,"30":0.19355,"31":0.102305,"32":0.096775,"33":0.16037,"34":0.124425,"35":0.16037,"36":0.1106,"37":0.17143,"38":0.24885,"39":0.163135,"40":0.20461,"41":0.212905,"42":0.273735,"43":1.39356,"44":0.41475,"45":0.59724,"46":3.00832,"47":4.3134,"48":0.378805,"49":0.030415,"50":null},"chrome":{"4":0.008295,"5":0.002765,"6":null,"7":0.01106,"8":0.00553,"9":null,"10":0.008295,"11":0.06636,"12":0.019355,"13":0.019355,"14":0.00553,"15":0.00553,"16":0.01106,"17":0.01106,"18":0.00553,"19":0.013825,"20":0.00553,"21":0.01106,"22":0.002765,"23":0.01106,"24":null,"25":0.041475,"26":0.013825,"27":0.01106,"28":0.019355,"29":0.06083,"30":0.019355,"31":0.047005,"32":0.019355,"33":0.024885,"34":0.01106,"35":0.047005,"36":0.024885,"37":0.00553,"38":0.01659,"39":0.030415,"40":0.02765,"41":0.01659,"42":0.02765,"43":0.27097,"44":0.04977,"45":0.2212,"46":0.047005,"47":0.06636,"48":0.268205,"49":0.848855,"50":1.69771,"51":4.04243,"52":0.069125,"53":0.024885,"54":null},"opera":{"9":null,"9.5-9.6":null,"10.0-10.1":0.002765,"10.5":null,"10.6":null,"11":null,"11.1":null,"11.5":0.002765,"11.6":0.019355,"12":0.00553,"12.1":0.024885,"15":0.00553,"16":null,"17":null,"18":0.013825,"19":null,"20":0.013825,"21":0.002765,"22":0.00553,"23":null,"24":null,"25":null,"26":null,"27":0.002765,"28":0.019355,"29":0.030415,"30":0.013825,"31":0.01106,"32":0.01106,"33":0.030415,"34":0.030415,"35":0.030415,"36":0.085715,"37":0.190785,"38":0.257145,"39":null,"40":null},"safari":{"3.1":null,"3.2":null,"4":0.01106,"5":0.01659,"5.1":0.02212,"6":0.030415,"6.1":0.01106,"7":0.01659,"7.1":0.019355,"8":0.02212,"9":0.0553,"9.1":0.118895,"10":null,"0":null},"ios_saf":{"3.2":0,"4.0-4.1":0,"4.2-4.3":0,"5.0-5.1":0,"6.0-6.1":0,"7.0-7.1":0.0245549922609,"8":0,"8.1-8.4":0.049206278609,"9.0-9.2":0.106212378289,"9.3":0.753212350841},"android":{"2.1":0,"2.2":0,"2.3":0.0364715936583,"3":0,"4":0.24010465825,"4.1":0.83884665414,"4.2-4.3":1.7719115919,"4.4":4.67140328773,"4.4.3-4.4.4":2.79311621433,"50":null},"op_mob":{"10":0,"11":0,"11.1":0,"11.5":0,"12":0,"12.1":0.0447311398496,"0":1.96817015338},"ie":{"5.5":null,"6":0.0141071428571,"7":0.0395,"8":0.265214285714,"9":0.0620714285714,"10":0.166464285714,"11":0.832321428571},"bb":{"7":0.126595,"10":null},"ie_mob":{"10":0.402765737374,"11":1.13084226263},"edge":{"12":0.201845,"13":0.235025,"14":null},"and_ff":{"0":0.332764},"and_uc":{"0":11.842058},"op_mini":{"5.0-8.0":27.7333067068},"and_chr":{"0":14.914743},"samsung":{"0":0.882548}},"total":95.6922875714}