{"id":"CN","name":"China","month":"2016-06","access_date":"2016-07-06","data":{"firefox":{"2":null,"3":0.02321,"3.5":null,"3.6":0.009284,"4":0.004642,"5":null,"6":0.99803,"7":null,"8":0.250668,"9":null,"10":null,"11":null,"12":null,"13":null,"14":null,"15":null,"16":null,"17":0.004642,"18":null,"19":null,"20":0.004642,"21":0.051062,"22":0.009284,"23":0.009284,"24":0.013926,"25":0.009284,"26":null,"27":0.004642,"28":0.009284,"29":0.009284,"30":null,"31":0.02321,"32":null,"33":0.004642,"34":0.004642,"35":0.013926,"36":0.009284,"37":0.051062,"38":0.02321,"39":0.009284,"40":0.04642,"41":0.02321,"42":0.055704,"43":0.088198,"44":0.037136,"45":0.041778,"46":0.482768,"47":0.803066,"48":0.009284,"49":null,"50":null},"chrome":{"4":null,"5":null,"6":null,"7":null,"8":null,"9":null,"10":null,"11":0.102124,"12":0.013926,"13":null,"14":null,"15":null,"16":null,"17":0.02321,"18":null,"19":null,"20":0.097482,"21":0.246026,"22":0.018568,"23":0.004642,"24":0.018568,"25":0.009284,"26":0.032494,"27":0.032494,"28":0.027852,"29":0.218174,"30":0.074272,"31":0.946968,"32":0.04642,"33":0.06963,"34":0.060346,"35":0.041778,"36":0.09284,"37":0.032494,"38":0.078914,"39":0.250668,"40":0.037136,"41":0.167112,"42":1.596848,"43":0.102124,"44":0.148544,"45":13.967778,"46":0.320298,"47":1.67112,"48":0.793782,"49":0.659164,"50":0.933042,"51":1.002672,"52":0.04642,"53":0.027852,"54":null},"opera":{"9":null,"9.5-9.6":null,"10.0-10.1":0,"10.5":null,"10.6":null,"11":null,"11.1":null,"11.5":null,"11.6":0.004642,"12":0.009284,"12.1":0.02321,"15":null,"16":null,"17":null,"18":null,"19":null,"20":null,"21":null,"22":null,"23":null,"24":null,"25":null,"26":null,"27":null,"28":0.078914,"29":null,"30":null,"31":null,"32":null,"33":0.004642,"34":0.009284,"35":null,"36":0.009284,"37":0.032494,"38":0.051062,"39":null,"40":null},"safari":{"3.1":null,"3.2":null,"4":0.018568,"5":0.009284,"5.1":0.013926,"6":0.004642,"6.1":0.004642,"7":0.009284,"7.1":null,"8":0.051062,"9":0.074272,"9.1":0.311014,"10":null,"0":null},"ios_saf":{"3.2":0,"4.0-4.1":0,"4.2-4.3":0,"5.0-5.1":0,"6.0-6.1":0,"7.0-7.1":0.210209306573,"8":0,"8.1-8.4":0.421242963368,"9.0-9.2":0.909258294706,"9.3":6.44806743535},"android":{"2.1":0,"2.2":0,"2.3":0.025673094539,"3":0,"4":0.169014539049,"4.1":0.590481174398,"4.2-4.3":1.24728450969,"4.4":3.28829552554,"4.4.3-4.4.4":1.96613115678,"50":null},"op_mob":{"10":0,"11":0,"11.1":0,"11.5":0,"12":0,"12.1":8.05714285714e-5,"0":0.00354514285714},"ie":{"5.5":null,"6":0.435762116505,"7":0.244290883495,"8":4.66793661165,"9":1.87509759223,"10":0.831909495146,"11":4.13313765049},"bb":{"7":0.048222,"10":null},"ie_mob":{"10":0.0970934545455,"11":0.272608545455},"edge":{"12":0.064988,"13":0.608102,"14":0.004642},"and_ff":{"0":0.042864},"and_uc":{"0":12.596658},"op_mini":{"5.0-8.0":0.0499542857143},"and_chr":{"0":24.733884},"samsung":{"0":0.685824}},"total":94.5428263495}