{"id":"CO","name":"Colombia","month":"2016-06","access_date":"2016-07-06","data":{"firefox":{"2":null,"3":0.021033,"3.5":null,"3.6":0.014022,"4":null,"5":null,"6":0.056088,"7":null,"8":null,"9":null,"10":null,"11":null,"12":null,"13":null,"14":null,"15":null,"16":null,"17":null,"18":null,"19":null,"20":0.014022,"21":null,"22":null,"23":null,"24":null,"25":null,"26":null,"27":null,"28":0.014022,"29":null,"30":0.007011,"31":0.021033,"32":0.014022,"33":0.014022,"34":0.014022,"35":0.014022,"36":0.014022,"37":0.021033,"38":0.042066,"39":0.028044,"40":0.028044,"41":0.035055,"42":0.077121,"43":0.119187,"44":0.07011,"45":0.105165,"46":1.304046,"47":2.292597,"48":0.028044,"49":null,"50":null},"chrome":{"4":null,"5":null,"6":null,"7":null,"8":null,"9":null,"10":null,"11":0.021033,"12":null,"13":null,"14":null,"15":null,"16":null,"17":null,"18":0.021033,"19":null,"20":null,"21":0.014022,"22":0.112176,"23":0.014022,"24":null,"25":0.014022,"26":0.056088,"27":0.014022,"28":0.014022,"29":0.799254,"30":0.021033,"31":0.056088,"32":0.035055,"33":0.028044,"34":0.049077,"35":0.049077,"36":0.056088,"37":0.042066,"38":0.056088,"39":0.077121,"40":0.056088,"41":0.063099,"42":0.063099,"43":0.161253,"44":0.182286,"45":0.168264,"46":0.385605,"47":0.406638,"48":0.511803,"49":2.706246,"50":12.802086,"51":36.415134,"52":0.112176,"53":0.042066,"54":null},"opera":{"9":null,"9.5-9.6":null,"10.0-10.1":0,"10.5":null,"10.6":null,"11":null,"11.1":null,"11.5":null,"11.6":null,"12":null,"12.1":0.014022,"15":null,"16":null,"17":null,"18":null,"19":null,"20":null,"21":null,"22":null,"23":null,"24":null,"25":null,"26":null,"27":null,"28":null,"29":null,"30":null,"31":null,"32":null,"33":null,"34":0.007011,"35":0.007011,"36":0.021033,"37":0.133209,"38":0.252396,"39":null,"40":null},"safari":{"3.1":null,"3.2":null,"4":0.007011,"5":0.014022,"5.1":0.042066,"6":0.014022,"6.1":0.042066,"7":0.035055,"7.1":0.021033,"8":0.273429,"9":0.448704,"9.1":1.486332,"10":null,"0":null},"ios_saf":{"3.2":0,"4.0-4.1":0,"4.2-4.3":0,"5.0-5.1":0,"6.0-6.1":0,"7.0-7.1":0.0735915633062,"8":0,"8.1-8.4":0.147471720978,"9.0-9.2":0.318319585595,"9.3":2.25738513012},"android":{"2.1":0,"2.2":0,"2.3":0.014127642983,"3":0,"4":0.0930069829712,"4.1":0.324935788608,"4.2-4.3":0.686367988256,"4.4":1.8095156054,"4.4.3-4.4.4":1.08194199178,"50":null},"op_mob":{"10":0,"11":0,"11.1":0,"11.5":0,"12":0,"12.1":0.000507735338346,"0":0.0223403548872},"ie":{"5.5":null,"6":0.0219292926136,"7":0.00730976420455,"8":0.599400664773,"9":0.204673397727,"10":0.270461275568,"11":1.46195284091},"bb":{"7":0.069471,"10":null},"ie_mob":{"10":0.199320727273,"11":0.559631272727},"edge":{"12":0.112176,"13":0.581913,"14":null},"and_ff":{"0":0.023904},"and_uc":{"0":0.720108},"op_mini":{"5.0-8.0":0.314795909774},"and_chr":{"0":23.095827},"samsung":{"0":0.872496}},"total":98.7564312358}