{"id":"CR","name":"Costa Rica","month":"2016-06","access_date":"2016-07-06","data":{"firefox":{"2":null,"3":0.01093,"3.5":null,"3.6":0.01093,"4":null,"5":null,"6":0.027325,"7":null,"8":null,"9":null,"10":null,"11":null,"12":0.027325,"13":null,"14":null,"15":null,"16":0.02186,"17":null,"18":null,"19":null,"20":null,"21":0.060115,"22":0.01093,"23":0.01093,"24":0.016395,"25":0.016395,"26":null,"27":0.01093,"28":0.016395,"29":0.01093,"30":0.005465,"31":0.02186,"32":null,"33":0.02186,"34":0.02186,"35":0.03279,"36":0.027325,"37":0.071045,"38":0.09837,"39":0.060115,"40":0.04372,"41":0.07651,"42":0.081975,"43":0.125695,"44":0.136625,"45":0.19674,"46":2.68878,"47":4.311885,"48":0.04372,"49":null,"50":null},"chrome":{"4":null,"5":null,"6":null,"7":null,"8":null,"9":null,"10":null,"11":0.016395,"12":null,"13":null,"14":null,"15":null,"16":null,"17":null,"18":0.005465,"19":null,"20":null,"21":null,"22":0.01093,"23":null,"24":null,"25":0.005465,"26":0.02186,"27":0.027325,"28":0.016395,"29":0.333365,"30":0.01093,"31":0.02186,"32":0.04372,"33":0.01093,"34":0.027325,"35":0.03279,"36":0.06558,"37":0.049185,"38":0.049185,"39":0.060115,"40":0.03279,"41":0.15302,"42":0.02186,"43":0.103835,"44":0.081975,"45":0.09837,"46":0.114765,"47":0.22953,"48":0.213135,"49":1.797985,"50":8.0882,"51":21.90372,"52":0.07651,"53":0.03279,"54":null},"opera":{"9":null,"9.5-9.6":null,"10.0-10.1":0,"10.5":null,"10.6":null,"11":null,"11.1":null,"11.5":null,"11.6":0.01093,"12":0.016395,"12.1":0.02186,"15":null,"16":null,"17":null,"18":null,"19":null,"20":null,"21":null,"22":null,"23":null,"24":null,"25":null,"26":null,"27":0.07651,"28":0.092905,"29":0.1093,"30":null,"31":null,"32":null,"33":0.027325,"34":0.027325,"35":0.02186,"36":0.03279,"37":0.18581,"38":0.256855,"39":null,"40":null},"safari":{"3.1":null,"3.2":null,"4":0.027325,"5":0.049185,"5.1":0.12023,"6":0.03279,"6.1":0.103835,"7":0.05465,"7.1":0.02186,"8":0.508245,"9":0.86347,"9.1":3.01668,"10":null,"0":null},"ios_saf":{"3.2":0,"4.0-4.1":0,"4.2-4.3":0,"5.0-5.1":0,"6.0-6.1":0,"7.0-7.1":0.190569675472,"8":0,"8.1-8.4":0.381886683005,"9.0-9.2":0.824307262924,"9.3":5.8456313786},"android":{"2.1":0,"2.2":0,"2.3":0.0274336876101,"3":0,"4":0.1806051101,"4.1":0.630974815032,"4.2-4.3":1.33281998972,"4.4":3.51379815473,"4.4.3-4.4.4":2.10096324281,"50":null},"op_mob":{"10":0,"11":0,"11.1":0,"11.5":0,"12":0,"12.1":0.00454181954887,"0":0.19984006015},"ie":{"5.5":null,"6":0.0165660782609,"7":0.0110440521739,"8":0.204314965217,"9":0.193270913043,"10":0.281623330435,"11":2.46834566087},"bb":{"7":0.077095,"10":null},"ie_mob":{"10":0.307280606061,"11":0.862749393939},"edge":{"12":0.147555,"13":1.02742,"14":0.005465},"and_ff":{"0":0.07256},"and_uc":{"0":0.35373},"op_mini":{"5.0-8.0":2.8159281203},"and_chr":{"0":22.2491},"samsung":{"0":4.25383}},"total":98.33442}