{"id":"CU","name":"Cuba","month":"2016-06","access_date":"2016-07-06","data":{"firefox":{"2":0.025485,"3":0.025485,"3.5":0.15291,"3.6":0.18689,"4":0.195385,"5":0.824015,"6":0.042475,"7":0.11893,"8":0.06796,"9":0.10194,"10":0.093445,"11":0.10194,"12":0.127425,"13":0.03398,"14":0.093445,"15":0.23786,"16":0.30582,"17":0.20388,"18":0.1699,"19":0.13592,"20":0.331305,"21":0.25485,"22":0.30582,"23":0.297325,"24":7.61152,"25":0.71358,"26":1.384685,"27":0.71358,"28":0.25485,"29":0.62863,"30":0.88348,"31":0.773045,"32":2.49753,"33":1.231775,"34":1.707495,"35":1.37619,"36":1.00241,"37":1.71599,"38":2.930775,"39":4.68924,"40":3.36402,"41":2.455055,"42":1.59706,"43":4.63827,"44":2.85432,"45":3.525425,"46":8.452525,"47":8.554465,"48":0.44174,"49":0.05097,"50":null},"chrome":{"4":0.008495,"5":null,"6":0.008495,"7":null,"8":null,"9":0.008495,"10":null,"11":0.178395,"12":null,"13":null,"14":null,"15":0.008495,"16":null,"17":0.008495,"18":0.01699,"19":null,"20":null,"21":0.076455,"22":0.01699,"23":0.025485,"24":null,"25":0.042475,"26":0.008495,"27":0.01699,"28":0.042475,"29":0.059465,"30":0.03398,"31":0.025485,"32":0.025485,"33":0.110435,"34":0.280335,"35":0.025485,"36":0.059465,"37":0.08495,"38":0.229365,"39":0.042475,"40":0.23786,"41":0.06796,"42":0.093445,"43":0.059465,"44":0.076455,"45":0.144415,"46":0.32281,"47":0.40776,"48":0.433245,"49":0.5097,"50":1.54609,"51":2.438065,"52":0.025485,"53":0.01699,"54":null},"opera":{"9":null,"9.5-9.6":null,"10.0-10.1":0,"10.5":null,"10.6":0.008495,"11":null,"11.1":null,"11.5":null,"11.6":0.03398,"12":null,"12.1":0.03398,"15":null,"16":null,"17":null,"18":null,"19":null,"20":0.01699,"21":null,"22":0.01699,"23":null,"24":null,"25":0.008495,"26":null,"27":0.008495,"28":null,"29":0.161405,"30":0.03398,"31":null,"32":null,"33":0.008495,"34":0.01699,"35":0.01699,"36":0.03398,"37":0.06796,"38":0.10194,"39":null,"40":null},"safari":{"3.1":null,"3.2":null,"4":0,"5":null,"5.1":0.008495,"6":null,"6.1":null,"7":null,"7.1":null,"8":0.025485,"9":0.042475,"9.1":0.22087,"10":null,"0":null},"ios_saf":{"3.2":0,"4.0-4.1":0,"4.2-4.3":0,"5.0-5.1":0,"6.0-6.1":0,"7.0-7.1":0.0244572655041,"8":0,"8.1-8.4":0.0490104418533,"9.0-9.2":0.105789662161,"9.3":0.750214630482},"android":{"2.1":0,"2.2":0,"2.3":0.00979763711098,"3":0,"4":0.0645011109806,"4.1":0.225345653553,"4.2-4.3":0.476001869642,"4.4":1.25491401996,"4.4.3-4.4.4":0.750335708749,"50":null},"op_mob":{"10":0,"11":0,"11.1":0,"11.5":0,"12":0,"12.1":0.000176409022556,"0":0.00776199699248},"ie":{"5.5":null,"6":0.008495,"7":0.01699,"8":1.10435,"9":0.195385,"10":0.331305,"11":1.90288},"bb":{"7":0.00564,"10":null},"ie_mob":{"10":0.0177745454545,"11":0.0499054545455},"edge":{"12":0.10194,"13":0.10194,"14":null},"and_ff":{"0":3.374976},"and_uc":{"0":0.389536},"op_mini":{"5.0-8.0":0.109373593985},"and_chr":{"0":7.400125},"samsung":{"0":1.18064}},"total":99.182962}