{"id":"CV","name":"Cape Verde","month":"2016-06","access_date":"2016-07-06","data":{"firefox":{"2":null,"3":null,"3.5":null,"3.6":null,"4":null,"5":null,"6":null,"7":null,"8":null,"9":0.020298,"10":0.013532,"11":null,"12":0.006766,"13":null,"14":null,"15":null,"16":null,"17":null,"18":0.006766,"19":null,"20":null,"21":null,"22":null,"23":null,"24":null,"25":null,"26":0.027064,"27":null,"28":null,"29":0.020298,"30":0.006766,"31":null,"32":0.020298,"33":0.027064,"34":0.013532,"35":0.087958,"36":0.906644,"37":0.074426,"38":0.040596,"39":0.040596,"40":0.040596,"41":0.027064,"42":0.054128,"43":0.115022,"44":0.13532,"45":0.189448,"46":2.40193,"47":3.85662,"48":0.027064,"49":0.020298,"50":null},"chrome":{"4":null,"5":null,"6":null,"7":null,"8":null,"9":null,"10":null,"11":0.013532,"12":0.006766,"13":null,"14":null,"15":null,"16":null,"17":null,"18":0.013532,"19":null,"20":null,"21":null,"22":null,"23":null,"24":null,"25":null,"26":0.006766,"27":null,"28":0.027064,"29":null,"30":null,"31":0.060894,"32":0.047362,"33":0.16915,"34":0.020298,"35":0.027064,"36":0.358598,"37":0.013532,"38":0.013532,"39":0.027064,"40":0.081192,"41":0.020298,"42":0.081192,"43":3.098828,"44":0.121788,"45":0.446556,"46":0.081192,"47":0.378896,"48":0.311236,"49":2.381632,"50":8.69431,"51":28.633712,"52":0.155618,"53":0.20298,"54":null},"opera":{"9":null,"9.5-9.6":null,"10.0-10.1":0,"10.5":null,"10.6":null,"11":null,"11.1":null,"11.5":null,"11.6":null,"12":null,"12.1":0.006766,"15":null,"16":null,"17":null,"18":null,"19":null,"20":null,"21":null,"22":null,"23":null,"24":null,"25":null,"26":null,"27":null,"28":null,"29":0.006766,"30":null,"31":null,"32":null,"33":null,"34":0.013532,"35":0.013532,"36":0.087958,"37":0.331534,"38":0.324768,"39":null,"40":null},"safari":{"3.1":null,"3.2":null,"4":0.020298,"5":0.006766,"5.1":0.10149,"6":0.013532,"6.1":0.060894,"7":0.013532,"7.1":null,"8":0.345066,"9":0.16915,"9.1":1.109624,"10":null,"0":null},"ios_saf":{"3.2":0,"4.0-4.1":0,"4.2-4.3":0,"5.0-5.1":0,"6.0-6.1":0,"7.0-7.1":0.0939465153235,"8":0,"8.1-8.4":0.188261448354,"9.0-9.2":0.406364730988,"9.3":2.88176330533},"android":{"2.1":0,"2.2":0,"2.3":0.0240185742807,"3":0,"4":0.158122280681,"4.1":0.552427208456,"4.2-4.3":1.16690240047,"4.4":3.07637905578,"4.4.3-4.4.4":1.83942248033,"50":null},"op_mob":{"10":0,"11":0,"11.1":0,"11.5":0,"12":0,"12.1":0.00520844210526,"0":0.229171452632},"ie":{"5.5":null,"6":0.0203617299843,"7":null,"8":0.352936653061,"9":0.522617736264,"10":0.563341196232,"11":2.86421668446},"bb":{"7":0.027489,"10":null},"ie_mob":{"10":0.36946,"11":1.03733},"edge":{"12":0.243576,"13":1.008134,"14":0.020298},"and_ff":{"0":0.03234},"and_uc":{"0":0.992838},"op_mini":{"5.0-8.0":3.22923410526},"and_chr":{"0":18.07283},"samsung":{"0":1.044582}},"total":97.323459}