{"id":"CX","name":"Christmas Island","month":"2016-06","access_date":"2016-07-06","data":{"firefox":{"2":null,"3":null,"3.5":null,"3.6":null,"4":null,"5":null,"6":null,"7":null,"8":null,"9":null,"10":null,"11":null,"12":null,"13":null,"14":null,"15":null,"16":null,"17":null,"18":null,"19":null,"20":0.304885,"21":null,"22":null,"23":0.147525,"24":null,"25":null,"26":null,"27":null,"28":0.147525,"29":null,"30":null,"31":null,"32":null,"33":null,"34":null,"35":null,"36":null,"37":null,"38":null,"39":null,"40":null,"41":null,"42":0.45241,"43":0.147525,"44":3.157035,"45":2.861985,"46":4.20938,"47":42.713405,"48":null,"49":null,"50":null},"chrome":{"4":null,"5":null,"6":null,"7":null,"8":null,"9":null,"10":null,"11":null,"12":null,"13":null,"14":null,"15":null,"16":2.10469,"17":null,"18":null,"19":null,"20":null,"21":null,"22":null,"23":null,"24":null,"25":null,"26":null,"27":0.599935,"28":null,"29":7.366415,"30":null,"31":null,"32":0.147525,"33":null,"34":null,"35":null,"36":null,"37":null,"38":null,"39":null,"40":null,"41":null,"42":null,"43":0.45241,"44":null,"45":null,"46":null,"47":null,"48":7.6713,"49":null,"50":1.504755,"51":5.261725,"52":null,"53":null,"54":null},"opera":{"9":null,"9.5-9.6":null,"10.0-10.1":0,"10.5":null,"10.6":null,"11":null,"11.1":null,"11.5":null,"11.6":null,"12":null,"12.1":null,"15":null,"16":null,"17":null,"18":null,"19":null,"20":null,"21":null,"22":null,"23":null,"24":null,"25":null,"26":null,"27":null,"28":null,"29":null,"30":null,"31":null,"32":null,"33":null,"34":null,"35":null,"36":null,"37":null,"38":null,"39":null,"40":null},"safari":{"3.1":null,"3.2":null,"4":0,"5":0.147525,"5.1":1.19987,"6":null,"6.1":null,"7":null,"7.1":null,"8":null,"9":0.74746,"9.1":1.957165,"10":null,"0":null},"ios_saf":{"3.2":0,"4.0-4.1":0,"4.2-4.3":0,"5.0-5.1":0,"6.0-6.1":0,"7.0-7.1":0.0434165720772,"8":0,"8.1-8.4":0.0870034052213,"9.0-9.2":0.187797956867,"9.3":1.33178206583},"android":{"2.1":0,"2.2":0,"2.3":0,"3":0,"4":0,"4.1":0,"4.2-4.3":0,"4.4":0,"4.4.3-4.4.4":0,"50":null},"op_mob":{"10":0,"11":0,"11.1":0,"11.5":0,"12":0,"12.1":0,"0":0},"ie":{"5.5":null,"6":null,"7":null,"8":1.4858203271,"9":2.7889578271,"10":0.377544509346,"11":3.16650233645},"bb":{"7":0,"10":null},"ie_mob":{"10":0,"11":0},"edge":{"12":1.65228,"13":0.45241,"14":null},"and_ff":{"0":null},"and_uc":{"0":null},"op_mini":{"5.0-8.0":0},"and_chr":{"0":0.147525},"samsung":{"0":null}},"total":95.02349}