{"id":"CY","name":"Cyprus","month":"2016-06","access_date":"2016-07-06","data":{"firefox":{"2":null,"3":null,"3.5":null,"3.6":0.03292,"4":0.006584,"5":null,"6":0.019752,"7":null,"8":null,"9":null,"10":0.019752,"11":null,"12":null,"13":null,"14":null,"15":null,"16":0.019752,"17":null,"18":null,"19":null,"20":0.006584,"21":0.006584,"22":null,"23":null,"24":null,"25":null,"26":0.190936,"27":null,"28":null,"29":null,"30":null,"31":null,"32":null,"33":0.013168,"34":null,"35":0.013168,"36":0.019752,"37":0.026336,"38":0.046088,"39":0.039504,"40":0.019752,"41":0.026336,"42":0.06584,"43":0.177768,"44":0.190936,"45":0.184352,"46":2.56776,"47":5.247448,"48":0.052672,"49":null,"50":null},"chrome":{"4":null,"5":null,"6":null,"7":null,"8":null,"9":null,"10":null,"11":0.013168,"12":0.006584,"13":null,"14":null,"15":null,"16":0.006584,"17":null,"18":null,"19":null,"20":null,"21":null,"22":0.039504,"23":null,"24":null,"25":null,"26":0.138264,"27":0.013168,"28":0.019752,"29":0.520136,"30":0.092176,"31":0.072424,"32":0.006584,"33":0.03292,"34":0.026336,"35":0.026336,"36":0.03292,"37":0.03292,"38":0.046088,"39":0.085592,"40":0.039504,"41":0.039504,"42":0.79008,"43":0.210688,"44":0.092176,"45":0.125096,"46":0.105344,"47":0.256776,"48":0.26336,"49":4.21376,"50":9.665312,"51":26.283328,"52":0.085592,"53":0.052672,"54":null},"opera":{"9":null,"9.5-9.6":null,"10.0-10.1":0,"10.5":null,"10.6":null,"11":null,"11.1":null,"11.5":null,"11.6":null,"12":null,"12.1":0.039504,"15":null,"16":null,"17":null,"18":null,"19":null,"20":null,"21":null,"22":null,"23":null,"24":null,"25":null,"26":null,"27":null,"28":null,"29":null,"30":null,"31":null,"32":null,"33":null,"34":null,"35":null,"36":0.039504,"37":0.19752,"38":0.348952,"39":null,"40":null},"safari":{"3.1":null,"3.2":null,"4":0.013168,"5":0.046088,"5.1":0.1646,"6":0.019752,"6.1":0.079008,"7":0.026336,"7.1":0.019752,"8":0.184352,"9":0.355536,"9.1":1.468232,"10":null,"0":null},"ios_saf":{"3.2":0,"4.0-4.1":0,"4.2-4.3":0,"5.0-5.1":0,"6.0-6.1":0,"7.0-7.1":0.199096295532,"8":0,"8.1-8.4":0.39897336085,"9.0-9.2":0.861189074399,"9.3":6.10718126922},"android":{"2.1":0,"2.2":0,"2.3":0.010037383441,"3":0,"4":0.0660794409865,"4.1":0.230859819143,"4.2-4.3":0.487649545508,"4.4":1.28562152907,"4.4.3-4.4.4":0.768696281856,"50":null},"op_mob":{"10":0,"11":0,"11.1":0,"11.5":0,"12":0,"12.1":0.000636968421053,"0":0.0280266105263},"ie":{"5.5":null,"6":null,"7":0.0265739759036,"8":0.803862771084,"9":0.312244216867,"10":0.285670240964,"11":5.18856879518},"bb":{"7":0.015372,"10":null},"ie_mob":{"10":0.12021559596,"11":0.33752840404},"edge":{"12":0.105344,"13":1.797432,"14":null},"and_ff":{"0":0.03416},"and_uc":{"0":1.123864},"op_mini":{"5.0-8.0":0.394920421053},"and_chr":{"0":18.239144},"samsung":{"0":4.205096}},"total":98.86474}