{"id":"CZ","name":"Czech Republic","month":"2016-06","access_date":"2016-07-06","data":{"firefox":{"2":null,"3":0.00856,"3.5":null,"3.6":0.05992,"4":null,"5":null,"6":0.00856,"7":null,"8":null,"9":null,"10":null,"11":null,"12":0.01712,"13":null,"14":null,"15":0.00856,"16":null,"17":null,"18":0.01712,"19":0.00856,"20":null,"21":0.00856,"22":null,"23":null,"24":0.01712,"25":null,"26":0.01712,"27":0.00856,"28":0.01712,"29":0.01712,"30":0.01712,"31":0.0428,"32":0.02568,"33":0.02568,"34":0.02568,"35":0.02568,"36":0.02568,"37":0.03424,"38":0.29104,"39":0.0856,"40":0.06848,"41":0.07704,"42":0.11984,"43":0.95016,"44":0.18832,"45":0.76184,"46":6.60832,"47":10.04944,"48":0.0856,"49":null,"50":null},"chrome":{"4":null,"5":null,"6":null,"7":null,"8":null,"9":null,"10":null,"11":0.0428,"12":0.00856,"13":null,"14":null,"15":null,"16":null,"17":null,"18":0.00856,"19":null,"20":0.06848,"21":null,"22":0.0428,"23":null,"24":null,"25":null,"26":0.01712,"27":0.00856,"28":null,"29":4.77648,"30":0.00856,"31":0.0428,"32":0.00856,"33":0.01712,"34":0.05136,"35":0.01712,"36":0.02568,"37":0.0428,"38":0.01712,"39":0.07704,"40":0.0428,"41":0.03424,"42":0.02568,"43":0.31672,"44":0.05992,"45":0.10272,"46":0.0856,"47":0.19688,"48":0.35096,"49":3.638,"50":10.6144,"51":25.44888,"52":0.09416,"53":0.05136,"54":null},"opera":{"9":null,"9.5-9.6":null,"10.0-10.1":0,"10.5":null,"10.6":null,"11":null,"11.1":null,"11.5":null,"11.6":0.01712,"12":0.02568,"12.1":0.3852,"15":null,"16":null,"17":null,"18":null,"19":null,"20":null,"21":null,"22":null,"23":null,"24":null,"25":null,"26":null,"27":null,"28":0.01712,"29":null,"30":0.01712,"31":null,"32":null,"33":null,"34":0.01712,"35":0.02568,"36":0.23112,"37":1.30112,"38":1.55792,"39":0.01712,"40":null},"safari":{"3.1":null,"3.2":null,"4":0,"5":0.01712,"5.1":0.0428,"6":null,"6.1":0.02568,"7":0.01712,"7.1":0.00856,"8":0.11984,"9":0.24824,"9.1":1.4124,"10":null,"0":null},"ios_saf":{"3.2":0,"4.0-4.1":0,"4.2-4.3":0,"5.0-5.1":0,"6.0-6.1":0,"7.0-7.1":0.0616104839542,"8":0,"8.1-8.4":0.123462577649,"9.0-9.2":0.266495544319,"9.3":1.88987139408},"android":{"2.1":0,"2.2":0,"2.3":0.00607285965942,"3":0,"4":0.0399796594245,"4.1":0.139675772167,"4.2-4.3":0.29503976512,"4.4":0.777832108045,"4.4.3-4.4.4":0.465079835584,"50":null},"op_mob":{"10":0,"11":0,"11.1":0,"11.5":0,"12":0,"12.1":0.000812030075188,"0":0.0357293233083},"ie":{"5.5":null,"6":0.00860212598425,"7":0.00860212598425,"8":0.473116929134,"9":0.292472283465,"10":0.361289291339,"11":7.58707511811},"bb":{"7":0.02016,"10":null},"ie_mob":{"10":0.159214545455,"11":0.447025454545},"edge":{"12":0.14552,"13":2.2684,"14":0.00856},"and_ff":{"0":0.02592},"and_uc":{"0":0.09648},"op_mini":{"5.0-8.0":0.503458646617},"and_chr":{"0":8.36232},"samsung":{"0":0.93456}},"total":97.374597874}