{"id":"DE","name":"Germany","month":"2016-06","access_date":"2016-07-06","data":{"firefox":{"2":0.01336,"3":0.01336,"3.5":0.00668,"3.6":0.05344,"4":0.00668,"5":null,"6":0.02672,"7":null,"8":null,"9":0.01336,"10":0.01336,"11":0.01336,"12":0.04008,"13":0.00668,"14":0.00668,"15":0.01336,"16":0.0334,"17":0.01336,"18":0.01336,"19":0.00668,"20":0.02004,"21":0.01336,"22":0.01336,"23":0.01336,"24":0.05344,"25":0.01336,"26":0.02672,"27":0.01336,"28":0.0334,"29":0.02672,"30":0.0334,"31":0.12024,"32":0.06012,"33":0.08016,"34":0.09352,"35":0.1002,"36":0.16032,"37":0.09352,"38":1.01536,"39":0.22712,"40":0.2672,"41":0.24716,"42":0.5344,"43":0.39412,"44":0.38076,"45":1.09552,"46":7.34132,"47":12.23108,"48":0.1336,"49":0.01336,"50":null},"chrome":{"4":null,"5":null,"6":null,"7":null,"8":null,"9":null,"10":null,"11":0.0334,"12":null,"13":null,"14":null,"15":null,"16":null,"17":null,"18":0.00668,"19":null,"20":null,"21":0.00668,"22":0.04676,"23":null,"24":0.00668,"25":null,"26":0.02004,"27":null,"28":0.01336,"29":1.00868,"30":null,"31":0.0334,"32":0.01336,"33":0.05344,"34":0.0334,"35":0.02672,"36":0.02004,"37":0.28724,"38":0.02672,"39":0.04676,"40":0.04008,"41":0.08016,"42":0.06012,"43":0.10688,"44":0.06012,"45":0.11356,"46":0.12692,"47":0.2004,"48":0.2338,"49":1.1356,"50":4.96324,"51":12.9926,"52":0.07348,"53":0.04008,"54":null},"opera":{"9":null,"9.5-9.6":null,"10.0-10.1":0,"10.5":null,"10.6":null,"11":null,"11.1":null,"11.5":null,"11.6":0.00668,"12":0.00668,"12.1":0.22712,"15":null,"16":null,"17":null,"18":null,"19":null,"20":null,"21":null,"22":null,"23":null,"24":null,"25":null,"26":null,"27":null,"28":0.00668,"29":null,"30":0.00668,"31":null,"32":0.00668,"33":0.01336,"34":0.01336,"35":0.01336,"36":0.1002,"37":0.40748,"38":0.7014,"39":0.00668,"40":null},"safari":{"3.1":null,"3.2":null,"4":0.02672,"5":0.0668,"5.1":0.2004,"6":0.01336,"6.1":0.20708,"7":0.0668,"7.1":0.04008,"8":0.28056,"9":0.6346,"9.1":2.7722,"10":null,"0":null},"ios_saf":{"3.2":0,"4.0-4.1":0,"4.2-4.3":0,"5.0-5.1":0,"6.0-6.1":0,"7.0-7.1":0.251595088226,"8":0,"8.1-8.4":0.504176823857,"9.0-9.2":1.0882720875,"9.3":7.71755600041},"android":{"2.1":0,"2.2":0,"2.3":0.00876105695831,"3":0,"4":0.0576769583089,"4.1":0.201504310041,"4.2-4.3":0.425641350558,"4.4":1.12214537874,"4.4.3-4.4.4":0.67095094539,"50":null},"op_mob":{"10":0,"11":0,"11.1":0,"11.5":0,"12":0,"12.1":0.000499248120301,"0":0.0219669172932},"ie":{"5.5":null,"6":0.0403425327511,"7":0.0336187772926,"8":0.410149082969,"9":0.376530305677,"10":0.31601650655,"11":8.06178279476},"bb":{"7":0.01909,"10":null},"ie_mob":{"10":0.183103030303,"11":0.514096969697},"edge":{"12":0.19372,"13":2.31128,"14":0.00668},"and_ff":{"0":0.09628},"and_uc":{"0":0.47476},"op_mini":{"5.0-8.0":0.309533834586},"and_chr":{"0":14.5656},"samsung":{"0":5.36844}},"total":98.23065}