{"id":"DJ","name":"Djibouti","month":"2016-06","access_date":"2016-07-06","data":{"firefox":{"2":null,"3":0.022025,"3.5":null,"3.6":0.01762,"4":0.004405,"5":null,"6":null,"7":null,"8":0.004405,"9":null,"10":0.030835,"11":0.02643,"12":0.01762,"13":0.00881,"14":0.00881,"15":0.00881,"16":0.01762,"17":null,"18":0.00881,"19":0.004405,"20":0.00881,"21":0.00881,"22":0.013215,"23":0.03524,"24":0.013215,"25":0.00881,"26":0.00881,"27":0.004405,"28":null,"29":0.066075,"30":0.03524,"31":0.013215,"32":0.013215,"33":0.022025,"34":0.030835,"35":0.00881,"36":0.022025,"37":0.030835,"38":0.127745,"39":0.00881,"40":0.118935,"41":0.048455,"42":0.039645,"43":0.29073,"44":0.19382,"45":0.1762,"46":2.14964,"47":3.51519,"48":0.22906,"49":null,"50":null},"chrome":{"4":null,"5":null,"6":0.00881,"7":null,"8":null,"9":0.01762,"10":null,"11":0.01762,"12":null,"13":0.004405,"14":0.004405,"15":null,"16":0.00881,"17":null,"18":null,"19":null,"20":0.01762,"21":0.33478,"22":0.00881,"23":0.00881,"24":0.00881,"25":0.013215,"26":0.00881,"27":null,"28":0.039645,"29":0.00881,"30":0.04405,"31":0.030835,"32":0.00881,"33":0.05286,"34":0.022025,"35":0.013215,"36":0.00881,"37":0.039645,"38":0.013215,"39":0.057265,"40":0.030835,"41":0.00881,"42":0.022025,"43":1.052795,"44":0.06167,"45":0.418475,"46":0.110125,"47":0.162985,"48":0.22906,"49":1.72676,"50":6.127355,"51":19.02079,"52":0.224655,"53":0.101315,"54":null},"opera":{"9":null,"9.5-9.6":null,"10.0-10.1":0,"10.5":null,"10.6":0.00881,"11":null,"11.1":null,"11.5":null,"11.6":null,"12":null,"12.1":null,"15":null,"16":null,"17":null,"18":0.004405,"19":null,"20":null,"21":0.04405,"22":null,"23":null,"24":null,"25":null,"26":null,"27":null,"28":null,"29":null,"30":null,"31":null,"32":null,"33":null,"34":0.02643,"35":null,"36":0.00881,"37":0.145365,"38":0.347995,"39":null,"40":null},"safari":{"3.1":null,"3.2":null,"4":0.00881,"5":0.030835,"5.1":0.07929,"6":0.00881,"6.1":0.06167,"7":0.00881,"7.1":0.00881,"8":0.14977,"9":0.37002,"9.1":0.88981,"10":null,"0":null},"ios_saf":{"3.2":0,"4.0-4.1":0,"4.2-4.3":0,"5.0-5.1":0,"6.0-6.1":0,"7.0-7.1":0.05903588123,"8":0,"8.1-8.4":0.11830327572,"9.0-9.2":0.255359125477,"9.3":1.81089671757},"android":{"2.1":0,"2.2":0,"2.3":0.0259610628303,"3":0,"4":0.170910330299,"4.1":0.597104445097,"4.2-4.3":1.26127496917,"4.4":3.32517946418,"4.4.3-4.4.4":1.98818472842,"50":null},"op_mob":{"10":0,"11":0,"11.1":0,"11.5":0,"12":0,"12.1":0.0216311954887,"0":0.951772601504},"ie":{"5.5":null,"6":0.00441288014311,"7":0.0176515205725,"8":0.428049373882,"9":0.123560644007,"10":0.154450805009,"11":1.73867477639},"bb":{"7":0.01258875,"10":null},"ie_mob":{"10":0.24245,"11":0.680725},"edge":{"12":0.1762,"13":0.506575,"14":null},"and_ff":{"0":0.01119},"and_uc":{"0":13.097895},"op_mini":{"5.0-8.0":13.411341203},"and_chr":{"0":15.11084},"samsung":{"0":2.467395}},"total":98.49390375}