{"id":"DK","name":"Denmark","month":"2016-06","access_date":"2016-07-06","data":{"firefox":{"2":0.006186,"3":null,"3.5":null,"3.6":0.012372,"4":null,"5":null,"6":0.012372,"7":null,"8":null,"9":null,"10":null,"11":0.006186,"12":0.055674,"13":null,"14":null,"15":null,"16":0.012372,"17":null,"18":null,"19":null,"20":null,"21":0.006186,"22":null,"23":null,"24":0.006186,"25":null,"26":null,"27":null,"28":null,"29":0.012372,"30":null,"31":0.018558,"32":null,"33":0.006186,"34":0.012372,"35":0.012372,"36":0.012372,"37":0.012372,"38":0.105162,"39":0.03093,"40":0.024744,"41":0.024744,"42":0.037116,"43":0.068046,"44":0.074232,"45":0.160836,"46":2.121798,"47":3.971412,"48":0.03093,"49":null,"50":null},"chrome":{"4":null,"5":null,"6":null,"7":null,"8":null,"9":null,"10":null,"11":0.006186,"12":null,"13":null,"14":null,"15":null,"16":null,"17":null,"18":null,"19":null,"20":null,"21":null,"22":0.018558,"23":null,"24":null,"25":null,"26":0.006186,"27":0.006186,"28":null,"29":0.476322,"30":0.006186,"31":0.037116,"32":0.012372,"33":0.024744,"34":0.037116,"35":0.049488,"36":0.024744,"37":0.03093,"38":0.043302,"39":0.055674,"40":0.024744,"41":0.129906,"42":0.043302,"43":0.117534,"44":0.111348,"45":0.111348,"46":0.117534,"47":0.12372,"48":0.191766,"49":1.317618,"50":7.986126,"51":21.174678,"52":0.09279,"53":0.037116,"54":null},"opera":{"9":null,"9.5-9.6":null,"10.0-10.1":0,"10.5":null,"10.6":null,"11":null,"11.1":null,"11.5":null,"11.6":null,"12":null,"12.1":0.024744,"15":null,"16":null,"17":null,"18":null,"19":null,"20":null,"21":null,"22":null,"23":null,"24":null,"25":null,"26":null,"27":null,"28":0.012372,"29":null,"30":null,"31":null,"32":null,"33":null,"34":null,"35":0.006186,"36":0.018558,"37":0.12372,"38":0.222696,"39":null,"40":null},"safari":{"3.1":null,"3.2":null,"4":0.006186,"5":0.037116,"5.1":0.111348,"6":0.012372,"6.1":0.142278,"7":0.074232,"7.1":0.03093,"8":0.531996,"9":0.952644,"9.1":4.627128,"10":null,"0":null},"ios_saf":{"3.2":0,"4.0-4.1":0,"4.2-4.3":0,"5.0-5.1":0,"6.0-6.1":0,"7.0-7.1":0.604255904447,"8":0,"8.1-8.4":1.21088143989,"9.0-9.2":2.61370299061,"9.3":18.5352536651},"android":{"2.1":0,"2.2":0,"2.3":0.00329217850851,"3":0,"4":0.0216735085144,"4.1":0.0757201056958,"4.2-4.3":0.159945005872,"4.4":0.421673197299,"4.4.3-4.4.4":0.25212600411,"50":null},"op_mob":{"10":0,"11":0,"11.1":0,"11.5":0,"12":0,"12.1":0.000103236090226,"0":0.00454238796992},"ie":{"5.5":null,"6":0.00620396167247,"7":0.0124079233449,"8":0.148895080139,"9":0.347421853659,"10":0.570764473868,"11":9.59132474564},"bb":{"7":0.0047675,"10":null},"ie_mob":{"10":0.200331313131,"11":0.562468686869},"edge":{"12":0.18558,"13":3.631182,"14":0.018558},"and_ff":{"0":0.053396},"and_uc":{"0":0.045768},"op_mini":{"5.0-8.0":0.0640063759398},"and_chr":{"0":10.40105},"samsung":{"0":3.005432}},"total":98.9559615383}