{"id":"DM","name":"Dominica","month":"2016-06","access_date":"2016-07-06","data":{"firefox":{"2":null,"3":null,"3.5":null,"3.6":0.012942,"4":null,"5":null,"6":null,"7":null,"8":null,"9":null,"10":null,"11":null,"12":null,"13":0.006471,"14":null,"15":0.006471,"16":null,"17":0.019413,"18":null,"19":null,"20":null,"21":0.012942,"22":null,"23":null,"24":null,"25":null,"26":null,"27":0.006471,"28":null,"29":null,"30":null,"31":0.006471,"32":null,"33":0.045297,"34":null,"35":0.006471,"36":0.045297,"37":0.06471,"38":0.012942,"39":0.019413,"40":0.06471,"41":0.032355,"42":0.097065,"43":0.116478,"44":0.634158,"45":0.097065,"46":2.07072,"47":3.254913,"48":0.051768,"49":null,"50":null},"chrome":{"4":null,"5":null,"6":null,"7":null,"8":null,"9":null,"10":null,"11":0.032355,"12":null,"13":null,"14":null,"15":null,"16":null,"17":null,"18":0.051768,"19":null,"20":null,"21":0.058239,"22":0.071181,"23":0.012942,"24":null,"25":null,"26":null,"27":null,"28":0.012942,"29":0.990063,"30":0.032355,"31":0.012942,"32":0.330021,"33":0.006471,"34":0.045297,"35":0.077652,"36":0.103536,"37":0.012942,"38":0.006471,"39":0.019413,"40":0.012942,"41":0.051768,"42":0.012942,"43":0.110007,"44":0.025884,"45":0.608274,"46":0.744165,"47":0.135891,"48":0.918882,"49":1.255374,"50":9.829449,"51":25.644573,"52":0.148833,"53":0.394731,"54":null},"opera":{"9":null,"9.5-9.6":null,"10.0-10.1":0,"10.5":null,"10.6":null,"11":null,"11.1":null,"11.5":null,"11.6":null,"12":null,"12.1":0.051768,"15":null,"16":null,"17":null,"18":null,"19":null,"20":null,"21":null,"22":null,"23":null,"24":null,"25":null,"26":null,"27":0.012942,"28":null,"29":0.110007,"30":null,"31":null,"32":null,"33":null,"34":null,"35":null,"36":0.161775,"37":0.459441,"38":0.58239,"39":0.006471,"40":null},"safari":{"3.1":null,"3.2":null,"4":0,"5":0.012942,"5.1":0.025884,"6":null,"6.1":0.019413,"7":0.012942,"7.1":null,"8":0.394731,"9":0.336492,"9.1":2.78253,"10":null,"0":null},"ios_saf":{"3.2":0,"4.0-4.1":0,"4.2-4.3":0,"5.0-5.1":0,"6.0-6.1":0,"7.0-7.1":0.100566121659,"8":0,"8.1-8.4":0.201526620266,"9.0-9.2":0.434997773295,"9.3":3.08481648478},"android":{"2.1":0,"2.2":0,"2.3":0.0303249477393,"3":0,"4":0.199639239284,"4.1":0.697473798004,"4.2-4.3":1.47328704433,"4.4":3.88412038961,"4.4.3-4.4.4":2.32238558103,"50":null},"op_mob":{"10":0,"11":0,"11.1":0,"11.5":0,"12":0,"12.1":0.000514756390977,"0":0.022649281203},"ie":{"5.5":null,"6":null,"7":0.006471,"8":0.116478,"9":0.174717,"10":0.161775,"11":3.332565},"bb":{"7":0.239972,"10":null},"ie_mob":{"10":0.371650040404,"11":1.0434789596},"edge":{"12":0.278253,"13":2.103075,"14":null},"and_ff":{"0":0.017645},"and_uc":{"0":0.829315},"op_mini":{"5.0-8.0":0.319148962406},"and_chr":{"0":20.241206},"samsung":{"0":1.969182}},"total":97.08181}