{"id":"DO","name":"Dominican Republic","month":"2016-06","access_date":"2016-07-06","data":{"firefox":{"2":null,"3":0.042476,"3.5":null,"3.6":0.036408,"4":null,"5":null,"6":0.139564,"7":null,"8":null,"9":null,"10":null,"11":0.018204,"12":0.006068,"13":null,"14":null,"15":0.012136,"16":null,"17":null,"18":null,"19":null,"20":0.018204,"21":0.012136,"22":null,"23":null,"24":null,"25":0.012136,"26":null,"27":null,"28":null,"29":0.012136,"30":0.006068,"31":0.018204,"32":0.018204,"33":0.018204,"34":0.024272,"35":0.018204,"36":0.012136,"37":0.03034,"38":0.042476,"39":0.048544,"40":0.03034,"41":0.054612,"42":0.1517,"43":0.224516,"44":0.103156,"45":0.163836,"46":1.310688,"47":2.342248,"48":0.036408,"49":null,"50":null},"chrome":{"4":null,"5":null,"6":null,"7":null,"8":null,"9":null,"10":null,"11":0.06068,"12":null,"13":null,"14":null,"15":null,"16":null,"17":0.012136,"18":0.012136,"19":null,"20":null,"21":0.024272,"22":0.048544,"23":0.018204,"24":null,"25":0.012136,"26":0.012136,"27":0.012136,"28":0.018204,"29":4.235464,"30":0.006068,"31":0.054612,"32":0.018204,"33":0.024272,"34":0.036408,"35":0.042476,"36":0.06068,"37":0.054612,"38":0.048544,"39":0.097088,"40":0.06068,"41":0.054612,"42":0.048544,"43":0.21238,"44":0.175972,"45":0.163836,"46":0.491508,"47":0.770636,"48":0.703888,"49":4.03522,"50":8.52554,"51":24.296272,"52":0.12136,"53":0.042476,"54":null},"opera":{"9":null,"9.5-9.6":null,"10.0-10.1":0,"10.5":null,"10.6":null,"11":null,"11.1":null,"11.5":null,"11.6":null,"12":null,"12.1":0.018204,"15":null,"16":null,"17":null,"18":null,"19":null,"20":null,"21":null,"22":null,"23":null,"24":null,"25":null,"26":null,"27":null,"28":0.012136,"29":0.018204,"30":0.012136,"31":null,"32":0.006068,"33":0.018204,"34":0.018204,"35":0.012136,"36":0.054612,"37":0.194176,"38":0.358012,"39":null,"40":null},"safari":{"3.1":null,"3.2":null,"4":0.042476,"5":0.048544,"5.1":0.06068,"6":0.012136,"6.1":0.042476,"7":0.03034,"7.1":0.018204,"8":0.224516,"9":0.449032,"9.1":1.250008,"10":null,"0":null},"ios_saf":{"3.2":0,"4.0-4.1":0,"4.2-4.3":0,"5.0-5.1":0,"6.0-6.1":0,"7.0-7.1":0.16578989062,"8":0,"8.1-8.4":0.332229937674,"9.0-9.2":0.717122546486,"9.3":5.08552362522},"android":{"2.1":0,"2.2":0,"2.3":0.0220044768056,"3":0,"4":0.144862805637,"4.1":0.50610296653,"4.2-4.3":1.06905083147,"4.4":2.81840673752,"4.4.3-4.4.4":1.68517618203,"50":null},"op_mob":{"10":0,"11":0,"11.1":0,"11.5":0,"12":0,"12.1":0.0009936,"0":0.0437184},"ie":{"5.5":0.00692043622921,"6":0.0968861072089,"7":0.0207613086876,"8":0.899656709797,"9":0.304499194085,"10":0.359862683919,"11":2.03460825139},"bb":{"7":0.1042245,"10":null},"ie_mob":{"10":0.175594545455,"11":0.493015454545},"edge":{"12":0.145632,"13":0.734228,"14":null},"and_ff":{"0":0.023598},"and_uc":{"0":0.228114},"op_mini":{"5.0-8.0":0.616032},"and_chr":{"0":25.229834},"samsung":{"0":1.891773}},"total":98.4322861913}