{"id":"DZ","name":"Algeria","month":"2016-06","access_date":"2016-07-06","data":{"firefox":{"2":0.013454,"3":0.080724,"3.5":0.026908,"3.6":0.13454,"4":0.026908,"5":0.006727,"6":0.026908,"7":0.006727,"8":0.020181,"9":0.013454,"10":0.033635,"11":0.033635,"12":0.080724,"13":0.026908,"14":0.033635,"15":0.06727,"16":0.033635,"17":0.026908,"18":0.026908,"19":0.026908,"20":0.026908,"21":0.020181,"22":0.033635,"23":0.033635,"24":0.026908,"25":0.033635,"26":0.033635,"27":0.033635,"28":0.026908,"29":0.080724,"30":0.100905,"31":0.06727,"32":0.073997,"33":0.114359,"34":0.073997,"35":0.087451,"36":0.087451,"37":0.100905,"38":0.188356,"39":0.107632,"40":0.107632,"41":0.127813,"42":0.13454,"43":0.686154,"44":0.255626,"45":0.450709,"46":3.733485,"47":5.751585,"48":0.349804,"49":0.020181,"50":null},"chrome":{"4":0.047089,"5":0.033635,"6":0.033635,"7":0.020181,"8":0.020181,"9":null,"10":0.033635,"11":0.087451,"12":0.040362,"13":0.013454,"14":0.040362,"15":0.073997,"16":0.047089,"17":0.026908,"18":0.147994,"19":0.020181,"20":0.040362,"21":0.013454,"22":0.047089,"23":0.020181,"24":0.020181,"25":0.087451,"26":0.06727,"27":0.040362,"28":0.06727,"29":0.504525,"30":0.087451,"31":0.147994,"32":0.06727,"33":0.349804,"34":0.127813,"35":0.047089,"36":0.073997,"37":0.060543,"38":0.13454,"39":0.087451,"40":0.430528,"41":0.073997,"42":0.073997,"43":2.986788,"44":0.275807,"45":0.565068,"46":0.322896,"47":0.491071,"48":1.237768,"49":4.702173,"50":6.632822,"51":21.903112,"52":0.228718,"53":0.094178,"54":null},"opera":{"9":null,"9.5-9.6":null,"10.0-10.1":0,"10.5":null,"10.6":null,"11":null,"11.1":null,"11.5":null,"11.6":0.013454,"12":null,"12.1":0.053816,"15":null,"16":null,"17":0.006727,"18":0.013454,"19":null,"20":0.013454,"21":null,"22":null,"23":null,"24":null,"25":null,"26":null,"27":null,"28":0.013454,"29":0.006727,"30":0.013454,"31":0.006727,"32":0.013454,"33":0.026908,"34":0.033635,"35":0.033635,"36":0.208537,"37":0.511252,"38":1.14359,"39":0.013454,"40":null},"safari":{"3.1":null,"3.2":null,"4":0,"5":null,"5.1":0.013454,"6":null,"6.1":null,"7":0.006727,"7.1":null,"8":0.026908,"9":0.020181,"9.1":0.06727,"10":null,"0":null},"ios_saf":{"3.2":0,"4.0-4.1":0,"4.2-4.3":0,"5.0-5.1":0,"6.0-6.1":0,"7.0-7.1":0.0361715302858,"8":0,"8.1-8.4":0.07248490971,"9.0-9.2":0.156459599629,"9.3":1.10954396038},"android":{"2.1":0,"2.2":0,"2.3":0.024953982384,"3":0,"4":0.164280384028,"4.1":0.573941594833,"4.2-4.3":1.21234764416,"4.4":3.19618924369,"4.4.3-4.4.4":1.91105915091,"50":null},"op_mob":{"10":0,"11":0,"11.1":0,"11.5":0,"12":0,"12.1":0.00168817894737,"0":0.0742798736842},"ie":{"5.5":null,"6":0.0352192572464,"7":0.0422631086957,"8":0.415587235507,"9":0.176096286232,"10":0.147920880435,"11":1.12701623188},"bb":{"7":0.0081825,"10":null},"ie_mob":{"10":0.111744848485,"11":0.313745151515},"edge":{"12":0.060543,"13":0.195083,"14":null},"and_ff":{"0":0.036003},"and_uc":{"0":1.217556},"op_mini":{"5.0-8.0":1.04667094737},"and_chr":{"0":24.014336},"samsung":{"0":1.662684}},"total":97.9178505}