{"id":"EC","name":"Ecuador","month":"2016-06","access_date":"2016-07-06","data":{"firefox":{"2":null,"3":0.014518,"3.5":null,"3.6":0.029036,"4":0.014518,"5":null,"6":0.036295,"7":null,"8":null,"9":null,"10":null,"11":0.007259,"12":0.021777,"13":0.014518,"14":0.014518,"15":0.014518,"16":0.029036,"17":0.043554,"18":0.007259,"19":0.014518,"20":0.021777,"21":0.029036,"22":0.014518,"23":0.014518,"24":0.014518,"25":0.043554,"26":0.021777,"27":0.014518,"28":0.029036,"29":0.058072,"30":0.043554,"31":0.058072,"32":0.050813,"33":0.094367,"34":0.079849,"35":0.079849,"36":0.079849,"37":0.108885,"38":0.159698,"39":0.137921,"40":0.130662,"41":0.166957,"42":0.159698,"43":0.551684,"44":0.261324,"45":0.428281,"46":4.290069,"47":7.128338,"48":0.094367,"49":0.007259,"50":null},"chrome":{"4":null,"5":null,"6":null,"7":null,"8":null,"9":null,"10":null,"11":0.029036,"12":null,"13":null,"14":null,"15":null,"16":null,"17":null,"18":0.021777,"19":null,"20":null,"21":0.014518,"22":0.166957,"23":0.014518,"24":null,"25":0.014518,"26":0.050813,"27":0.014518,"28":0.014518,"29":0.515389,"30":0.021777,"31":0.036295,"32":0.050813,"33":0.021777,"34":0.050813,"35":0.050813,"36":0.094367,"37":0.065331,"38":0.094367,"39":0.087108,"40":0.058072,"41":0.065331,"42":0.079849,"43":0.246806,"44":0.152439,"45":0.239547,"46":0.239547,"47":0.36295,"48":0.391986,"49":2.75842,"50":10.830428,"51":31.671017,"52":0.188734,"53":0.058072,"54":null},"opera":{"9":null,"9.5-9.6":null,"10.0-10.1":0,"10.5":null,"10.6":null,"11":null,"11.1":null,"11.5":null,"11.6":null,"12":null,"12.1":0.021777,"15":null,"16":null,"17":null,"18":null,"19":null,"20":null,"21":null,"22":null,"23":null,"24":null,"25":null,"26":null,"27":null,"28":0.014518,"29":null,"30":null,"31":null,"32":null,"33":0.014518,"34":0.014518,"35":0.014518,"36":0.036295,"37":0.239547,"38":0.457317,"39":0.007259,"40":null},"safari":{"3.1":null,"3.2":null,"4":0.014518,"5":0.036295,"5.1":0.087108,"6":0.036295,"6.1":0.058072,"7":0.094367,"7.1":0.036295,"8":0.399245,"9":0.515389,"9.1":1.567944,"10":null,"0":null},"ios_saf":{"3.2":0,"4.0-4.1":0,"4.2-4.3":0,"5.0-5.1":0,"6.0-6.1":0,"7.0-7.1":0.0745042322774,"8":0,"8.1-8.4":0.149300638015,"9.0-9.2":0.322267326282,"9.3":2.28538080343},"android":{"2.1":0,"2.2":0,"2.3":0.0135585343511,"3":0,"4":0.089260351145,"4.1":0.311846290076,"4.2-4.3":0.658718793893,"4.4":1.73662227481,"4.4.3-4.4.4":1.03835775573,"50":null},"op_mob":{"10":0,"11":0,"11.1":0,"11.5":0,"12":0,"12.1":0.00259673684211,"0":0.114256421053},"ie":{"5.5":null,"6":0.0150003255814,"7":null,"8":0.285006186047,"9":0.150003255814,"10":0.285006186047,"11":1.50753272093},"bb":{"7":0.07743325,"10":null},"ie_mob":{"10":0.337613676768,"11":0.947915323232},"edge":{"12":0.130662,"13":0.65331,"14":null},"and_ff":{"0":0.021928},"and_uc":{"0":0.304251},"op_mini":{"5.0-8.0":1.60997684211},"and_chr":{"0":15.833618},"samsung":{"0":2.296958}},"total":98.3260449244}