{"id":"EE","name":"Estonia","month":"2016-06","access_date":"2016-07-06","data":{"firefox":{"2":null,"3":0.015756,"3.5":0.015756,"3.6":0.094536,"4":null,"5":null,"6":0.031512,"7":null,"8":null,"9":null,"10":null,"11":0.007878,"12":0.007878,"13":0.015756,"14":null,"15":0.023634,"16":0.015756,"17":0.047268,"18":0.007878,"19":null,"20":0.015756,"21":null,"22":null,"23":null,"24":0.031512,"25":0.007878,"26":null,"27":null,"28":0.015756,"29":0.03939,"30":null,"31":0.03939,"32":0.03939,"33":0.03939,"34":0.031512,"35":0.031512,"36":0.03939,"37":0.055146,"38":0.220584,"39":0.15756,"40":0.055146,"41":0.110292,"42":0.102414,"43":0.307242,"44":0.11817,"45":0.31512,"46":4.537728,"47":7.830732,"48":0.07878,"49":null,"50":0.007878},"chrome":{"4":null,"5":null,"6":null,"7":null,"8":null,"9":null,"10":null,"11":0.007878,"12":null,"13":null,"14":null,"15":0.007878,"16":0.007878,"17":0.007878,"18":0.015756,"19":null,"20":null,"21":0.015756,"22":0.023634,"23":null,"24":0.007878,"25":0.007878,"26":0.063024,"27":0.015756,"28":0.007878,"29":0.858702,"30":null,"31":0.023634,"32":0.015756,"33":0.023634,"34":0.047268,"35":0.031512,"36":0.023634,"37":0.015756,"38":0.047268,"39":0.063024,"40":0.063024,"41":0.03939,"42":0.031512,"43":0.15756,"44":0.165438,"45":0.11817,"46":0.126048,"47":0.252096,"48":0.27573,"49":2.497326,"50":11.596416,"51":28.71531,"52":0.126048,"53":0.15756,"54":null},"opera":{"9":null,"9.5-9.6":null,"10.0-10.1":0,"10.5":null,"10.6":null,"11":null,"11.1":null,"11.5":null,"11.6":0.015756,"12":0.03939,"12.1":0.31512,"15":null,"16":null,"17":null,"18":null,"19":null,"20":null,"21":null,"22":null,"23":null,"24":null,"25":null,"26":null,"27":0.015756,"28":null,"29":null,"30":null,"31":0.141804,"32":0.015756,"33":0.007878,"34":0.007878,"35":0.015756,"36":0.133926,"37":0.598728,"38":1.087164,"39":0.015756,"40":null},"safari":{"3.1":null,"3.2":null,"4":0.031512,"5":0.031512,"5.1":0.070902,"6":0.015756,"6.1":0.086658,"7":0.03939,"7.1":0.015756,"8":0.244218,"9":0.63024,"9.1":2.670642,"10":null,"0":null},"ios_saf":{"3.2":0,"4.0-4.1":0,"4.2-4.3":0,"5.0-5.1":0,"6.0-6.1":0,"7.0-7.1":0.133002169023,"8":0,"8.1-8.4":0.266525915179,"9.0-9.2":0.575299578165,"9.3":4.07977633763},"android":{"2.1":0,"2.2":0,"2.3":0.005068876101,"3":0,"4":0.0333701009982,"4.1":0.116584150323,"4.2-4.3":0.24626289724,"4.4":0.64923854727,"4.4.3-4.4.4":0.388191428068,"50":null},"op_mob":{"10":0,"11":0,"11.1":0,"11.5":0,"12":0,"12.1":0.000433972932331,"0":0.0190948090226},"ie":{"5.5":null,"6":null,"7":null,"8":0.307553604462,"9":0.205035736308,"10":0.23657969574,"11":7.02641696349},"bb":{"7":0.0047745,"10":null},"ie_mob":{"10":0.116474222222,"11":0.327023777778},"edge":{"12":0.15756,"13":1.701648,"14":null},"and_ff":{"0":0.025464},"and_uc":{"0":0.405302},"op_mini":{"5.0-8.0":0.269063218045},"and_chr":{"0":12.04928},"samsung":{"0":1.969216}},"total":97.7336585}