{"id":"EG","name":"Egypt","month":"2016-06","access_date":"2016-07-06","data":{"firefox":{"2":1.137888,"3":0.110628,"3.5":0.007902,"3.6":0.244962,"4":0.110628,"5":0.126432,"6":0.015804,"7":0.055314,"8":0.110628,"9":0.102726,"10":0.063216,"11":0.165942,"12":0.134334,"13":0.173844,"14":0.063216,"15":1.280124,"16":0.165942,"17":0.071118,"18":1.22481,"19":0.15804,"20":0.15804,"21":1.311732,"22":0.165942,"23":1.22481,"24":0.205452,"25":2.520738,"26":0.403002,"27":0.371394,"28":0.576846,"29":0.561042,"30":0.576846,"31":0.663768,"32":0.35559,"33":0.15804,"34":0.213354,"35":0.27657,"36":0.31608,"37":0.379296,"38":0.371394,"39":0.19755,"40":0.181746,"41":0.110628,"42":0.055314,"43":0.300276,"44":0.11853,"45":0.150138,"46":1.801656,"47":2.583954,"48":0.205452,"49":null,"50":null},"chrome":{"4":0.110628,"5":0.102726,"6":0.047412,"7":null,"8":null,"9":0.110628,"10":0.007902,"11":0.189648,"12":0.102726,"13":null,"14":null,"15":null,"16":0.110628,"17":0.173844,"18":0.007902,"19":1.14579,"20":0.221256,"21":0.102726,"22":0.023706,"23":0.126432,"24":3.366252,"25":0.181746,"26":0.35559,"27":0.205452,"28":0.292374,"29":0.43461,"30":1.374948,"31":0.608454,"32":0.7902,"33":1.612008,"34":1.02726,"35":3.010662,"36":0.90873,"37":1.090476,"38":0.616356,"39":1.02726,"40":1.161594,"41":1.351242,"42":1.256418,"43":3.856176,"44":1.359144,"45":0.71118,"46":0.308178,"47":0.308178,"48":0.403002,"49":1.706832,"50":2.117736,"51":5.468184,"52":0.023706,"53":0.031608,"54":null},"opera":{"9":null,"9.5-9.6":null,"10.0-10.1":1.122084,"10.5":null,"10.6":null,"11":0.055314,"11.1":null,"11.5":null,"11.6":0.094824,"12":null,"12.1":0.071118,"15":0.047412,"16":null,"17":0.047412,"18":0.055314,"19":0.150138,"20":0.23706,"21":0.229158,"22":0.150138,"23":0.150138,"24":null,"25":null,"26":0.023706,"27":null,"28":0.102726,"29":0.094824,"30":0.055314,"31":0.03951,"32":null,"33":null,"34":0.007902,"35":0.007902,"36":0.055314,"37":0.11853,"38":0.221256,"39":null,"40":null},"safari":{"3.1":null,"3.2":null,"4":0,"5":1.122084,"5.1":0.007902,"6":0.047412,"6.1":null,"7":0.047412,"7.1":null,"8":0.047412,"9":0.031608,"9.1":0.07902,"10":null,"0":null},"ios_saf":{"3.2":0,"4.0-4.1":0,"4.2-4.3":0,"5.0-5.1":0,"6.0-6.1":0,"7.0-7.1":0.0422316943556,"8":0,"8.1-8.4":0.0846290031988,"9.0-9.2":0.182672779899,"9.3":1.29543652255},"android":{"2.1":0,"2.2":0,"2.3":0.0106439929536,"3":0,"4":0.0700729536113,"4.1":0.244811837933,"4.2-4.3":0.517120657663,"4.4":1.36331809748,"4.4.3-4.4.4":0.815152460364,"50":null},"op_mob":{"10":0,"11":0,"11.1":0,"11.5":0,"12":0,"12.1":0.00196864962406,"0":0.0866205834586},"ie":{"5.5":null,"6":null,"7":0.0238971774194,"8":3.00307862903,"9":2.38175201613,"10":2.43751209677,"11":1.04351008065},"bb":{"7":0.005245,"10":null},"ie_mob":{"10":0.0666697777778,"11":0.187188222222},"edge":{"12":0.03951,"13":0.110628,"14":null},"and_ff":{"0":0.088116},"and_uc":{"0":0.837102},"op_mini":{"5.0-8.0":1.22056276692},"and_chr":{"0":13.098904},"samsung":{"0":1.124528}},"total":96.491015}