{"id":"ER","name":"Eritrea","month":"2016-06","access_date":"2016-07-06","data":{"firefox":{"2":0.128268,"3":0.07126,"3.5":0.057008,"3.6":0.420434,"4":1.239924,"5":1.738744,"6":0.171024,"7":2.693628,"8":0.484568,"9":0.270788,"10":0.078386,"11":0.263662,"12":0.270788,"13":0.42756,"14":0.24941,"15":0.32067,"16":0.156772,"17":0.477442,"18":0.505946,"19":0.513072,"20":0.156772,"21":1.061774,"22":0.156772,"23":0.128268,"24":0.598584,"25":0.206654,"26":0.32067,"27":0.263662,"28":0.135394,"29":0.171024,"30":3.734024,"31":0.53445,"32":0.299292,"33":0.684096,"34":0.363426,"35":0.235158,"36":6.356392,"37":0.762482,"38":0.448938,"39":0.270788,"40":2.116422,"41":2.893156,"42":3.620008,"43":6.420526,"44":0.64134,"45":1.845634,"46":2.095044,"47":3.520244,"48":0.199528,"49":0.014252,"50":null},"chrome":{"4":null,"5":null,"6":0.078386,"7":null,"8":null,"9":null,"10":null,"11":0.007126,"12":null,"13":null,"14":null,"15":null,"16":0.028504,"17":0.03563,"18":0.085512,"19":null,"20":0.007126,"21":0.007126,"22":0.028504,"23":null,"24":0.014252,"25":8.173522,"26":0.03563,"27":null,"28":0.049882,"29":null,"30":null,"31":0.021378,"32":null,"33":0.014252,"34":null,"35":0.007126,"36":null,"37":null,"38":null,"39":null,"40":null,"41":null,"42":null,"43":0.334922,"44":0.028504,"45":1.510712,"46":0.014252,"47":0.021378,"48":0.156772,"49":0.128268,"50":2.166304,"51":3.798158,"52":null,"53":null,"54":null},"opera":{"9":null,"9.5-9.6":null,"10.0-10.1":0,"10.5":null,"10.6":null,"11":null,"11.1":null,"11.5":null,"11.6":0.021378,"12":null,"12.1":null,"15":0.199528,"16":null,"17":null,"18":null,"19":null,"20":null,"21":null,"22":null,"23":null,"24":null,"25":null,"26":null,"27":null,"28":null,"29":null,"30":null,"31":0.121142,"32":null,"33":null,"34":null,"35":null,"36":0.03563,"37":0.007126,"38":0.057008,"39":null,"40":null},"safari":{"3.1":null,"3.2":null,"4":0.028504,"5":null,"5.1":null,"6":null,"6.1":null,"7":null,"7.1":null,"8":null,"9":0.57008,"9.1":0.028504,"10":null,"0":null},"ios_saf":{"3.2":0,"4.0-4.1":0,"4.2-4.3":0,"5.0-5.1":0,"6.0-6.1":0,"7.0-7.1":0.0142928934063,"8":0,"8.1-8.4":0.0286418373749,"9.0-9.2":0.0618237703023,"9.3":0.438427498917},"android":{"2.1":0,"2.2":0,"2.3":0.017142743394,"3":0,"4":0.112856394011,"4.1":0.394283098062,"4.2-4.3":0.832851616559,"4.4":2.19569971638,"4.4.3-4.4.4":1.31284843159,"50":null},"op_mob":{"10":0,"11":0,"11.1":0,"11.5":0,"12":0,"12.1":0.00204421353383,"0":0.0899453954887},"ie":{"5.5":null,"6":0.049882,"7":null,"8":0.669844,"9":0.07126,"10":0.021378,"11":1.304058},"bb":{"7":0.004311,"10":null},"ie_mob":{"10":0.00226436363636,"11":0.00635763636364},"edge":{"12":null,"13":0.028504,"14":null},"and_ff":{"0":0.146574},"and_uc":{"0":7.748304},"op_mini":{"5.0-8.0":1.26741239098},"and_chr":{"0":13.170362},"samsung":{"0":1.011648}},"total":99.619271}