{"id":"ES","name":"Spain","month":"2016-06","access_date":"2016-07-06","data":{"firefox":{"2":null,"3":0.01181,"3.5":0.005905,"3.6":0.03543,"4":0.005905,"5":null,"6":0.017715,"7":null,"8":null,"9":null,"10":0.005905,"11":null,"12":0.01181,"13":null,"14":null,"15":0.005905,"16":0.02362,"17":0.005905,"18":null,"19":0.005905,"20":0.03543,"21":0.017715,"22":0.005905,"23":0.005905,"24":0.02362,"25":0.01181,"26":0.02362,"27":0.01181,"28":0.01181,"29":0.017715,"30":0.017715,"31":0.053145,"32":0.03543,"33":0.04724,"34":0.04724,"35":0.04724,"36":0.029525,"37":0.053145,"38":0.159435,"39":0.112195,"40":0.08267,"41":0.076765,"42":0.08267,"43":0.194865,"44":0.1181,"45":0.29525,"46":3.300895,"47":5.485745,"48":0.029525,"49":null,"50":null},"chrome":{"4":null,"5":null,"6":null,"7":null,"8":null,"9":null,"10":null,"11":0.064955,"12":null,"13":null,"14":null,"15":null,"16":null,"17":null,"18":null,"19":null,"20":null,"21":0.01181,"22":0.03543,"23":null,"24":null,"25":null,"26":0.017715,"27":0.01181,"28":null,"29":0.560975,"30":0.01181,"31":0.03543,"32":0.02362,"33":0.03543,"34":0.053145,"35":0.053145,"36":0.08267,"37":0.04724,"38":0.07086,"39":0.100385,"40":0.05905,"41":0.064955,"42":0.053145,"43":0.112195,"44":0.14172,"45":0.17715,"46":0.18896,"47":0.206675,"48":0.25982,"49":3.73196,"50":8.095755,"51":21.24619,"52":0.08267,"53":0.029525,"54":null},"opera":{"9":null,"9.5-9.6":null,"10.0-10.1":0,"10.5":null,"10.6":null,"11":null,"11.1":null,"11.5":null,"11.6":null,"12":null,"12.1":0.03543,"15":null,"16":null,"17":null,"18":null,"19":null,"20":null,"21":null,"22":0.01181,"23":null,"24":null,"25":null,"26":null,"27":null,"28":0.01181,"29":null,"30":null,"31":null,"32":null,"33":null,"34":0.005905,"35":0.005905,"36":0.05905,"37":0.12991,"38":0.230295,"39":null,"40":null},"safari":{"3.1":null,"3.2":null,"4":0.029525,"5":0.064955,"5.1":0.15353,"6":0.01181,"6.1":0.088575,"7":0.064955,"7.1":0.03543,"8":0.25982,"9":0.49602,"9.1":1.90141,"10":null,"0":null},"ios_saf":{"3.2":0,"4.0-4.1":0,"4.2-4.3":0,"5.0-5.1":0,"6.0-6.1":0,"7.0-7.1":0.239209524301,"8":0,"8.1-8.4":0.479357125168,"9.0-9.2":1.03469845217,"9.3":7.33763489836},"android":{"2.1":0,"2.2":0,"2.3":0.00986839694656,"3":0,"4":0.0649669465649,"4.1":0.226973129771,"4.2-4.3":0.479439618321,"4.4":1.26397717557,"4.4.3-4.4.4":0.755754732824,"50":null},"op_mob":{"10":0,"11":0,"11.1":0,"11.5":0,"12":0,"12.1":0.000178578947368,"0":0.00785747368421},"ie":{"5.5":null,"6":0.0119167570621,"7":0.0238335141243,"8":0.512420553672,"9":0.297918926554,"10":0.262168655367,"11":4.16490659322},"bb":{"7":0.01535625,"10":null},"ie_mob":{"10":0.111847272727,"11":0.314032727273},"edge":{"12":0.112195,"13":1.46444,"14":null},"and_ff":{"0":0.05733},"and_uc":{"0":0.06552},"op_mini":{"5.0-8.0":0.110718947368},"and_chr":{"0":27.227895},"samsung":{"0":2.461095}},"total":98.94580625}