{"id":"ET","name":"Ethiopia","month":"2016-06","access_date":"2016-07-06","data":{"firefox":{"2":null,"3":0.105536,"3.5":0.001552,"3.6":0.068288,"4":0.049664,"5":0.049664,"6":0.003104,"7":0.01552,"8":0.05432,"9":0.006208,"10":0.076048,"11":0.125712,"12":0.045008,"13":0.012416,"14":0.02328,"15":0.020176,"16":0.066736,"17":0.02328,"18":0.017072,"19":0.026384,"20":0.083808,"21":0.0776,"22":0.027936,"23":0.043456,"24":0.024832,"25":0.03104,"26":0.09312,"27":0.029488,"28":0.119504,"29":0.128816,"30":0.113296,"31":0.094672,"32":0.111744,"33":0.071392,"34":0.057424,"35":0.103984,"36":0.072944,"37":0.141232,"38":0.128816,"39":0.13968,"40":0.234352,"41":0.152096,"42":0.117952,"43":0.533888,"44":0.301088,"45":0.305744,"46":1.38128,"47":1.825152,"48":0.277808,"49":0.003104,"50":null},"chrome":{"4":0.001552,"5":0.004656,"6":null,"7":0.003104,"8":0.003104,"9":0.003104,"10":0.010864,"11":0.026384,"12":null,"13":0.001552,"14":0.006208,"15":null,"16":0.00776,"17":0.003104,"18":0.001552,"19":0.004656,"20":0.003104,"21":0.001552,"22":null,"23":0.004656,"24":null,"25":0.006208,"26":0.012416,"27":0.004656,"28":0.003104,"29":0.006208,"30":0.004656,"31":0.029488,"32":0.013968,"33":0.04656,"34":0.006208,"35":0.004656,"36":0.034144,"37":0.003104,"38":0.009312,"39":0.013968,"40":0.03104,"41":0.006208,"42":0.010864,"43":0.8536,"44":0.145888,"45":0.127264,"46":0.041904,"47":0.04656,"48":0.103984,"49":0.266944,"50":0.97776,"51":2.509584,"52":0.043456,"53":0.110192,"54":null},"opera":{"9":null,"9.5-9.6":null,"10.0-10.1":0,"10.5":null,"10.6":0.006208,"11":0.001552,"11.1":null,"11.5":0.006208,"11.6":0.009312,"12":0.00776,"12.1":0.029488,"15":0.003104,"16":null,"17":null,"18":0.003104,"19":null,"20":0.003104,"21":0.001552,"22":0.003104,"23":null,"24":0.003104,"25":null,"26":null,"27":0.003104,"28":0.003104,"29":0.00776,"30":0.004656,"31":0.003104,"32":0.001552,"33":0.004656,"34":0.010864,"35":0.010864,"36":0.017072,"37":0.125712,"38":0.192448,"39":0.001552,"40":null},"safari":{"3.1":null,"3.2":null,"4":0,"5":null,"5.1":0.004656,"6":0.006208,"6.1":0.003104,"7":0.017072,"7.1":0.003104,"8":0.032592,"9":0.020176,"9.1":0.057424,"10":null,"0":null},"ios_saf":{"3.2":0,"4.0-4.1":0,"4.2-4.3":0,"5.0-5.1":0,"6.0-6.1":0,"7.0-7.1":0.0240076276958,"8":0,"8.1-8.4":0.0481094029512,"9.0-9.2":0.103844758229,"9.3":0.736422211124},"android":{"2.1":0,"2.2":0,"2.3":0.0183048267763,"3":0,"4":0.120506776277,"4.1":0.421011015854,"4.2-4.3":0.889309500881,"4.4":2.34454322959,"4.4.3-4.4.4":1.40184465062,"50":null},"op_mob":{"10":0,"11":0,"11.1":0,"11.5":0,"12":0,"12.1":0.0883546466165,"0":3.88760445113},"ie":{"5.5":null,"6":0.0187459247136,"7":0.0203080851064,"8":0.198394369885,"9":0.0406161702128,"10":0.0999782651391,"11":0.57487502455},"bb":{"7":0.004224,"10":null},"ie_mob":{"10":0.0554666666667,"11":0.155733333333},"edge":{"12":0.048112,"13":0.189344,"14":null},"and_ff":{"0":0.04224},"and_uc":{"0":9.149184},"op_mini":{"5.0-8.0":54.7798809023},"and_chr":{"0":7.206688},"samsung":{"0":0.59136}},"total":97.0454298396}