{"id":"FI","name":"Finland","month":"2016-06","access_date":"2016-07-06","data":{"firefox":{"2":null,"3":null,"3.5":null,"3.6":0.010908,"4":null,"5":null,"6":null,"7":null,"8":null,"9":null,"10":null,"11":null,"12":0.005454,"13":0.016362,"14":null,"15":null,"16":0.016362,"17":0.010908,"18":null,"19":null,"20":0.005454,"21":null,"22":null,"23":null,"24":0.016362,"25":null,"26":0.005454,"27":null,"28":0.010908,"29":0.010908,"30":0.016362,"31":0.032724,"32":0.010908,"33":0.016362,"34":0.016362,"35":0.021816,"36":0.021816,"37":0.016362,"38":0.267246,"39":0.043632,"40":0.049086,"41":0.049086,"42":0.092718,"43":0.141804,"44":0.13635,"45":0.70902,"46":4.886784,"47":7.466526,"48":0.076356,"49":null,"50":null},"chrome":{"4":null,"5":null,"6":null,"7":null,"8":null,"9":null,"10":null,"11":0.010908,"12":null,"13":null,"14":null,"15":null,"16":null,"17":null,"18":null,"19":null,"20":null,"21":null,"22":0.016362,"23":0.010908,"24":null,"25":null,"26":0.010908,"27":null,"28":null,"29":0.207252,"30":null,"31":0.02727,"32":null,"33":0.016362,"34":0.021816,"35":0.010908,"36":0.010908,"37":0.016362,"38":0.016362,"39":0.02727,"40":0.021816,"41":0.02727,"42":0.021816,"43":0.059994,"44":0.038178,"45":0.05454,"46":0.059994,"47":0.114534,"48":0.141804,"49":1.22715,"50":7.095654,"51":16.122024,"52":0.087264,"53":0.032724,"54":null},"opera":{"9":null,"9.5-9.6":null,"10.0-10.1":0,"10.5":null,"10.6":null,"11":null,"11.1":null,"11.5":null,"11.6":null,"12":null,"12.1":0.103626,"15":null,"16":null,"17":null,"18":null,"19":null,"20":null,"21":null,"22":null,"23":null,"24":null,"25":null,"26":null,"27":null,"28":null,"29":null,"30":null,"31":null,"32":null,"33":null,"34":null,"35":0.005454,"36":0.032724,"37":0.289062,"38":0.51813,"39":0.005454,"40":null},"safari":{"3.1":null,"3.2":null,"4":0.016362,"5":0.038178,"5.1":0.130896,"6":0.010908,"6.1":0.092718,"7":0.032724,"7.1":0.021816,"8":0.24543,"9":0.474498,"9.1":2.279772,"10":null,"0":null},"ios_saf":{"3.2":0,"4.0-4.1":0,"4.2-4.3":0,"5.0-5.1":0,"6.0-6.1":0,"7.0-7.1":0.406944635229,"8":0,"8.1-8.4":0.815485131772,"9.0-9.2":1.76023503003,"9.3":12.482827203},"android":{"2.1":0,"2.2":0,"2.3":0.00613429712272,"3":0,"4":0.0403841227246,"4.1":0.141088833823,"4.2-4.3":0.298024601879,"4.4":0.785701223136,"4.4.3-4.4.4":0.469784921315,"50":null},"op_mob":{"10":0,"11":0,"11.1":0,"11.5":0,"12":0,"12.1":0.00030762406015,"0":0.0135354586466},"ie":{"5.5":null,"6":null,"7":null,"8":0.0983262372349,"9":0.229427886881,"10":0.20757761194,"11":6.41851826394},"bb":{"7":0.002273,"10":null},"ie_mob":{"10":0.94318020202,"11":2.64815979798},"edge":{"12":0.119988,"13":1.750734,"14":0.016362},"and_ff":{"0":0.072736},"and_uc":{"0":0.040914},"op_mini":{"5.0-8.0":0.190726917293},"and_chr":{"0":19.51305},"samsung":{"0":5.218808}},"total":98.677745}