{"id":"FJ","name":"Fiji","month":"2016-06","access_date":"2016-07-06","data":{"firefox":{"2":null,"3":0.014523,"3.5":null,"3.6":0.019364,"4":0.062933,"5":0.009682,"6":0.009682,"7":null,"8":0.033887,"9":0.09682,"10":0.024205,"11":0.014523,"12":0.077456,"13":0.024205,"14":0.009682,"15":0.053251,"16":0.130707,"17":0.014523,"18":0.029046,"19":0.024205,"20":0.014523,"21":0.053251,"22":0.009682,"23":0.029046,"24":0.024205,"25":0.004841,"26":0.004841,"27":0.062933,"28":0.014523,"29":0.053251,"30":0.043569,"31":0.04841,"32":0.024205,"33":0.150071,"34":0.033887,"35":0.062933,"36":0.111343,"37":0.072615,"38":0.164594,"39":0.164594,"40":0.140389,"41":0.135548,"42":0.106502,"43":0.682581,"44":0.271096,"45":0.29046,"46":3.495202,"47":5.446125,"48":0.377598,"49":null,"50":null},"chrome":{"4":null,"5":null,"6":null,"7":null,"8":null,"9":null,"10":null,"11":0.053251,"12":0.004841,"13":null,"14":null,"15":null,"16":null,"17":null,"18":null,"19":null,"20":null,"21":0.014523,"22":null,"23":null,"24":null,"25":null,"26":null,"27":0.009682,"28":0.004841,"29":0.033887,"30":0.024205,"31":0.038728,"32":0.029046,"33":0.029046,"34":0.024205,"35":0.024205,"36":0.029046,"37":0.033887,"38":0.019364,"39":0.067774,"40":0.029046,"41":0.04841,"42":0.029046,"43":0.058092,"44":0.04841,"45":0.314665,"46":0.043569,"47":0.208163,"48":0.19364,"49":1.224773,"50":4.860364,"51":13.404729,"52":0.053251,"53":0.101661,"54":null},"opera":{"9":null,"9.5-9.6":null,"10.0-10.1":0,"10.5":null,"10.6":null,"11":null,"11.1":null,"11.5":null,"11.6":0.004841,"12":null,"12.1":0.009682,"15":null,"16":null,"17":null,"18":null,"19":null,"20":null,"21":null,"22":null,"23":null,"24":null,"25":null,"26":null,"27":null,"28":0.033887,"29":null,"30":0.014523,"31":0.004841,"32":0.09682,"33":null,"34":null,"35":0.014523,"36":0.019364,"37":0.09682,"38":0.121025,"39":null,"40":null},"safari":{"3.1":null,"3.2":null,"4":0,"5":0.072615,"5.1":0.091979,"6":null,"6.1":0.024205,"7":0.038728,"7.1":null,"8":0.208163,"9":0.237209,"9.1":0.62933,"10":null,"0":null},"ios_saf":{"3.2":0,"4.0-4.1":0,"4.2-4.3":0,"5.0-5.1":0,"6.0-6.1":0,"7.0-7.1":0.106427332577,"8":0,"8.1-8.4":0.213272027242,"9.0-9.2":0.460350383655,"9.3":3.26460625653},"android":{"2.1":0,"2.2":0,"2.3":0.0329352014093,"3":0,"4":0.216823409278,"4.1":0.757509632413,"4.2-4.3":1.60010186847,"4.4":4.2184503805,"4.4.3-4.4.4":2.52228750793,"50":null},"op_mob":{"10":0,"11":0,"11.1":0,"11.5":0,"12":0,"12.1":0.00359190526316,"0":0.158043831579},"ie":{"5.5":null,"6":0.0097500234192,"7":0.0195000468384,"8":0.424126018735,"9":0.292500702576,"10":0.24862559719,"11":3.16875761124},"bb":{"7":0.03740275,"10":null},"ie_mob":{"10":0.833256666667,"11":2.33952833333},"edge":{"12":0.169435,"13":0.639012,"14":null},"and_ff":{"0":0.041272},"and_uc":{"0":3.925999},"op_mini":{"5.0-8.0":2.22698126316},"and_chr":{"0":30.218167},"samsung":{"0":5.169318}},"total":98.83644875}