{"id":"FK","name":"Falkland Islands (Malvinas)","month":"2016-06","access_date":"2016-07-06","data":{"firefox":{"2":null,"3":0.017766,"3.5":null,"3.6":null,"4":null,"5":null,"6":0.011844,"7":null,"8":null,"9":null,"10":null,"11":0.011844,"12":null,"13":null,"14":null,"15":null,"16":null,"17":null,"18":null,"19":null,"20":null,"21":0.136206,"22":null,"23":null,"24":null,"25":0.017766,"26":null,"27":null,"28":null,"29":null,"30":0.017766,"31":null,"32":null,"33":0.035532,"34":null,"35":0.011844,"36":0.053298,"37":null,"38":0.38493,"39":0.011844,"40":0.082908,"41":0.082908,"42":0.100674,"43":0.082908,"44":0.450072,"45":0.065142,"46":2.60568,"47":3.470292,"48":null,"49":null,"50":null},"chrome":{"4":null,"5":null,"6":null,"7":null,"8":null,"9":null,"10":null,"11":null,"12":null,"13":null,"14":null,"15":null,"16":0.136206,"17":null,"18":null,"19":null,"20":null,"21":null,"22":null,"23":null,"24":null,"25":null,"26":null,"27":null,"28":null,"29":0.100674,"30":null,"31":null,"32":null,"33":0.14805,"34":null,"35":0.11844,"36":null,"37":null,"38":null,"39":0.011844,"40":null,"41":0.047376,"42":null,"43":null,"44":null,"45":0.094752,"46":0.053298,"47":0.130284,"48":0.100674,"49":1.338372,"50":4.70799,"51":11.956518,"52":null,"53":null,"54":null},"opera":{"9":null,"9.5-9.6":null,"10.0-10.1":0,"10.5":null,"10.6":null,"11":null,"11.1":null,"11.5":null,"11.6":null,"12":null,"12.1":null,"15":null,"16":null,"17":null,"18":null,"19":null,"20":null,"21":null,"22":null,"23":null,"24":null,"25":null,"26":null,"27":null,"28":null,"29":null,"30":null,"31":null,"32":null,"33":null,"34":null,"35":null,"36":0.071064,"37":0.053298,"38":0.053298,"39":0.017766,"40":null},"safari":{"3.1":null,"3.2":null,"4":0,"5":null,"5.1":0.017766,"6":null,"6.1":0.071064,"7":0.130284,"7.1":null,"8":6.466824,"9":1.889118,"9.1":4.092102,"10":null,"0":null},"ios_saf":{"3.2":0,"4.0-4.1":0,"4.2-4.3":0,"5.0-5.1":0,"6.0-6.1":0,"7.0-7.1":0.562736583944,"8":0,"8.1-8.4":1.12767997802,"9.0-9.2":2.43411157682,"9.3":17.2616688612},"android":{"2.1":0,"2.2":0,"2.3":0.00722866823253,"3":0,"4":0.0475887325308,"4.1":0.166259369348,"4.2-4.3":0.351192798297,"4.4":0.925871922783,"4.4.3-4.4.4":0.553595508808,"50":null},"op_mob":{"10":0,"11":0,"11.1":0,"11.5":0,"12":0,"12.1":8.58736842105e-5,"0":0.00377844210526},"ie":{"5.5":null,"6":null,"7":0.0712710495306,"8":3.30816454904,"9":2.02528565749,"10":1.55014532729,"11":11.3914894166},"bb":{"7":0.00305925,"10":null},"ie_mob":{"10":0.130692808081,"11":0.366945191919},"edge":{"12":0.302022,"13":0.56259,"14":null},"and_ff":{"0":0.012237},"and_uc":{"0":0.485401},"op_mini":{"5.0-8.0":0.0532416842105},"and_chr":{"0":10.644672},"samsung":{"0":5.95534}},"total":99.76264125}