{"id":"FM","name":"Micronesia","month":"2016-06","access_date":"2016-07-06","data":{"firefox":{"2":null,"3":0.008074,"3.5":null,"3.6":null,"4":null,"5":null,"6":null,"7":null,"8":null,"9":null,"10":0.048444,"11":0.032296,"12":0.024222,"13":null,"14":null,"15":null,"16":0.04037,"17":null,"18":0.008074,"19":null,"20":null,"21":null,"22":null,"23":null,"24":0.04037,"25":null,"26":0.016148,"27":null,"28":null,"29":null,"30":null,"31":null,"32":null,"33":null,"34":0.056518,"35":null,"36":0.064592,"37":null,"38":0.016148,"39":0.12111,"40":null,"41":null,"42":0.008074,"43":0.056518,"44":0.16148,"45":0.16148,"46":3.39108,"47":3.746336,"48":0.145332,"49":null,"50":null},"chrome":{"4":null,"5":null,"6":null,"7":null,"8":null,"9":null,"10":null,"11":0.096888,"12":null,"13":null,"14":null,"15":null,"16":null,"17":null,"18":null,"19":null,"20":0.016148,"21":null,"22":null,"23":null,"24":null,"25":null,"26":0.04037,"27":null,"28":null,"29":0.016148,"30":null,"31":0.024222,"32":null,"33":0.258368,"34":0.048444,"35":0.04037,"36":0.113036,"37":null,"38":0.016148,"39":0.024222,"40":0.064592,"41":0.032296,"42":0.008074,"43":0.24222,"44":0.016148,"45":2.842048,"46":null,"47":0.016148,"48":0.250294,"49":1.114212,"50":10.69805,"51":43.131308,"52":0.056518,"53":0.016148,"54":null},"opera":{"9":null,"9.5-9.6":null,"10.0-10.1":0,"10.5":null,"10.6":null,"11":null,"11.1":null,"11.5":null,"11.6":null,"12":null,"12.1":null,"15":null,"16":null,"17":null,"18":null,"19":null,"20":null,"21":null,"22":null,"23":null,"24":null,"25":null,"26":null,"27":null,"28":null,"29":0.048444,"30":null,"31":null,"32":null,"33":null,"34":null,"35":0.016148,"36":null,"37":0.032296,"38":0.137258,"39":null,"40":null},"safari":{"3.1":null,"3.2":null,"4":0,"5":0.024222,"5.1":0.169554,"6":0.008074,"6.1":0.032296,"7":0.04037,"7.1":null,"8":0.750882,"9":0.209924,"9.1":0.799326,"10":null,"0":null},"ios_saf":{"3.2":0,"4.0-4.1":0,"4.2-4.3":0,"5.0-5.1":0,"6.0-6.1":0,"7.0-7.1":0.0834176018987,"8":0,"8.1-8.4":0.167162331648,"9.0-9.2":0.360822019193,"9.3":2.55879404726},"android":{"2.1":0,"2.2":0,"2.3":0.0142838402819,"3":0,"4":0.0940352818555,"4.1":0.328528326483,"4.2-4.3":0.693956573693,"4.4":1.8295218761,"4.4.3-4.4.4":1.09390410159,"50":null},"op_mob":{"10":0,"11":0,"11.1":0,"11.5":0,"12":0,"12.1":0.00138440300752,"0":0.0609137323308},"ie":{"5.5":null,"6":0.008074,"7":0.008074,"8":0.298738,"9":0.290664,"10":0.258368,"11":6.564162},"bb":{"7":0.0033705,"10":null},"ie_mob":{"10":0.0753669090909,"11":0.211607090909},"edge":{"12":0.557106,"13":1.469468,"14":null},"and_ff":{"0":0.117486},"and_uc":{"0":0.63558},"op_mini":{"5.0-8.0":0.858329864662},"and_chr":{"0":8.67768},"samsung":{"0":0.564318}},"total":97.4829965}