{"id":"FO","name":"Faroe Islands","month":"2016-06","access_date":"2016-07-06","data":{"firefox":{"2":null,"3":null,"3.5":null,"3.6":null,"4":null,"5":null,"6":null,"7":null,"8":null,"9":null,"10":null,"11":0.010894,"12":null,"13":null,"14":null,"15":null,"16":0.010894,"17":null,"18":null,"19":null,"20":0.005447,"21":null,"22":null,"23":null,"24":0.010894,"25":null,"26":null,"27":null,"28":0.005447,"29":null,"30":null,"31":0.016341,"32":null,"33":null,"34":null,"35":null,"36":null,"37":null,"38":0.430313,"39":0.010894,"40":0.005447,"41":0.005447,"42":0.021788,"43":0.032682,"44":0.038129,"45":0.370396,"46":1.928238,"47":3.284541,"48":0.016341,"49":null,"50":null},"chrome":{"4":null,"5":null,"6":null,"7":null,"8":null,"9":null,"10":null,"11":0.021788,"12":null,"13":null,"14":null,"15":null,"16":null,"17":null,"18":null,"19":null,"20":null,"21":null,"22":0.021788,"23":0.005447,"24":null,"25":null,"26":null,"27":null,"28":null,"29":null,"30":null,"31":0.010894,"32":null,"33":0.065364,"34":0.021788,"35":0.021788,"36":0.032682,"37":0.010894,"38":0.021788,"39":null,"40":0.010894,"41":0.010894,"42":0.005447,"43":0.027235,"44":0.043576,"45":0.027235,"46":null,"47":0.021788,"48":0.076258,"49":1.901003,"50":5.114733,"51":15.41501,"52":0.098046,"53":0.049023,"54":null},"opera":{"9":null,"9.5-9.6":null,"10.0-10.1":0,"10.5":null,"10.6":null,"11":null,"11.1":null,"11.5":null,"11.6":null,"12":null,"12.1":0.016341,"15":null,"16":null,"17":null,"18":null,"19":null,"20":null,"21":null,"22":null,"23":null,"24":null,"25":null,"26":null,"27":null,"28":null,"29":null,"30":null,"31":null,"32":null,"33":null,"34":null,"35":null,"36":0.016341,"37":0.065364,"38":0.065364,"39":null,"40":null},"safari":{"3.1":null,"3.2":null,"4":0,"5":0.021788,"5.1":0.098046,"6":0.016341,"6.1":0.364949,"7":0.038129,"7.1":0.021788,"8":0.234221,"9":0.452101,"9.1":2.83244,"10":null,"0":null},"ios_saf":{"3.2":0,"4.0-4.1":0,"4.2-4.3":0,"5.0-5.1":0,"6.0-6.1":0,"7.0-7.1":0.768059763182,"8":0,"8.1-8.4":1.53913152544,"9.0-9.2":3.32223497565,"9.3":23.5598567357},"android":{"2.1":0,"2.2":0,"2.3":0.00320822078685,"3":0,"4":0.0211207868467,"4.1":0.0737890780975,"4.2-4.3":0.155866059894,"4.4":0.410919612449,"4.4.3-4.4.4":0.245696241926,"50":null},"op_mob":{"10":0,"11":0,"11.1":0,"11.5":0,"12":0,"12.1":8.21593984962e-5,"0":0.00361501353383},"ie":{"5.5":null,"6":null,"7":0.021788,"8":0.185198,"9":0.571935,"10":0.354055,"11":14.385527},"bb":{"7":0.00341475,"10":null},"ie_mob":{"10":0.347959575758,"11":0.976963424242},"edge":{"12":0.157963,"13":4.646291,"14":0.016341},"and_ff":{"0":0.036424},"and_uc":{"0":null},"op_mini":{"5.0-8.0":0.0509388270677},"and_chr":{"0":8.899059},"samsung":{"0":5.172208}},"total":99.41235475}