{"id":"FR","name":"France","month":"2016-06","access_date":"2016-07-06","data":{"firefox":{"2":null,"3":0.01449,"3.5":null,"3.6":0.02898,"4":null,"5":null,"6":0.02898,"7":null,"8":null,"9":null,"10":0.007245,"11":0.007245,"12":0.021735,"13":null,"14":null,"15":0.01449,"16":0.036225,"17":0.02898,"18":null,"19":null,"20":0.021735,"21":0.01449,"22":null,"23":0.007245,"24":0.065205,"25":0.007245,"26":0.021735,"27":0.007245,"28":0.01449,"29":0.01449,"30":0.02898,"31":0.137655,"32":0.02898,"33":0.02898,"34":0.050715,"35":0.065205,"36":0.050715,"37":0.05796,"38":0.42021,"39":0.094185,"40":0.079695,"41":0.094185,"42":0.152145,"43":0.268065,"44":0.166635,"45":0.470925,"46":5.049765,"47":9.077985,"48":0.05796,"49":0.01449,"50":null},"chrome":{"4":null,"5":null,"6":null,"7":null,"8":null,"9":null,"10":null,"11":0.021735,"12":null,"13":null,"14":null,"15":null,"16":0.021735,"17":null,"18":null,"19":null,"20":null,"21":0.01449,"22":0.01449,"23":0.021735,"24":0.01449,"25":0.021735,"26":0.01449,"27":0.007245,"28":0.007245,"29":1.717065,"30":0.01449,"31":0.05796,"32":0.021735,"33":0.036225,"34":0.04347,"35":0.07245,"36":0.050715,"37":0.050715,"38":0.065205,"39":0.10143,"40":0.094185,"41":0.10143,"42":0.08694,"43":0.21735,"44":0.11592,"45":0.18837,"46":0.210105,"47":0.282555,"48":0.31878,"49":2.66616,"50":7.85358,"51":20.756925,"52":0.079695,"53":0.04347,"54":null},"opera":{"9":null,"9.5-9.6":null,"10.0-10.1":0,"10.5":null,"10.6":null,"11":null,"11.1":null,"11.5":null,"11.6":null,"12":0.007245,"12.1":0.07245,"15":null,"16":null,"17":null,"18":null,"19":null,"20":null,"21":null,"22":null,"23":null,"24":null,"25":null,"26":null,"27":null,"28":null,"29":null,"30":null,"31":null,"32":null,"33":null,"34":null,"35":null,"36":0.04347,"37":0.17388,"38":0.282555,"39":null,"40":null},"safari":{"3.1":null,"3.2":null,"4":0.04347,"5":0.123165,"5.1":0.311535,"6":0.036225,"6.1":0.21735,"7":0.094185,"7.1":0.04347,"8":0.52164,"9":1.04328,"9.1":3.97026,"10":null,"0":null},"ios_saf":{"3.2":0,"4.0-4.1":0,"4.2-4.3":0,"5.0-5.1":0,"6.0-6.1":0,"7.0-7.1":0.230537366629,"8":0,"8.1-8.4":0.461978801362,"9.0-9.2":0.997187119183,"9.3":7.07162071283},"android":{"2.1":0,"2.2":0,"2.3":0.00565117557252,"3":0,"4":0.0372035725191,"4.1":0.129977038168,"4.2-4.3":0.274552946565,"4.4":0.72382140458,"4.4.3-4.4.4":0.432785862595,"50":null},"op_mob":{"10":0,"11":0,"11.1":0,"11.5":0,"12":0,"12.1":0.000310827067669,"0":0.0136763909774},"ie":{"5.5":null,"6":0.0369749324932,"7":0.0369749324932,"8":0.525044041404,"9":0.488069108911,"10":0.443699189919,"11":6.68506779478},"bb":{"7":0.017914,"10":null},"ie_mob":{"10":0.190358868687,"11":0.534469131313},"edge":{"12":0.21735,"13":2.81106,"14":null},"and_ff":{"0":0.049608},"and_uc":{"0":0.598052},"op_mini":{"5.0-8.0":0.192712781955},"and_chr":{"0":13.4396},"samsung":{"0":2.849704}},"total":98.644142}