{"id":"GA","name":"Gabon","month":"2016-06","access_date":"2016-07-06","data":{"firefox":{"2":0.008268,"3":0.033072,"3.5":0.052364,"3.6":0.019292,"4":0.01378,"5":0.002756,"6":0.035828,"7":null,"8":0.008268,"9":0.002756,"10":0.030316,"11":0.024804,"12":0.071656,"13":0.01378,"14":0.030316,"15":0.033072,"16":0.030316,"17":0.01378,"18":0.02756,"19":0.024804,"20":0.024804,"21":0.09646,"22":0.011024,"23":0.022048,"24":0.019292,"25":0.033072,"26":0.008268,"27":0.008268,"28":0.030316,"29":0.044096,"30":0.035828,"31":0.044096,"32":0.038584,"33":0.038584,"34":0.071656,"35":0.101972,"36":0.046852,"37":0.09646,"38":0.057876,"39":0.093704,"40":0.046852,"41":0.046852,"42":0.035828,"43":0.471276,"44":0.135044,"45":0.162604,"46":2.403232,"47":3.012308,"48":0.074412,"49":0.01378,"50":0.01378},"chrome":{"4":null,"5":0.002756,"6":null,"7":null,"8":null,"9":null,"10":0.011024,"11":0.060632,"12":0.008268,"13":0.008268,"14":null,"15":0.005512,"16":0.002756,"17":0.011024,"18":null,"19":null,"20":0.011024,"21":0.01378,"22":0.01378,"23":0.002756,"24":0.002756,"25":0.016536,"26":0.060632,"27":0.030316,"28":0.019292,"29":0.033072,"30":0.033072,"31":0.038584,"32":0.033072,"33":0.022048,"34":0.016536,"35":0.022048,"36":0.044096,"37":0.049608,"38":0.019292,"39":0.01378,"40":0.02756,"41":0.101972,"42":0.019292,"43":0.159848,"44":0.024804,"45":0.212212,"46":0.033072,"47":0.08268,"48":0.074412,"49":0.890188,"50":2.483156,"51":6.220292,"52":0.022048,"53":0.016536,"54":null},"opera":{"9":null,"9.5-9.6":0.002756,"10.0-10.1":0,"10.5":null,"10.6":null,"11":null,"11.1":null,"11.5":0.002756,"11.6":0.005512,"12":0.01378,"12.1":0.024804,"15":null,"16":0.002756,"17":null,"18":null,"19":null,"20":null,"21":null,"22":0.002756,"23":null,"24":null,"25":null,"26":null,"27":null,"28":0.079924,"29":null,"30":0.002756,"31":null,"32":null,"33":0.002756,"34":0.01378,"35":0.022048,"36":0.057876,"37":0.17914,"38":0.239772,"39":null,"40":null},"safari":{"3.1":null,"3.2":null,"4":0.016536,"5":0.033072,"5.1":0.044096,"6":0.052364,"6.1":0.033072,"7":0.008268,"7.1":0.071656,"8":0.088192,"9":0.099216,"9.1":0.38584,"10":null,"0":null},"ios_saf":{"3.2":0,"4.0-4.1":0,"4.2-4.3":0,"5.0-5.1":0,"6.0-6.1":0,"7.0-7.1":0.0423158435662,"8":0,"8.1-8.4":0.084797631617,"9.0-9.2":0.183036766484,"9.3":1.29801775833},"android":{"2.1":0,"2.2":0,"2.3":0.0215916288902,"3":0,"4":0.142144890194,"4.1":0.496607464474,"4.2-4.3":1.04899330358,"4.4":2.76552780035,"4.4.3-4.4.4":1.65355891251,"50":null},"op_mob":{"10":0,"11":0,"11.1":0,"11.5":0,"12":0,"12.1":0.0656644090226,"0":2.88923399699},"ie":{"5.5":0.00562580803571,"6":0.019690328125,"7":0.0309419441964,"8":0.663845348214,"9":0.255974265625,"10":0.554142091518,"11":3.49362679018},"bb":{"7":0.789596,"10":null},"ie_mob":{"10":0.612593616162,"11":1.71997438384},"edge":{"12":0.107484,"13":0.507104,"14":null},"and_ff":{"0":0.021732},"and_uc":{"0":1.550216},"op_mini":{"5.0-8.0":40.711933594},"and_chr":{"0":9.981344},"samsung":{"0":2.82516}},"total":94.8183665759}