{"id":"GB","name":"United Kingdom","month":"2016-06","access_date":"2016-07-06","data":{"firefox":{"2":null,"3":0.005683,"3.5":null,"3.6":0.011366,"4":null,"5":null,"6":null,"7":null,"8":null,"9":null,"10":null,"11":0.028415,"12":0.005683,"13":null,"14":null,"15":null,"16":0.011366,"17":null,"18":null,"19":null,"20":0.005683,"21":null,"22":null,"23":0.005683,"24":0.011366,"25":null,"26":0.005683,"27":null,"28":0.005683,"29":0.005683,"30":0.005683,"31":0.028415,"32":0.022732,"33":0.022732,"34":0.068196,"35":0.039781,"36":0.039781,"37":0.022732,"38":0.107977,"39":0.045464,"40":0.034098,"41":0.039781,"42":0.05683,"43":0.11366,"44":0.073879,"45":0.238686,"46":2.347079,"47":4.063345,"48":0.051147,"49":null,"50":null},"chrome":{"4":null,"5":null,"6":null,"7":null,"8":null,"9":null,"10":null,"11":0.022732,"12":null,"13":null,"14":null,"15":null,"16":null,"17":null,"18":null,"19":null,"20":null,"21":0.017049,"22":0.022732,"23":null,"24":null,"25":null,"26":0.011366,"27":null,"28":0.005683,"29":0.494421,"30":0.005683,"31":0.028415,"32":0.011366,"33":0.073879,"34":0.034098,"35":0.034098,"36":0.034098,"37":0.034098,"38":0.039781,"39":0.051147,"40":0.068196,"41":0.102294,"42":0.079562,"43":0.187539,"44":0.096611,"45":0.164807,"46":0.136392,"47":0.147758,"48":0.198905,"49":1.744681,"50":7.552707,"51":18.401554,"52":0.107977,"53":0.051147,"54":null},"opera":{"9":null,"9.5-9.6":null,"10.0-10.1":0,"10.5":null,"10.6":null,"11":null,"11.1":null,"11.5":null,"11.6":null,"12":null,"12.1":0.039781,"15":null,"16":null,"17":null,"18":null,"19":null,"20":null,"21":null,"22":null,"23":null,"24":null,"25":null,"26":null,"27":null,"28":0.005683,"29":null,"30":null,"31":null,"32":null,"33":null,"34":null,"35":null,"36":0.045464,"37":0.153441,"38":0.255735,"39":null,"40":null},"safari":{"3.1":null,"3.2":null,"4":0.017049,"5":0.062513,"5.1":0.198905,"6":0.022732,"6.1":0.125026,"7":0.085245,"7.1":0.039781,"8":0.426225,"9":0.806986,"9.1":3.216578,"10":null,"0":null},"ios_saf":{"3.2":0,"4.0-4.1":0,"4.2-4.3":0,"5.0-5.1":0,"6.0-6.1":0,"7.0-7.1":0.485952113301,"8":0,"8.1-8.4":0.973809921164,"9.0-9.2":2.10198110185,"9.3":14.9063428637},"android":{"2.1":0,"2.2":0,"2.3":0.0061156876101,"3":0,"4":0.0402616100998,"4.1":0.140660815032,"4.2-4.3":0.297120489724,"4.4":0.783317654727,"4.4.3-4.4.4":0.468359742807,"50":null},"op_mob":{"10":0,"11":0,"11.1":0,"11.5":0,"12":0,"12.1":0.00164928120301,"0":0.0725683729323},"ie":{"5.5":null,"6":0.00570190552229,"7":0.0171057165669,"8":0.359220047904,"9":0.484661969395,"10":0.39913338656,"11":7.30414097405},"bb":{"7":0.3011805,"10":null},"ie_mob":{"10":0.297113292929,"11":0.834202707071},"edge":{"12":0.352346,"13":3.250676,"14":0.011366},"and_ff":{"0":0.047498},"and_uc":{"0":0.924052},"op_mini":{"5.0-8.0":1.02255434586},"and_chr":{"0":14.740226},"samsung":{"0":4.201414}},"total":97.8169445}