{"id":"GD","name":"Grenada","month":"2016-06","access_date":"2016-07-06","data":{"firefox":{"2":null,"3":null,"3.5":null,"3.6":null,"4":0.006537,"5":null,"6":null,"7":null,"8":null,"9":null,"10":null,"11":null,"12":null,"13":null,"14":null,"15":null,"16":0.019611,"17":null,"18":null,"19":null,"20":null,"21":0.006537,"22":null,"23":null,"24":null,"25":null,"26":null,"27":null,"28":null,"29":null,"30":null,"31":null,"32":0.032685,"33":0.013074,"34":null,"35":null,"36":null,"37":null,"38":0.052296,"39":0.117666,"40":0.013074,"41":0.026148,"42":0.06537,"43":0.06537,"44":0.045759,"45":0.117666,"46":1.693083,"47":3.222741,"48":0.045759,"49":null,"50":null},"chrome":{"4":null,"5":null,"6":null,"7":null,"8":null,"9":null,"10":null,"11":0.019611,"12":null,"13":null,"14":null,"15":null,"16":null,"17":null,"18":null,"19":null,"20":null,"21":null,"22":0.13074,"23":null,"24":null,"25":0.013074,"26":null,"27":null,"28":null,"29":0.026148,"30":null,"31":0.241869,"32":0.032685,"33":null,"34":0.026148,"35":0.045759,"36":0.032685,"37":0.019611,"38":0.045759,"39":0.013074,"40":0.026148,"41":null,"42":0.019611,"43":0.06537,"44":0.045759,"45":0.398757,"46":0.026148,"47":0.104592,"48":0.058833,"49":1.934952,"50":9.517872,"51":24.97134,"52":0.111129,"53":0.268017,"54":null},"opera":{"9":null,"9.5-9.6":null,"10.0-10.1":0,"10.5":null,"10.6":null,"11":null,"11.1":null,"11.5":null,"11.6":null,"12":null,"12.1":null,"15":null,"16":null,"17":null,"18":null,"19":null,"20":null,"21":null,"22":null,"23":null,"24":null,"25":null,"26":null,"27":null,"28":null,"29":0.052296,"30":0.006537,"31":null,"32":0.013074,"33":0.006537,"34":null,"35":null,"36":0.06537,"37":0.281091,"38":0.333387,"39":null,"40":null},"safari":{"3.1":null,"3.2":null,"4":0,"5":0.032685,"5.1":0.143814,"6":null,"6.1":0.013074,"7":0.084981,"7.1":0.013074,"8":1.653861,"9":0.150351,"9.1":1.346622,"10":null,"0":null},"ios_saf":{"3.2":0,"4.0-4.1":0,"4.2-4.3":0,"5.0-5.1":0,"6.0-6.1":0,"7.0-7.1":0.103909276648,"8":0,"8.1-8.4":0.208226040656,"9.0-9.2":0.449458557424,"9.3":3.18736612527},"android":{"2.1":0,"2.2":0,"2.3":0.0262149336465,"3":0,"4":0.172581646506,"4.1":0.60294347387,"4.2-4.3":1.27360885966,"4.4":3.35769608456,"4.4.3-4.4.4":2.00762700176,"50":null},"op_mob":{"10":0,"11":0,"11.1":0,"11.5":0,"12":0,"12.1":0.000437557894737,"0":0.0192525473684},"ie":{"5.5":null,"6":null,"7":null,"8":0.138499413179,"9":0.57378328317,"10":0.276998826358,"11":6.41713947729},"bb":{"7":0.166272,"10":null},"ie_mob":{"10":0.365714424242,"11":1.02681357576},"edge":{"12":0.372609,"13":4.242513,"14":null},"and_ff":{"0":0.010392},"and_uc":{"0":0.263264},"op_mini":{"5.0-8.0":0.271285894737},"and_chr":{"0":22.529421},"samsung":{"0":2.518328}},"total":98.518177}