{"id":"GE","name":"Georgia","month":"2016-06","access_date":"2016-07-06","data":{"firefox":{"2":null,"3":0.015688,"3.5":null,"3.6":0.031376,"4":0.007844,"5":null,"6":0.015688,"7":null,"8":null,"9":0.015688,"10":null,"11":0.007844,"12":0.007844,"13":null,"14":null,"15":0.015688,"16":null,"17":null,"18":null,"19":null,"20":0.015688,"21":0.015688,"22":null,"23":0.007844,"24":0.007844,"25":0.007844,"26":null,"27":null,"28":null,"29":0.007844,"30":null,"31":0.015688,"32":0.007844,"33":null,"34":0.015688,"35":0.015688,"36":0.015688,"37":0.03922,"38":0.015688,"39":0.015688,"40":0.015688,"41":0.023532,"42":0.062752,"43":0.11766,"44":0.062752,"45":0.086284,"46":1.129536,"47":2.251228,"48":0.062752,"49":null,"50":null},"chrome":{"4":0.015688,"5":0.007844,"6":0.007844,"7":null,"8":0.015688,"9":0.023532,"10":0.015688,"11":0.031376,"12":0.03922,"13":null,"14":null,"15":0.023532,"16":0.015688,"17":0.015688,"18":0.015688,"19":0.007844,"20":0.015688,"21":0.015688,"22":0.062752,"23":0.031376,"24":0.054908,"25":0.015688,"26":0.03922,"27":0.047064,"28":0.031376,"29":0.651052,"30":0.062752,"31":0.047064,"32":0.015688,"33":0.125504,"34":0.031376,"35":0.031376,"36":0.07844,"37":0.054908,"38":0.03922,"39":0.125504,"40":0.07844,"41":0.133348,"42":0.07844,"43":0.337292,"44":0.180412,"45":0.478484,"46":0.219632,"47":0.603988,"48":0.486328,"49":3.898468,"50":10.856096,"51":36.662856,"52":0.203944,"53":0.321604,"54":null},"opera":{"9":null,"9.5-9.6":null,"10.0-10.1":0,"10.5":null,"10.6":null,"11":null,"11.1":0.015688,"11.5":0.015688,"11.6":0.03922,"12":0.03922,"12.1":0.54908,"15":0.062752,"16":0.031376,"17":0.031376,"18":0.07844,"19":0.015688,"20":0.062752,"21":0.015688,"22":0.023532,"23":null,"24":null,"25":null,"26":0.015688,"27":0.023532,"28":0.054908,"29":0.023532,"30":0.047064,"31":0.047064,"32":0.054908,"33":0.07844,"34":0.133348,"35":0.133348,"36":0.776556,"37":2.423796,"38":6.181072,"39":0.03922,"40":null},"safari":{"3.1":null,"3.2":null,"4":0.015688,"5":0.015688,"5.1":0.023532,"6":null,"6.1":0.015688,"7":0.007844,"7.1":null,"8":0.031376,"9":0.086284,"9.1":0.305916,"10":null,"0":null},"ios_saf":{"3.2":0,"4.0-4.1":0,"4.2-4.3":0,"5.0-5.1":0,"6.0-6.1":0,"7.0-7.1":0.095875368899,"8":0,"8.1-8.4":0.192126719637,"9.0-9.2":0.414707968218,"9.3":2.94092994325},"android":{"2.1":0,"2.2":0,"2.3":0.00781629125073,"3":0,"4":0.051457250734,"4.1":0.179774698767,"4.2-4.3":0.379741483265,"4.4":1.0011366377,"4.4.3-4.4.4":0.598597638285,"50":null},"op_mob":{"10":0,"11":0,"11.1":0,"11.5":0,"12":0,"12.1":0.00353713684211,"0":0.155634021053},"ie":{"5.5":null,"6":0.00821284012539,"7":null,"8":0.476344727273,"9":0.147831122257,"10":0.139618282132,"11":1.84788902821},"bb":{"7":0.017248,"10":null},"ie_mob":{"10":0.138724444444,"11":0.389495555556},"edge":{"12":0.03922,"13":0.360824,"14":0.015688},"and_ff":{"0":0.015092},"and_uc":{"0":0.390236},"op_mini":{"5.0-8.0":2.19302484211},"and_chr":{"0":11.896012},"samsung":{"0":0.94864}},"total":97.045512}