{"id":"GF","name":"French Guiana","month":"2016-06","access_date":"2016-07-06","data":{"firefox":{"2":null,"3":0.014814,"3.5":null,"3.6":0.051849,"4":null,"5":null,"6":null,"7":null,"8":null,"9":null,"10":null,"11":null,"12":0.014814,"13":0.007407,"14":null,"15":null,"16":0.037035,"17":0.007407,"18":null,"19":null,"20":0.014814,"21":null,"22":null,"23":0.007407,"24":0.022221,"25":0.014814,"26":0.081477,"27":null,"28":0.014814,"29":null,"30":null,"31":0.022221,"32":0.029628,"33":0.014814,"34":0.014814,"35":0.014814,"36":0.014814,"37":0.274059,"38":0.311094,"39":0.14814,"40":0.022221,"41":0.07407,"42":0.088884,"43":0.481455,"44":0.081477,"45":0.288873,"46":5.066388,"47":9.043947,"48":0.133326,"49":null,"50":null},"chrome":{"4":null,"5":null,"6":null,"7":null,"8":null,"9":null,"10":null,"11":0.014814,"12":0.014814,"13":null,"14":null,"15":null,"16":null,"17":null,"18":null,"19":null,"20":null,"21":null,"22":null,"23":0.007407,"24":null,"25":null,"26":null,"27":null,"28":null,"29":0.044442,"30":0.007407,"31":0.051849,"32":0.014814,"33":0.029628,"34":0.022221,"35":0.037035,"36":0.044442,"37":0.029628,"38":0.022221,"39":0.103698,"40":0.037035,"41":0.014814,"42":0.355536,"43":0.081477,"44":0.088884,"45":0.844398,"46":0.022221,"47":0.199989,"48":0.14814,"49":1.399923,"50":8.325468,"51":23.828319,"52":0.385164,"53":0.111105,"54":null},"opera":{"9":null,"9.5-9.6":null,"10.0-10.1":0,"10.5":null,"10.6":null,"11":null,"11.1":null,"11.5":null,"11.6":null,"12":null,"12.1":0.029628,"15":null,"16":null,"17":null,"18":null,"19":null,"20":null,"21":null,"22":null,"23":null,"24":null,"25":null,"26":null,"27":null,"28":null,"29":null,"30":null,"31":null,"32":null,"33":null,"34":0.199989,"35":null,"36":0.014814,"37":0.207396,"38":0.237024,"39":null,"40":null},"safari":{"3.1":null,"3.2":null,"4":0.029628,"5":0.022221,"5.1":0.155547,"6":null,"6.1":0.088884,"7":0.07407,"7.1":0.022221,"8":0.199989,"9":0.674037,"9.1":3.18501,"10":null,"0":null},"ios_saf":{"3.2":0,"4.0-4.1":0,"4.2-4.3":0,"5.0-5.1":0,"6.0-6.1":0,"7.0-7.1":0.0975003854091,"8":0,"8.1-8.4":0.195383125271,"9.0-9.2":0.421736961201,"9.3":2.99077652812},"android":{"2.1":0,"2.2":0,"2.3":0.00774702524956,"3":0,"4":0.0510012495596,"4.1":0.17818158074,"4.2-4.3":0.376376310041,"4.4":0.992264817381,"4.4.3-4.4.4":0.593293017029,"50":null},"op_mob":{"10":0,"11":0,"11.1":0,"11.5":0,"12":0,"12.1":0.000479607518797,"0":0.0211027308271},"ie":{"5.5":null,"6":null,"7":0.0475971896104,"8":0.523569085714,"9":0.57909914026,"10":0.404576111688,"11":7.60761747273},"bb":{"7":0.0090755,"10":null},"ie_mob":{"10":0.0565221616162,"11":0.158696838384},"edge":{"12":0.237024,"13":3.592395,"14":0.022221},"and_ff":{"0":0.05186},"and_uc":{"0":0.238556},"op_mini":{"5.0-8.0":0.297356661654},"and_chr":{"0":17.664509},"samsung":{"0":3.446097}},"total":98.7038785}