{"id":"GG","name":"Guernsey","month":"2016-06","access_date":"2016-07-06","data":{"firefox":{"2":0.043757,"3":0.006251,"3.5":null,"3.6":null,"4":null,"5":null,"6":null,"7":null,"8":null,"9":null,"10":null,"11":null,"12":null,"13":null,"14":null,"15":null,"16":null,"17":null,"18":null,"19":null,"20":0.025004,"21":null,"22":null,"23":null,"24":null,"25":null,"26":null,"27":null,"28":0.012502,"29":null,"30":0.081263,"31":null,"32":0.012502,"33":null,"34":0.025004,"35":0.018753,"36":0.006251,"37":0.12502,"38":0.068761,"39":0.043757,"40":null,"41":0.006251,"42":0.031255,"43":0.037506,"44":0.087514,"45":0.206283,"46":2.456643,"47":5.950952,"48":0.056259,"49":null,"50":null},"chrome":{"4":null,"5":null,"6":null,"7":null,"8":null,"9":null,"10":null,"11":0.012502,"12":null,"13":null,"14":null,"15":null,"16":null,"17":null,"18":null,"19":null,"20":null,"21":null,"22":0.012502,"23":null,"24":null,"25":null,"26":0.031255,"27":null,"28":null,"29":null,"30":null,"31":null,"32":null,"33":0.037506,"34":0.025004,"35":null,"36":0.006251,"37":null,"38":0.012502,"39":0.006251,"40":null,"41":null,"42":0.006251,"43":0.037506,"44":0.081263,"45":0.087514,"46":0.043757,"47":0.068761,"48":0.043757,"49":1.556499,"50":6.576052,"51":17.652824,"52":0.056259,"53":0.012502,"54":null},"opera":{"9":null,"9.5-9.6":null,"10.0-10.1":0,"10.5":null,"10.6":null,"11":null,"11.1":null,"11.5":null,"11.6":null,"12":null,"12.1":null,"15":null,"16":null,"17":null,"18":null,"19":null,"20":null,"21":null,"22":null,"23":null,"24":null,"25":null,"26":null,"27":null,"28":null,"29":null,"30":null,"31":null,"32":null,"33":null,"34":null,"35":null,"36":null,"37":0.106267,"38":0.256291,"39":null,"40":null},"safari":{"3.1":null,"3.2":0.012502,"4":0.068761,"5":0.106267,"5.1":0.293797,"6":0.050008,"6.1":0.50008,"7":0.087514,"7.1":0.012502,"8":0.56259,"9":1.243949,"9.1":5.338354,"10":null,"0":null},"ios_saf":{"3.2":0,"4.0-4.1":0,"4.2-4.3":0,"5.0-5.1":0,"6.0-6.1":0,"7.0-7.1":0.628849576927,"8":0,"8.1-8.4":1.26016523063,"9.0-9.2":2.72008267981,"9.3":19.2896525126},"android":{"2.1":0,"2.2":0,"2.3":0.00215355255432,"3":0,"4":0.0141775543159,"4.1":0.0495317087493,"4.2-4.3":0.104626761597,"4.4":0.275834189665,"4.4.3-4.4.4":0.164926233118,"50":null},"op_mob":{"10":0,"11":0,"11.1":0,"11.5":0,"12":0,"12.1":0.000270676691729,"0":0.0119097744361},"ie":{"5.5":null,"6":null,"7":0.012502,"8":0.31255,"9":1.18769,"10":0.243789,"11":12.108187},"bb":{"7":0.0478125,"10":null},"ie_mob":{"10":0.236363636364,"11":0.663636363636},"edge":{"12":0.175028,"13":3.200512,"14":0.012502},"and_ff":{"0":0.00375},"and_uc":{"0":null},"op_mini":{"5.0-8.0":0.167819548872},"and_chr":{"0":8.380061},"samsung":{"0":3.3975}},"total":98.9789715}