{"id":"GH","name":"Ghana","month":"2016-06","access_date":"2016-07-06","data":{"firefox":{"2":null,"3":0.055119,"3.5":0.002901,"3.6":0.023208,"4":0.023208,"5":0.008703,"6":0.005802,"7":0.005802,"8":0.005802,"9":0.005802,"10":0.023208,"11":0.104436,"12":0.026109,"13":0.023208,"14":0.026109,"15":0.02901,"16":0.031911,"17":0.014505,"18":0.014505,"19":0.02901,"20":0.02901,"21":0.02901,"22":0.017406,"23":0.020307,"24":0.023208,"25":0.014505,"26":0.026109,"27":0.026109,"28":0.026109,"29":0.095733,"30":0.075426,"31":0.055119,"32":0.049317,"33":0.063822,"34":0.075426,"35":0.095733,"36":0.084129,"37":0.110238,"38":0.136347,"39":0.136347,"40":0.153753,"41":0.147951,"42":0.165357,"43":0.690438,"44":0.481566,"45":0.443853,"46":2.547078,"47":3.826419,"48":0.966033,"49":0.005802,"50":null},"chrome":{"4":null,"5":null,"6":null,"7":null,"8":null,"9":0.005802,"10":null,"11":0.043515,"12":null,"13":0.002901,"14":null,"15":0.005802,"16":0.005802,"17":null,"18":0.005802,"19":0.002901,"20":0.005802,"21":0.005802,"22":0.014505,"23":0.011604,"24":0.002901,"25":0.017406,"26":0.011604,"27":0.011604,"28":0.014505,"29":0.040614,"30":0.014505,"31":0.040614,"32":0.017406,"33":0.066723,"34":0.008703,"35":0.008703,"36":0.023208,"37":0.005802,"38":0.008703,"39":0.020307,"40":0.02901,"41":0.014505,"42":0.02901,"43":0.185664,"44":0.063822,"45":0.368427,"46":0.055119,"47":0.130545,"48":0.240783,"49":0.600507,"50":2.578989,"51":6.979806,"52":0.101535,"53":0.171159,"54":null},"opera":{"9":null,"9.5-9.6":0.005802,"10.0-10.1":0,"10.5":null,"10.6":null,"11":0.002901,"11.1":null,"11.5":0.005802,"11.6":0.014505,"12":0.005802,"12.1":0.031911,"15":0.005802,"16":null,"17":0.002901,"18":0.002901,"19":0.008703,"20":0.008703,"21":null,"22":0.002901,"23":null,"24":null,"25":null,"26":null,"27":null,"28":0.005802,"29":0.037713,"30":0.008703,"31":0.008703,"32":0.008703,"33":0.017406,"34":0.023208,"35":0.049317,"36":0.05802,"37":0.327813,"38":0.467061,"39":null,"40":null},"safari":{"3.1":null,"3.2":null,"4":0,"5":0.005802,"5.1":0.034812,"6":0.011604,"6.1":0.017406,"7":0.008703,"7.1":0.008703,"8":0.075426,"9":0.136347,"9.1":0.394536,"10":null,"0":null},"ios_saf":{"3.2":0,"4.0-4.1":0,"4.2-4.3":0,"5.0-5.1":0,"6.0-6.1":0,"7.0-7.1":0.0536105990094,"8":0,"8.1-8.4":0.107431435662,"9.0-9.2":0.231892120421,"9.3":1.64447884491},"android":{"2.1":0,"2.2":0,"2.3":0.0182081221374,"3":0,"4":0.119870137405,"4.1":0.41878680916,"4.2-4.3":0.884611267176,"4.4":2.3321569771,"4.4.3-4.4.4":1.39443868702,"50":null},"op_mob":{"10":0,"11":0,"11.1":0,"11.5":0,"12":0,"12.1":0.0698477548872,"0":3.07330121504},"ie":{"5.5":null,"6":0.00584404347826,"7":null,"8":0.230839717391,"9":0.0993487391304,"10":0.175321304348,"11":1.09575815217},"bb":{"7":0.078089,"10":null},"ie_mob":{"10":0.523891858586,"11":1.47092714141},"edge":{"12":0.223377,"13":0.411942,"14":0.005802},"and_ff":{"0":0.07099},"and_uc":{"0":4.777627},"op_mini":{"5.0-8.0":43.3056080301},"and_chr":{"0":9.545923},"samsung":{"0":1.100345}},"total":98.3231349565}