{"id":"GI","name":"Gibraltar","month":"2016-06","access_date":"2016-07-06","data":{"firefox":{"2":null,"3":null,"3.5":null,"3.6":0.011024,"4":0.011024,"5":null,"6":null,"7":null,"8":null,"9":null,"10":null,"11":null,"12":null,"13":null,"14":0.005512,"15":0.08268,"16":0.187408,"17":null,"18":null,"19":null,"20":null,"21":null,"22":null,"23":null,"24":null,"25":0.132288,"26":0.126776,"27":0.126776,"28":0.115752,"29":0.154336,"30":0.1378,"31":0.19292,"32":0.104728,"33":0.181896,"34":0.115752,"35":0.187408,"36":0.181896,"37":0.148824,"38":0.363792,"39":0.242528,"40":0.237016,"41":0.237016,"42":0.2756,"43":0.479544,"44":0.159848,"45":0.589784,"46":1.642576,"47":2.882776,"48":0.022048,"49":null,"50":null},"chrome":{"4":null,"5":0.011024,"6":null,"7":null,"8":null,"9":0.011024,"10":null,"11":0.011024,"12":null,"13":null,"14":0.005512,"15":null,"16":null,"17":null,"18":0.005512,"19":null,"20":0.049608,"21":0.011024,"22":0.187408,"23":null,"24":null,"25":null,"26":0.011024,"27":null,"28":null,"29":0.05512,"30":0.011024,"31":null,"32":0.022048,"33":0.016536,"34":0.02756,"35":0.044096,"36":0.044096,"37":0.033072,"38":0.022048,"39":0.176384,"40":0.016536,"41":0.022048,"42":0.016536,"43":0.038584,"44":0.104728,"45":0.08268,"46":0.121264,"47":0.176384,"48":2.083536,"49":0.953576,"50":6.58684,"51":16.607656,"52":0.033072,"53":0.08268,"54":null},"opera":{"9":null,"9.5-9.6":null,"10.0-10.1":0.011024,"10.5":null,"10.6":null,"11":0.005512,"11.1":null,"11.5":0.005512,"11.6":0.011024,"12":null,"12.1":0.005512,"15":null,"16":null,"17":null,"18":null,"19":null,"20":null,"21":null,"22":null,"23":null,"24":null,"25":null,"26":0.011024,"27":null,"28":null,"29":0.005512,"30":null,"31":null,"32":null,"33":null,"34":0.022048,"35":0.011024,"36":0.011024,"37":0.071656,"38":0.474032,"39":null,"40":null},"safari":{"3.1":null,"3.2":null,"4":0,"5":0.2756,"5.1":0.16536,"6":0.011024,"6.1":0.187408,"7":0.049608,"7.1":0.016536,"8":0.755144,"9":0.865384,"9.1":2.596152,"10":null,"0":null},"ios_saf":{"3.2":0,"4.0-4.1":0,"4.2-4.3":0,"5.0-5.1":0,"6.0-6.1":0,"7.0-7.1":0.653971800124,"8":0,"8.1-8.4":1.31050819554,"9.0-9.2":2.82874860995,"9.3":20.0602643944},"android":{"2.1":0,"2.2":0,"2.3":0.00735098649442,"3":0,"4":0.0483939944216,"4.1":0.169072689372,"4.2-4.3":0.357135427187,"4.4":0.941538853494,"4.4.3-4.4.4":0.562963049031,"50":null},"op_mob":{"10":0,"11":0,"11.1":0,"11.5":0,"12":0,"12.1":2.69894736842e-5,"0":0.00118753684211},"ie":{"5.5":null,"6":null,"7":0.016536,"8":0.292136,"9":0.363792,"10":0.435448,"11":5.908864},"bb":{"7":0.0157045,"10":null},"ie_mob":{"10":0.109591575758,"11":0.307699424242},"edge":{"12":0.071656,"13":1.796912,"14":0.016536},"and_ff":{"0":0.017948},"and_uc":{"0":0.067305},"op_mini":{"5.0-8.0":0.0167334736842},"and_chr":{"0":14.282989},"samsung":{"0":3.194744}},"total":96.4414695}