{"id":"GL","name":"Greenland","month":"2016-06","access_date":"2016-07-06","data":{"firefox":{"2":null,"3":0.042024,"3.5":null,"3.6":2.946933,"4":null,"5":null,"6":null,"7":null,"8":null,"9":null,"10":null,"11":null,"12":null,"13":null,"14":null,"15":null,"16":null,"17":null,"18":null,"19":null,"20":0.005253,"21":null,"22":null,"23":null,"24":null,"25":null,"26":null,"27":null,"28":null,"29":null,"30":0.010506,"31":0.010506,"32":null,"33":0.520047,"34":0.078795,"35":null,"36":0.010506,"37":null,"38":0.010506,"39":0.005253,"40":0.010506,"41":0.005253,"42":0.057783,"43":0.115566,"44":0.089301,"45":0.15759,"46":2.321826,"47":4.748712,"48":0.015759,"49":null,"50":0.05253},"chrome":{"4":null,"5":null,"6":null,"7":null,"8":null,"9":null,"10":null,"11":null,"12":null,"13":null,"14":null,"15":null,"16":0.010506,"17":0.005253,"18":null,"19":null,"20":null,"21":null,"22":null,"23":null,"24":null,"25":null,"26":null,"27":null,"28":null,"29":0.010506,"30":null,"31":0.010506,"32":0.036771,"33":0.015759,"34":null,"35":0.005253,"36":0.010506,"37":null,"38":null,"39":0.021012,"40":null,"41":null,"42":0.063036,"43":0.530553,"44":0.026265,"45":0.162843,"46":0.010506,"47":0.026265,"48":0.042024,"49":1.229202,"50":4.134111,"51":10.71612,"52":0.120819,"53":0.015759,"54":null},"opera":{"9":null,"9.5-9.6":null,"10.0-10.1":0,"10.5":0.021012,"10.6":null,"11":null,"11.1":null,"11.5":null,"11.6":null,"12":null,"12.1":0.021012,"15":null,"16":null,"17":0.010506,"18":null,"19":null,"20":null,"21":null,"22":null,"23":null,"24":null,"25":null,"26":null,"27":null,"28":null,"29":null,"30":null,"31":null,"32":null,"33":null,"34":null,"35":0.005253,"36":0.010506,"37":0.05253,"38":0.131325,"39":null,"40":null},"safari":{"3.1":null,"3.2":null,"4":0.063036,"5":0.031518,"5.1":0.10506,"6":0.010506,"6.1":0.614601,"7":0.031518,"7.1":0.021012,"8":0.457011,"9":1.255467,"9.1":3.587799,"10":null,"0":null},"ios_saf":{"3.2":0,"4.0-4.1":0,"4.2-4.3":0,"5.0-5.1":0,"6.0-6.1":0,"7.0-7.1":0.429968206583,"8":0,"8.1-8.4":0.861622562997,"9.0-9.2":1.8598232622,"9.3":13.1890639682},"android":{"2.1":0,"2.2":0,"2.3":0.00640417381092,"3":0,"4":0.0421608109219,"4.1":0.147295997651,"4.2-4.3":0.311136110981,"4.4":0.820267928949,"4.4.3-4.4.4":0.490452977686,"50":null},"op_mob":{"10":0,"11":0,"11.1":0,"11.5":0,"12":0,"12.1":0.0128962736842,"0":0.567436042105},"ie":{"5.5":null,"6":null,"7":0.015759,"8":0.231132,"9":0.462264,"10":0.546312,"11":11.572359},"bb":{"7":0,"10":null},"ie_mob":{"10":0.109685333333,"11":0.307962666667},"edge":{"12":0.273156,"13":3.445968,"14":0.010506},"and_ff":{"0":0.009492},"and_uc":{"0":6.013182},"op_mini":{"5.0-8.0":7.99568968421},"and_chr":{"0":10.168707},"samsung":{"0":4.228686}},"total":98.977791}