{"id":"GM","name":"Gambia","month":"2016-06","access_date":"2016-07-06","data":{"firefox":{"2":null,"3":0.108837,"3.5":0.012093,"3.6":0.024186,"4":0.024186,"5":0.012093,"6":0.008062,"7":0.004031,"8":0.008062,"9":0.028217,"10":0.008062,"11":0.060465,"12":0.092713,"13":0.052403,"14":0.020155,"15":0.016124,"16":0.020155,"17":0.004031,"18":0.012093,"19":0.024186,"20":0.012093,"21":0.177364,"22":0.020155,"23":0.028217,"24":0.032248,"25":0.032248,"26":0.004031,"27":0.024186,"28":0.032248,"29":0.108837,"30":0.092713,"31":0.092713,"32":0.028217,"33":0.068527,"34":0.032248,"35":0.036279,"36":0.084651,"37":0.346666,"38":0.068527,"39":0.100775,"40":0.048372,"41":0.068527,"42":0.153178,"43":0.451472,"44":0.467596,"45":0.274108,"46":3.18449,"47":7.969287,"48":2.583871,"49":0.008062,"50":null},"chrome":{"4":0.004031,"5":null,"6":null,"7":null,"8":null,"9":null,"10":null,"11":0.04031,"12":null,"13":null,"14":null,"15":null,"16":null,"17":0.008062,"18":null,"19":null,"20":null,"21":null,"22":null,"23":0.294263,"24":0.008062,"25":0.036279,"26":0.016124,"27":0.072558,"28":0.036279,"29":0.08062,"30":0.048372,"31":0.032248,"32":0.064496,"33":0.024186,"34":0.016124,"35":0.04031,"36":0.108837,"37":0.08062,"38":0.024186,"39":0.024186,"40":0.008062,"41":0.233798,"42":0.012093,"43":0.173333,"44":0.04031,"45":0.693332,"46":0.036279,"47":0.302325,"48":0.32248,"49":1.144804,"50":3.301389,"51":8.259519,"52":0.112868,"53":0.24186,"54":null},"opera":{"9":null,"9.5-9.6":null,"10.0-10.1":0,"10.5":0.020155,"10.6":null,"11":0.008062,"11.1":null,"11.5":0.004031,"11.6":0.028217,"12":0.028217,"12.1":0.056434,"15":0.004031,"16":0.008062,"17":null,"18":null,"19":null,"20":0.004031,"21":0.092713,"22":null,"23":null,"24":null,"25":null,"26":0.016124,"27":null,"28":0.197519,"29":0.032248,"30":null,"31":0.004031,"32":null,"33":null,"34":0.004031,"35":0.008062,"36":0.128992,"37":0.358759,"38":0.681239,"39":null,"40":null},"safari":{"3.1":null,"3.2":null,"4":0.028217,"5":0.04031,"5.1":0.032248,"6":null,"6.1":0.036279,"7":0.004031,"7.1":null,"8":0.056434,"9":0.128992,"9.1":0.511937,"10":null,"0":null},"ios_saf":{"3.2":0,"4.0-4.1":0,"4.2-4.3":0,"5.0-5.1":0,"6.0-6.1":0,"7.0-7.1":0.12439368899,"8":0,"8.1-8.4":0.249275196368,"9.0-9.2":0.538063682179,"9.3":3.81571543246},"android":{"2.1":0,"2.2":0,"2.3":0.0359612096301,"3":0,"4":0.236744630065,"4.1":0.827107821491,"4.2-4.3":1.74711543453,"4.4":4.60603160012,"4.4.3-4.4.4":2.75402930417,"50":null},"op_mob":{"10":0,"11":0,"11.1":0,"11.5":0,"12":0,"12.1":0.0316581398496,"0":1.39295815338},"ie":{"5.5":null,"6":0.00408547297297,"7":null,"8":0.367692567568,"9":0.187931756757,"10":0.236957432432,"11":1.62193277027},"bb":{"7":0.06416675,"10":null},"ie_mob":{"10":0.713265353535,"11":2.00262964646},"edge":{"12":0.278139,"13":0.374883,"14":null},"and_ff":{"0":0.107442},"and_uc":{"0":6.255512},"op_mini":{"5.0-8.0":19.6280467068},"and_chr":{"0":11.599392},"samsung":{"0":2.172716}},"total":97.61191775}