{"id":"GN","name":"Guinea","month":"2016-06","access_date":"2016-07-06","data":{"firefox":{"2":0.003528,"3":0.112896,"3.5":0.024696,"3.6":0.019404,"4":0.010584,"5":0.010584,"6":0.003528,"7":null,"8":0.003528,"9":0.012348,"10":0.005292,"11":0.012348,"12":0.007056,"13":0.003528,"14":0.003528,"15":0.007056,"16":0.010584,"17":0.007056,"18":0.012348,"19":0.028224,"20":0.014112,"21":0.012348,"22":0.021168,"23":0.00882,"24":0.021168,"25":0.00882,"26":0.005292,"27":0.015876,"28":0.021168,"29":0.01764,"30":0.05292,"31":0.015876,"32":0.019404,"33":0.119952,"34":0.038808,"35":0.024696,"36":0.012348,"37":0.0441,"38":0.067032,"39":0.0441,"40":0.033516,"41":0.045864,"42":0.054684,"43":0.726768,"44":0.18522,"45":0.216972,"46":1.545264,"47":1.501164,"48":0.121716,"49":0.003528,"50":null},"chrome":{"4":null,"5":null,"6":null,"7":null,"8":null,"9":null,"10":0.003528,"11":0.040572,"12":null,"13":0.001764,"14":0.001764,"15":null,"16":0.007056,"17":null,"18":null,"19":null,"20":null,"21":0.02646,"22":null,"23":0.005292,"24":0.007056,"25":0.01764,"26":0.003528,"27":null,"28":0.019404,"29":0.00882,"30":0.003528,"31":0.045864,"32":0.010584,"33":0.045864,"34":0.001764,"35":0.005292,"36":0.014112,"37":0.164052,"38":0.003528,"39":0.015876,"40":0.022932,"41":0.003528,"42":0.021168,"43":0.306936,"44":0.021168,"45":0.409248,"46":0.01764,"47":0.067032,"48":0.100548,"49":0.358092,"50":1.898064,"51":3.89844,"52":0.022932,"53":0.014112,"54":null},"opera":{"9":null,"9.5-9.6":null,"10.0-10.1":0,"10.5":null,"10.6":null,"11":null,"11.1":0.005292,"11.5":null,"11.6":0.01764,"12":0.003528,"12.1":0.045864,"15":0.003528,"16":null,"17":0.00882,"18":0.00882,"19":0.001764,"20":null,"21":null,"22":null,"23":null,"24":null,"25":null,"26":null,"27":null,"28":0.001764,"29":0.022932,"30":0.010584,"31":null,"32":0.00882,"33":0.0441,"34":0.01764,"35":0.065268,"36":0.059976,"37":0.444528,"38":0.375732,"39":0.005292,"40":null},"safari":{"3.1":null,"3.2":null,"4":0.012348,"5":0.007056,"5.1":0.010584,"6":0.003528,"6.1":0.003528,"7":0.007056,"7.1":0.003528,"8":0.093492,"9":0.07056,"9.1":0.38808,"10":null,"0":null},"ios_saf":{"3.2":0,"4.0-4.1":0,"4.2-4.3":0,"5.0-5.1":0,"6.0-6.1":0,"7.0-7.1":0.0461601836756,"8":0,"8.1-8.4":0.0925013876793,"9.0-9.2":0.199665421938,"9.3":1.41594100671},"android":{"2.1":0,"2.2":0,"2.3":0.0329053106283,"3":0,"4":0.216626628303,"4.1":0.756822144451,"4.2-4.3":1.59864967469,"4.4":4.21462186964,"4.4.3-4.4.4":2.51999837228,"50":null},"op_mob":{"10":0,"11":0,"11.1":0,"11.5":0,"12":0,"12.1":0.0544319097744,"0":2.39500403008},"ie":{"5.5":null,"6":0.00538087328244,"7":0.0161426198473,"8":0.229583926718,"9":0.0304916152672,"10":0.168600696183,"11":0.71924339542},"bb":{"7":0.010295,"10":null},"ie_mob":{"10":0.227113939394,"11":0.637666060606},"edge":{"12":0.125244,"13":0.165816,"14":null},"and_ff":{"0":0.354148},"and_uc":{"0":3.516772},"op_mini":{"5.0-8.0":33.7477840602},"and_chr":{"0":25.74292},"samsung":{"0":1.309524}},"total":95.2353541267}