{"id":"GP","name":"Guadeloupe","month":"2016-06","access_date":"2016-07-06","data":{"firefox":{"2":null,"3":0.007149,"3.5":null,"3.6":0.042894,"4":null,"5":null,"6":null,"7":null,"8":null,"9":null,"10":null,"11":0.021447,"12":0.007149,"13":0.014298,"14":null,"15":0.035745,"16":0.07149,"17":0.014298,"18":null,"19":null,"20":0.007149,"21":null,"22":null,"23":null,"24":0.035745,"25":0.028596,"26":null,"27":null,"28":null,"29":null,"30":0.021447,"31":0.021447,"32":null,"33":0.028596,"34":0.007149,"35":0.135831,"36":0.007149,"37":0.028596,"38":0.200172,"39":0.050043,"40":0.078639,"41":0.035745,"42":0.042894,"43":0.164427,"44":0.100086,"45":0.14298,"46":3.610245,"47":6.491292,"48":0.050043,"49":null,"50":null},"chrome":{"4":null,"5":null,"6":null,"7":null,"8":null,"9":null,"10":null,"11":0.028596,"12":null,"13":null,"14":null,"15":null,"16":null,"17":null,"18":null,"19":null,"20":null,"21":0.21447,"22":0.579069,"23":null,"24":null,"25":null,"26":null,"27":null,"28":null,"29":0.207321,"30":0.014298,"31":0.007149,"32":0.14298,"33":0.028596,"34":0.042894,"35":0.07149,"36":0.064341,"37":0.050043,"38":0.057192,"39":0.035745,"40":0.057192,"41":0.007149,"42":0.057192,"43":0.085788,"44":0.078639,"45":0.150129,"46":0.050043,"47":0.235917,"48":0.171576,"49":1.772952,"50":8.757525,"51":23.66319,"52":0.050043,"53":0.07149,"54":null},"opera":{"9":null,"9.5-9.6":null,"10.0-10.1":0,"10.5":null,"10.6":null,"11":null,"11.1":null,"11.5":null,"11.6":null,"12":0.007149,"12.1":0.042894,"15":null,"16":null,"17":null,"18":null,"19":null,"20":null,"21":null,"22":null,"23":null,"24":null,"25":null,"26":null,"27":null,"28":0.014298,"29":null,"30":null,"31":null,"32":null,"33":null,"34":null,"35":0.021447,"36":0.014298,"37":0.178725,"38":0.42894,"39":null,"40":null},"safari":{"3.1":null,"3.2":null,"4":0.157278,"5":0.114384,"5.1":0.364599,"6":0.078639,"6.1":0.314556,"7":0.07149,"7.1":0.028596,"8":0.729198,"9":1.015158,"9.1":4.096377,"10":null,"0":null},"ios_saf":{"3.2":0,"4.0-4.1":0,"4.2-4.3":0,"5.0-5.1":0,"6.0-6.1":0,"7.0-7.1":0.16226517542,"8":0,"8.1-8.4":0.325166684862,"9.0-9.2":0.701876425446,"9.3":4.97740471427},"android":{"2.1":0,"2.2":0,"2.3":0.00821650499119,"3":0,"4":0.054091991192,"4.1":0.188979614797,"4.2-4.3":0.399185200822,"4.4":1.05239734762,"4.4.3-4.4.4":0.629247340575,"50":null},"op_mob":{"10":0,"11":0,"11.1":0,"11.5":0,"12":0,"12.1":0.000445870676692,"0":0.0196183097744},"ie":{"5.5":null,"6":null,"7":0.014570753012,"8":0.444407966867,"9":0.240417424699,"10":0.422551837349,"11":6.13428701807},"bb":{"7":0.00784025,"10":null},"ie_mob":{"10":0.0853572121212,"11":0.239656787879},"edge":{"12":0.393195,"13":4.460976,"14":0.042894},"and_ff":{"0":0.105487},"and_uc":{"0":0.074126},"op_mini":{"5.0-8.0":0.276439819549},"and_chr":{"0":17.611332},"samsung":{"0":3.4212}},"total":98.42741025}