{"id":"GQ","name":"Equatorial Guinea","month":"2016-06","access_date":"2016-07-06","data":{"firefox":{"2":null,"3":0.468396,"3.5":null,"3.6":0.177817,"4":0.04337,"5":0.021685,"6":0.060718,"7":null,"8":0.021685,"9":null,"10":null,"11":0.017348,"12":0.008674,"13":0.008674,"14":0.056381,"15":0.186491,"16":0.117099,"17":0.030359,"18":null,"19":0.004337,"20":0.021685,"21":0.026022,"22":null,"23":0.008674,"24":0.125773,"25":0.008674,"26":0.008674,"27":null,"28":0.060718,"29":0.013011,"30":2.229218,"31":0.589832,"32":0.017348,"33":0.368645,"34":0.056381,"35":0.082403,"36":0.182154,"37":0.065055,"38":0.73729,"39":0.108425,"40":0.017348,"41":0.880411,"42":0.13011,"43":0.195165,"44":0.39033,"45":0.412015,"46":2.914464,"47":2.684603,"48":0.08674,"49":0.008674,"50":null},"chrome":{"4":null,"5":0.034696,"6":null,"7":null,"8":null,"9":null,"10":null,"11":0.307927,"12":null,"13":null,"14":null,"15":null,"16":null,"17":0.004337,"18":null,"19":null,"20":0.013011,"21":null,"22":null,"23":null,"24":null,"25":0.082403,"26":null,"27":0.008674,"28":0.060718,"29":0.008674,"30":null,"31":0.039033,"32":0.030359,"33":0.013011,"34":null,"35":0.416352,"36":0.026022,"37":0.147458,"38":0.021685,"39":0.013011,"40":0.108425,"41":0.04337,"42":0.08674,"43":0.08674,"44":0.039033,"45":0.21685,"46":0.034696,"47":0.047707,"48":0.190828,"49":1.873584,"50":3.933659,"51":11.870369,"52":0.026022,"53":0.013011,"54":null},"opera":{"9":null,"9.5-9.6":null,"10.0-10.1":0,"10.5":null,"10.6":null,"11":null,"11.1":null,"11.5":null,"11.6":null,"12":null,"12.1":0.021685,"15":null,"16":null,"17":null,"18":null,"19":null,"20":null,"21":null,"22":null,"23":null,"24":null,"25":null,"26":null,"27":null,"28":0.008674,"29":0.021685,"30":null,"31":0.004337,"32":null,"33":0.017348,"34":null,"35":0.004337,"36":0.017348,"37":0.234198,"38":0.524777,"39":null,"40":null},"safari":{"3.1":null,"3.2":null,"4":0,"5":null,"5.1":0.078066,"6":null,"6.1":0.091077,"7":0.112762,"7.1":0.008674,"8":0.08674,"9":0.412015,"9.1":0.620191,"10":null,"0":null},"ios_saf":{"3.2":0,"4.0-4.1":0,"4.2-4.3":0,"5.0-5.1":0,"6.0-6.1":0,"7.0-7.1":0.0488842183469,"8":0,"8.1-8.4":0.0979601395109,"9.0-9.2":0.211448207203,"9.3":1.49949943494},"android":{"2.1":0,"2.2":0,"2.3":0.0300927022901,"3":0,"4":0.198110290076,"4.1":0.692132152672,"4.2-4.3":1.46200378626,"4.4":3.85437361832,"4.4.3-4.4.4":2.30459945038,"50":null},"op_mob":{"10":0,"11":0,"11.1":0,"11.5":0,"12":0,"12.1":0.0283966556391,"0":1.24945284812},"ie":{"5.5":null,"6":null,"7":null,"8":0.748784498886,"9":0.275867973274,"10":0.297762256867,"11":4.57590527097},"bb":{"7":0.174168,"10":null},"ie_mob":{"10":0.138338909091,"11":0.388413090909},"edge":{"12":0.21685,"13":0.516103,"14":null},"and_ff":{"0":0.011328},"and_uc":{"0":8.711232},"op_mini":{"5.0-8.0":17.6059264962},"and_chr":{"0":14.641957},"samsung":{"0":3.092544}},"total":98.787329}