{"id":"GR","name":"Greece","month":"2016-06","access_date":"2016-07-06","data":{"firefox":{"2":null,"3":null,"3.5":null,"3.6":0.023055,"4":0.12296,"5":0.130645,"6":0.130645,"7":null,"8":null,"9":null,"10":0.01537,"11":0.007685,"12":0.12296,"13":null,"14":null,"15":null,"16":0.04611,"17":null,"18":null,"19":null,"20":0.007685,"21":null,"22":null,"23":null,"24":0.01537,"25":null,"26":0.007685,"27":0.084535,"28":null,"29":0.007685,"30":0.04611,"31":0.023055,"32":0.007685,"33":0.023055,"34":0.053795,"35":0.023055,"36":0.03074,"37":0.038425,"38":0.09222,"39":0.04611,"40":0.053795,"41":0.06148,"42":0.07685,"43":0.192125,"44":0.115275,"45":0.330455,"46":5.48709,"47":10.121145,"48":0.069165,"49":null,"50":null},"chrome":{"4":null,"5":null,"6":null,"7":null,"8":null,"9":null,"10":null,"11":0.146015,"12":null,"13":null,"14":null,"15":null,"16":0.12296,"17":0.01537,"18":null,"19":null,"20":null,"21":null,"22":0.13833,"23":0.04611,"24":null,"25":null,"26":0.023055,"27":null,"28":null,"29":0.499525,"30":0.01537,"31":0.06148,"32":0.01537,"33":0.023055,"34":0.084535,"35":0.053795,"36":0.038425,"37":0.023055,"38":0.053795,"39":0.07685,"40":0.04611,"41":0.03074,"42":0.023055,"43":0.192125,"44":0.12296,"45":0.13833,"46":0.084535,"47":0.207495,"48":0.222865,"49":6.970295,"50":9.34496,"51":26.182795,"52":0.115275,"53":0.07685,"54":null},"opera":{"9":null,"9.5-9.6":null,"10.0-10.1":0,"10.5":null,"10.6":null,"11":null,"11.1":null,"11.5":null,"11.6":null,"12":0.32277,"12.1":0.13833,"15":null,"16":null,"17":null,"18":null,"19":null,"20":null,"21":null,"22":null,"23":null,"24":null,"25":null,"26":0.023055,"27":null,"28":null,"29":null,"30":null,"31":null,"32":null,"33":null,"34":null,"35":0.007685,"36":0.115275,"37":0.23055,"38":0.576375,"39":null,"40":null},"safari":{"3.1":null,"3.2":null,"4":0.023055,"5":0.099905,"5.1":0.27666,"6":0.007685,"6.1":0.03074,"7":0.01537,"7.1":0.007685,"8":0.069165,"9":0.146015,"9.1":0.745445,"10":null,"0":null},"ios_saf":{"3.2":0,"4.0-4.1":0,"4.2-4.3":0,"5.0-5.1":0,"6.0-6.1":0,"7.0-7.1":0.0964087875348,"8":0,"8.1-8.4":0.193195648746,"9.0-9.2":0.417015265298,"9.3":2.95729229842},"android":{"2.1":0,"2.2":0,"2.3":0.0107626682325,"3":0,"4":0.0708542325308,"4.1":0.247541369348,"4.2-4.3":0.522886298297,"4.4":1.37851842278,"4.4.3-4.4.4":0.824241008808,"50":null},"op_mob":{"10":0,"11":0,"11.1":0,"11.5":0,"12":0,"12.1":0.000379615037594,"0":0.0167030616541},"ie":{"5.5":null,"6":0.0692534462916,"7":0.16159137468,"8":0.784872391304,"9":0.423215505115,"10":0.384741368286,"11":4.19368091432},"bb":{"7":0.016212,"10":null},"ie_mob":{"10":0.211668363636,"11":0.594299636364},"edge":{"12":0.10759,"13":1.13738,"14":null},"and_ff":{"0":0.027792},"and_uc":{"0":0.1158},"op_mini":{"5.0-8.0":0.235361323308},"and_chr":{"0":14.482067},"samsung":{"0":1.584144}},"total":96.910738}