{"id":"GT","name":"Guatemala","month":"2016-06","access_date":"2016-07-06","data":{"firefox":{"2":null,"3":0.030095,"3.5":0.006019,"3.6":0.018057,"4":null,"5":null,"6":0.018057,"7":null,"8":null,"9":null,"10":null,"11":null,"12":0.084266,"13":0.006019,"14":null,"15":null,"16":0.018057,"17":null,"18":null,"19":0.006019,"20":null,"21":0.012038,"22":0.006019,"23":0.006019,"24":0.006019,"25":0.006019,"26":null,"27":null,"28":0.012038,"29":0.012038,"30":0.012038,"31":0.024076,"32":0.024076,"33":0.012038,"34":0.018057,"35":0.024076,"36":0.012038,"37":0.036114,"38":0.066209,"39":0.048152,"40":0.042133,"41":0.036114,"42":0.084266,"43":0.216684,"44":0.090285,"45":0.174551,"46":2.154802,"47":3.286374,"48":0.036114,"49":null,"50":null},"chrome":{"4":null,"5":null,"6":null,"7":null,"8":null,"9":null,"10":null,"11":0.018057,"12":null,"13":null,"14":null,"15":null,"16":null,"17":null,"18":0.030095,"19":null,"20":null,"21":0.012038,"22":0.036114,"23":null,"24":null,"25":0.012038,"26":0.030095,"27":0.012038,"28":0.012038,"29":0.234741,"30":0.012038,"31":0.030095,"32":0.018057,"33":0.018057,"34":0.042133,"35":0.030095,"36":0.036114,"37":0.042133,"38":0.054171,"39":0.078247,"40":0.054171,"41":0.048152,"42":0.036114,"43":0.126399,"44":0.126399,"45":0.108342,"46":0.138437,"47":0.210665,"48":0.282893,"49":3.539172,"50":9.401678,"51":25.965966,"52":0.090285,"53":0.048152,"54":null},"opera":{"9":null,"9.5-9.6":null,"10.0-10.1":0,"10.5":null,"10.6":null,"11":null,"11.1":null,"11.5":null,"11.6":null,"12":null,"12.1":0.006019,"15":null,"16":null,"17":null,"18":null,"19":null,"20":null,"21":null,"22":null,"23":null,"24":null,"25":null,"26":null,"27":null,"28":0.012038,"29":0.018057,"30":0.012038,"31":null,"32":0.006019,"33":0.006019,"34":0.018057,"35":0.012038,"36":0.06019,"37":0.204646,"38":0.264836,"39":null,"40":null},"safari":{"3.1":null,"3.2":null,"4":0.012038,"5":0.066209,"5.1":0.12038,"6":0.024076,"6.1":0.054171,"7":0.078247,"7.1":0.036114,"8":0.397254,"9":0.650052,"9.1":1.74551,"10":null,"0":null},"ios_saf":{"3.2":0,"4.0-4.1":0,"4.2-4.3":0,"5.0-5.1":0,"6.0-6.1":0,"7.0-7.1":0.112399268909,"8":0,"8.1-8.4":0.225239319265,"9.0-9.2":0.486181935714,"9.3":3.44779247611},"android":{"2.1":0,"2.2":0,"2.3":0.0237737933059,"3":0,"4":0.156510805931,"4.1":0.546797246036,"4.2-4.3":1.15501012478,"4.4":3.0450266926,"4.4.3-4.4.4":1.82067633735,"50":null},"op_mob":{"10":0,"11":0,"11.1":0,"11.5":0,"12":0,"12.1":0.00440603909774,"0":0.193865720301},"ie":{"5.5":null,"6":0.0121438285714,"7":0.0121438285714,"8":0.315739542857,"9":0.182157428571,"10":0.352171028571,"11":1.88836534286},"bb":{"7":0.071658,"10":null},"ie_mob":{"10":0.214330606061,"11":0.601774393939},"edge":{"12":0.204646,"13":0.752375,"14":null},"and_ff":{"0":0.015924},"and_uc":{"0":1.285863},"op_mini":{"5.0-8.0":2.7317442406},"and_chr":{"0":25.00621},"samsung":{"0":2.726985}},"total":98.976114}