{"id":"GU","name":"Guam","month":"2016-06","access_date":"2016-07-06","data":{"firefox":{"2":null,"3":null,"3.5":null,"3.6":0.031104,"4":null,"5":null,"6":0.005184,"7":null,"8":null,"9":null,"10":0.015552,"11":0.020736,"12":null,"13":null,"14":null,"15":null,"16":0.02592,"17":null,"18":null,"19":null,"20":null,"21":0.005184,"22":null,"23":null,"24":null,"25":null,"26":null,"27":null,"28":null,"29":0.005184,"30":null,"31":null,"32":null,"33":0.005184,"34":null,"35":0.005184,"36":0.010368,"37":0.015552,"38":0.031104,"39":0.010368,"40":0.015552,"41":0.02592,"42":0.046656,"43":0.057024,"44":0.046656,"45":0.108864,"46":1.902528,"47":3.260736,"48":0.05184,"49":null,"50":null},"chrome":{"4":null,"5":null,"6":null,"7":null,"8":null,"9":null,"10":null,"11":0.010368,"12":null,"13":null,"14":null,"15":null,"16":null,"17":null,"18":null,"19":null,"20":null,"21":0.07776,"22":0.015552,"23":null,"24":null,"25":null,"26":0.005184,"27":null,"28":null,"29":null,"30":null,"31":0.041472,"32":0.005184,"33":null,"34":0.005184,"35":0.031104,"36":0.010368,"37":0.010368,"38":0.010368,"39":0.015552,"40":0.005184,"41":0.020736,"42":null,"43":0.062208,"44":0.046656,"45":0.176256,"46":0.046656,"47":0.072576,"48":0.165888,"49":2.441664,"50":6.879168,"51":17.330112,"52":0.119232,"53":0.057024,"54":null},"opera":{"9":null,"9.5-9.6":null,"10.0-10.1":0,"10.5":null,"10.6":null,"11":null,"11.1":null,"11.5":null,"11.6":null,"12":null,"12.1":0.010368,"15":null,"16":null,"17":null,"18":null,"19":null,"20":null,"21":null,"22":null,"23":null,"24":null,"25":null,"26":null,"27":0.005184,"28":0.010368,"29":0.05184,"30":null,"31":null,"32":null,"33":null,"34":null,"35":0.067392,"36":null,"37":0.114048,"38":0.124416,"39":null,"40":null},"safari":{"3.1":null,"3.2":null,"4":0,"5":0.062208,"5.1":0.119232,"6":0.015552,"6.1":0.347328,"7":0.088128,"7.1":0.036288,"8":0.580608,"9":0.69984,"9.1":3.903552,"10":null,"0":null},"ios_saf":{"3.2":0,"4.0-4.1":0,"4.2-4.3":0,"5.0-5.1":0,"6.0-6.1":0,"7.0-7.1":0.634379164173,"8":0,"8.1-8.4":1.27124608977,"9.0-9.2":2.74400085523,"9.3":19.4592698908},"android":{"2.1":0,"2.2":0,"2.3":0.0102993963594,"3":0,"4":0.0678043593658,"4.1":0.236886116265,"4.2-4.3":0.500379006459,"4.4":1.31918101703,"4.4.3-4.4.4":0.788762104521,"50":null},"op_mob":{"10":0,"11":0,"11.1":0,"11.5":0,"12":0,"12.1":0.000101389473684,"0":0.00446113684211},"ie":{"5.5":null,"6":null,"7":null,"8":0.234396486486,"9":0.545108108108,"10":0.294358378378,"11":5.38021702703},"bb":{"7":0.01806,"10":null},"ie_mob":{"10":0.0746236767677,"11":0.209520323232},"edge":{"12":0.269568,"13":3.011904,"14":null},"and_ff":{"0":0.043344},"and_uc":{"0":0.04816},"op_mini":{"5.0-8.0":0.0628614736842},"and_chr":{"0":16.917408},"samsung":{"0":5.08088}},"total":98.827756}