{"id":"GW","name":"Guinea-Bissau","month":"2016-06","access_date":"2016-07-06","data":{"firefox":{"2":0.021504,"3":0.021504,"3.5":null,"3.6":0.007168,"4":0.007168,"5":null,"6":null,"7":0.014336,"8":0.032256,"9":null,"10":0.010752,"11":0.014336,"12":0.064512,"13":0.014336,"14":0.003584,"15":0.293888,"16":0.007168,"17":0.007168,"18":null,"19":0.043008,"20":0.007168,"21":0.003584,"22":null,"23":0.010752,"24":0.010752,"25":null,"26":0.028672,"27":0.028672,"28":null,"29":0.010752,"30":0.021504,"31":0.007168,"32":null,"33":0.05376,"34":0.060928,"35":0.082432,"36":0.007168,"37":0.057344,"38":0.025088,"39":0.046592,"40":0.060928,"41":0.043008,"42":0.139776,"43":0.318976,"44":0.12544,"45":0.136192,"46":2.67008,"47":3.27936,"48":0.043008,"49":null,"50":null},"chrome":{"4":null,"5":null,"6":null,"7":0.064512,"8":null,"9":null,"10":null,"11":0.046592,"12":null,"13":null,"14":0.021504,"15":null,"16":0.014336,"17":null,"18":null,"19":null,"20":null,"21":0.010752,"22":null,"23":null,"24":null,"25":0.010752,"26":0.200704,"27":null,"28":null,"29":null,"30":0.014336,"31":0.050176,"32":0.0896,"33":0.103936,"34":0.021504,"35":null,"36":0.129024,"37":0.028672,"38":0.032256,"39":0.039424,"40":0.111104,"41":0.007168,"42":0.021504,"43":1.659392,"44":0.060928,"45":0.422912,"46":0.096768,"47":0.415744,"48":0.075264,"49":0.702464,"50":4.619776,"51":10.171392,"52":0.014336,"53":0.028672,"54":null},"opera":{"9":null,"9.5-9.6":null,"10.0-10.1":0,"10.5":null,"10.6":null,"11":0.003584,"11.1":null,"11.5":null,"11.6":null,"12":null,"12.1":0.007168,"15":0.075264,"16":null,"17":null,"18":null,"19":null,"20":null,"21":null,"22":0.003584,"23":null,"24":null,"25":null,"26":null,"27":null,"28":null,"29":null,"30":null,"31":0.007168,"32":0.007168,"33":0.010752,"34":0.043008,"35":null,"36":0.39424,"37":0.093184,"38":0.23296,"39":null,"40":null},"safari":{"3.1":null,"3.2":null,"4":0,"5":0.007168,"5.1":0.014336,"6":null,"6.1":0.007168,"7":null,"7.1":0.007168,"8":0.010752,"9":0.093184,"9.1":0.344064,"10":null,"0":null},"ios_saf":{"3.2":0,"4.0-4.1":0,"4.2-4.3":0,"5.0-5.1":0,"6.0-6.1":0,"7.0-7.1":0.0340972706635,"8":0,"8.1-8.4":0.0683282561139,"9.0-9.2":0.147487409968,"9.3":1.04591706325},"android":{"2.1":0,"2.2":0,"2.3":0.0335403170875,"3":0,"4":0.220807087493,"4.1":0.771427293012,"4.2-4.3":1.62950040517,"4.4":4.29595561362,"4.4.3-4.4.4":2.56862928362,"50":null},"op_mob":{"10":0,"11":0,"11.1":0,"11.5":0,"12":0,"12.1":0.0341683157895,"0":1.50340589474},"ie":{"5.5":null,"6":0.00719848051028,"7":0.00719848051028,"8":0.449905031892,"9":0.0719848051028,"10":0.788233615875,"11":3.75400758611},"bb":{"7":0.01443375,"10":null},"ie_mob":{"10":0.242603636364,"11":0.681156363636},"edge":{"12":0.157696,"13":0.361984,"14":null},"and_ff":{"0":1.096965},"and_uc":{"0":4.830495},"op_mini":{"5.0-8.0":21.1843557895},"and_chr":{"0":18.854329},"samsung":{"0":2.816185}},"total":96.16121175}