{"id":"GY","name":"Guyana","month":"2016-06","access_date":"2016-07-06","data":{"firefox":{"2":null,"3":0.035042,"3.5":null,"3.6":0.070084,"4":null,"5":null,"6":0.045054,"7":null,"8":null,"9":null,"10":null,"11":0.02503,"12":0.005006,"13":null,"14":null,"15":0.015018,"16":null,"17":null,"18":null,"19":null,"20":null,"21":null,"22":0.005006,"23":null,"24":0.02503,"25":0.020024,"26":null,"27":0.015018,"28":null,"29":0.015018,"30":0.145174,"31":0.005006,"32":null,"33":0.010012,"34":0.010012,"35":0.055066,"36":0.010012,"37":0.010012,"38":0.040048,"39":0.05006,"40":0.015018,"41":0.02503,"42":0.060072,"43":0.170204,"44":0.070084,"45":0.155186,"46":2.097514,"47":3.414092,"48":0.170204,"49":null,"50":0.005006},"chrome":{"4":null,"5":null,"6":0.005006,"7":null,"8":0.005006,"9":0.010012,"10":0.02503,"11":0.05006,"12":0.010012,"13":0.005006,"14":null,"15":null,"16":null,"17":null,"18":0.010012,"19":null,"20":0.005006,"21":0.010012,"22":0.05006,"23":0.010012,"24":null,"25":null,"26":0.020024,"27":0.010012,"28":0.015018,"29":1.071284,"30":null,"31":0.015018,"32":0.030036,"33":0.095114,"34":0.055066,"35":0.030036,"36":0.10012,"37":0.010012,"38":0.040048,"39":0.05006,"40":0.020024,"41":0.030036,"42":0.030036,"43":0.420504,"44":0.115138,"45":0.570684,"46":0.035042,"47":0.190228,"48":0.245294,"49":1.096314,"50":6.512806,"51":16.449716,"52":0.090108,"53":0.10012,"54":null},"opera":{"9":null,"9.5-9.6":null,"10.0-10.1":0,"10.5":null,"10.6":null,"11":null,"11.1":null,"11.5":null,"11.6":null,"12":null,"12.1":0.020024,"15":null,"16":null,"17":null,"18":null,"19":null,"20":null,"21":null,"22":null,"23":null,"24":null,"25":null,"26":null,"27":0.10012,"28":null,"29":0.370444,"30":0.010012,"31":null,"32":null,"33":0.120144,"34":0.015018,"35":0.035042,"36":0.030036,"37":0.315378,"38":0.330396,"39":null,"40":null},"safari":{"3.1":null,"3.2":null,"4":0.015018,"5":0.02503,"5.1":0.085102,"6":0.015018,"6.1":0.005006,"7":null,"7.1":0.030036,"8":0.030036,"9":0.07509,"9.1":0.370444,"10":null,"0":null},"ios_saf":{"3.2":0,"4.0-4.1":0,"4.2-4.3":0,"5.0-5.1":0,"6.0-6.1":0,"7.0-7.1":0.105914438138,"8":0,"8.1-8.4":0.212244227015,"9.0-9.2":0.458131863791,"9.3":3.24887347106},"android":{"2.1":0,"2.2":0,"2.3":0.0263746541398,"3":0,"4":0.173633139753,"4.1":0.606617045214,"4.2-4.3":1.28136861362,"4.4":3.37815361773,"4.4.3-4.4.4":2.01985892954,"50":null},"op_mob":{"10":0,"11":0,"11.1":0,"11.5":0,"12":0,"12.1":0.0050766075188,"0":0.223370730827},"ie":{"5.5":null,"6":0.00507925853659,"7":0.0203170341463,"8":0.43173697561,"9":0.182853307317,"10":0.436816234146,"11":3.08818919024},"bb":{"7":0.7952945,"10":null},"ie_mob":{"10":0.253130222222,"11":0.710711777778},"edge":{"12":0.445534,"13":1.697034,"14":null},"and_ff":{"0":0.369556},"and_uc":{"0":3.19616},"op_mini":{"5.0-8.0":3.14749666165},"and_chr":{"0":29.480116},"samsung":{"0":4.000194}},"total":96.4335045}