{"id":"HK","name":"Hong Kong","month":"2016-06","access_date":"2016-07-06","data":{"firefox":{"2":null,"3":null,"3.5":null,"3.6":0.012994,"4":0.012994,"5":0.006497,"6":null,"7":null,"8":null,"9":null,"10":null,"11":0.012994,"12":0.012994,"13":null,"14":0.006497,"15":0.006497,"16":0.019491,"17":0.012994,"18":null,"19":null,"20":null,"21":0.012994,"22":null,"23":null,"24":null,"25":null,"26":null,"27":null,"28":0.012994,"29":0.006497,"30":0.045479,"31":0.019491,"32":0.006497,"33":0.045479,"34":0.06497,"35":0.032485,"36":0.019491,"37":0.025988,"38":0.136437,"39":0.071467,"40":0.051976,"41":0.038982,"42":0.103952,"43":0.155928,"44":0.103952,"45":0.207904,"46":2.195986,"47":3.696793,"48":0.032485,"49":null,"50":null},"chrome":{"4":null,"5":null,"6":null,"7":null,"8":null,"9":null,"10":null,"11":0.025988,"12":null,"13":null,"14":null,"15":null,"16":null,"17":null,"18":null,"19":null,"20":null,"21":0.012994,"22":0.012994,"23":null,"24":0.025988,"25":0.038982,"26":0.012994,"27":0.006497,"28":null,"29":0.344341,"30":0.012994,"31":0.058473,"32":0.012994,"33":0.058473,"34":0.038982,"35":0.038982,"36":0.051976,"37":0.032485,"38":0.045479,"39":0.058473,"40":0.045479,"41":0.06497,"42":0.181916,"43":0.220898,"44":0.207904,"45":0.961556,"46":0.19491,"47":0.344341,"48":0.415808,"49":3.267991,"50":9.102297,"51":22.47962,"52":0.123443,"53":0.090958,"54":null},"opera":{"9":null,"9.5-9.6":null,"10.0-10.1":0,"10.5":null,"10.6":null,"11":null,"11.1":null,"11.5":null,"11.6":null,"12":null,"12.1":0.025988,"15":null,"16":null,"17":null,"18":null,"19":null,"20":null,"21":null,"22":null,"23":null,"24":null,"25":null,"26":null,"27":null,"28":0.012994,"29":null,"30":null,"31":null,"32":null,"33":null,"34":null,"35":null,"36":0.012994,"37":0.097455,"38":0.142934,"39":null,"40":null},"safari":{"3.1":null,"3.2":null,"4":0.012994,"5":0.058473,"5.1":0.142934,"6":0.045479,"6.1":0.110449,"7":0.12994,"7.1":0.058473,"8":0.526257,"9":0.734161,"9.1":2.579309,"10":null,"0":null},"ios_saf":{"3.2":0,"4.0-4.1":0,"4.2-4.3":0,"5.0-5.1":0,"6.0-6.1":0,"7.0-7.1":0.331462635435,"8":0,"8.1-8.4":0.664225124342,"9.0-9.2":1.43373837994,"9.3":10.1674538603},"android":{"2.1":0,"2.2":0,"2.3":0.00818491603053,"3":0,"4":0.0538840305344,"4.1":0.188253068702,"4.2-4.3":0.397650503817,"4.4":1.04835132824,"4.4.3-4.4.4":0.626828152672,"50":null},"op_mob":{"10":0,"11":0,"11.1":0,"11.5":0,"12":0,"12.1":0.000179151879699,"0":0.00788268270677},"ie":{"5.5":null,"6":0.0264569021513,"7":0.072756480916,"8":0.806935515614,"9":0.582051847328,"10":0.476224238723,"11":7.56005978973},"bb":{"7":0.01314,"10":null},"ie_mob":{"10":0.034048969697,"11":0.095599030303},"edge":{"12":0.136437,"13":1.9491,"14":null},"and_ff":{"0":0.038544},"and_uc":{"0":0.452016},"op_mini":{"5.0-8.0":0.111074165414},"and_chr":{"0":17.052362},"samsung":{"0":4.040112}},"total":98.8502047745}