{"id":"HN","name":"Honduras","month":"2016-06","access_date":"2016-07-06","data":{"firefox":{"2":null,"3":0.016617,"3.5":null,"3.6":0.011078,"4":null,"5":null,"6":0.077546,"7":null,"8":null,"9":null,"10":null,"11":null,"12":0.027695,"13":null,"14":null,"15":null,"16":0.044312,"17":0.011078,"18":null,"19":null,"20":0.005539,"21":0.011078,"22":null,"23":0.011078,"24":null,"25":0.005539,"26":null,"27":null,"28":0.005539,"29":0.011078,"30":0.011078,"31":0.011078,"32":null,"33":0.016617,"34":0.011078,"35":0.016617,"36":0.022156,"37":0.022156,"38":0.05539,"39":0.044312,"40":0.022156,"41":0.060929,"42":0.138475,"43":0.188326,"44":0.066468,"45":0.149553,"46":2.115898,"47":3.605889,"48":0.066468,"49":0.011078,"50":null},"chrome":{"4":null,"5":null,"6":null,"7":null,"8":null,"9":0.005539,"10":null,"11":0.033234,"12":null,"13":null,"14":null,"15":null,"16":null,"17":null,"18":0.027695,"19":null,"20":null,"21":null,"22":0.038773,"23":null,"24":null,"25":null,"26":0.022156,"27":0.005539,"28":0.005539,"29":0.736687,"30":0.011078,"31":0.116319,"32":0.027695,"33":0.027695,"34":0.038773,"35":0.033234,"36":0.05539,"37":0.027695,"38":0.066468,"39":0.094163,"40":0.060929,"41":0.038773,"42":0.022156,"43":0.116319,"44":0.121858,"45":0.11078,"46":0.260333,"47":0.249255,"48":0.393269,"49":2.392848,"50":8.397124,"51":23.961714,"52":0.099702,"53":0.033234,"54":null},"opera":{"9":null,"9.5-9.6":null,"10.0-10.1":0,"10.5":null,"10.6":null,"11":null,"11.1":null,"11.5":null,"11.6":null,"12":null,"12.1":0.027695,"15":null,"16":null,"17":null,"18":null,"19":null,"20":null,"21":null,"22":null,"23":null,"24":null,"25":null,"26":null,"27":0.016617,"28":0.011078,"29":0.16617,"30":null,"31":0.011078,"32":null,"33":0.049851,"34":0.011078,"35":0.027695,"36":0.083085,"37":0.271411,"38":0.38773,"39":null,"40":null},"safari":{"3.1":null,"3.2":null,"4":0.011078,"5":0.022156,"5.1":0.033234,"6":0.005539,"6.1":0.077546,"7":0.044312,"7.1":0.011078,"8":0.121858,"9":0.409886,"9.1":1.235197,"10":null,"0":null},"ios_saf":{"3.2":0,"4.0-4.1":0,"4.2-4.3":0,"5.0-5.1":0,"6.0-6.1":0,"7.0-7.1":0.119143362398,"8":0,"8.1-8.4":0.238753953668,"9.0-9.2":0.515353445981,"9.3":3.65466423795},"android":{"2.1":0,"2.2":0,"2.3":0.0338386365238,"3":0,"4":0.222771023782,"4.1":0.778288640047,"4.2-4.3":1.64399375778,"4.4":4.33416536142,"4.4.3-4.4.4":2.59147558045,"50":null},"op_mob":{"10":0,"11":0,"11.1":0,"11.5":0,"12":0,"12.1":0.00342121804511,"0":0.150533593985},"ie":{"5.5":null,"6":0.067614,"7":0.0056345,"8":0.3211665,"9":0.2422835,"10":0.304263,"11":2.0002475},"bb":{"7":0.129369,"10":null},"ie_mob":{"10":0.148790121212,"11":0.417756878788},"edge":{"12":0.249255,"13":0.792077,"14":null},"and_ff":{"0":0.017844},"and_uc":{"0":1.128633},"op_mini":{"5.0-8.0":2.12115518797},"and_chr":{"0":26.030933},"samsung":{"0":2.886267}},"total":98.690929}