{"id":"HR","name":"Croatia","month":"2016-06","access_date":"2016-07-06","data":{"firefox":{"2":null,"3":null,"3.5":null,"3.6":0.025756,"4":null,"5":null,"6":null,"7":null,"8":null,"9":null,"10":null,"11":0.012878,"12":0.012878,"13":null,"14":null,"15":null,"16":0.012878,"17":null,"18":0.012878,"19":null,"20":0.012878,"21":null,"22":0.025756,"23":null,"24":0.006439,"25":null,"26":0.012878,"27":null,"28":0.012878,"29":0.006439,"30":0.012878,"31":0.019317,"32":0.012878,"33":0.019317,"34":0.025756,"35":0.032195,"36":0.019317,"37":0.057951,"38":0.103024,"39":0.122341,"40":0.06439,"41":0.077268,"42":0.090146,"43":0.231804,"44":0.135219,"45":0.302633,"46":3.225939,"47":8.789235,"48":0.096585,"49":0.006439,"50":null},"chrome":{"4":null,"5":null,"6":null,"7":null,"8":null,"9":null,"10":null,"11":0.025756,"12":null,"13":null,"14":null,"15":null,"16":null,"17":null,"18":0.012878,"19":null,"20":null,"21":null,"22":0.070829,"23":null,"24":null,"25":null,"26":0.077268,"27":null,"28":null,"29":0.173853,"30":0.006439,"31":0.045073,"32":0.012878,"33":0.057951,"34":0.109463,"35":0.032195,"36":0.032195,"37":0.038634,"38":0.057951,"39":0.090146,"40":0.051512,"41":0.025756,"42":0.025756,"43":0.180292,"44":0.096585,"45":0.109463,"46":0.090146,"47":0.186731,"48":0.180292,"49":2.730136,"50":6.529146,"51":28.576282,"52":0.096585,"53":0.090146,"54":null},"opera":{"9":null,"9.5-9.6":null,"10.0-10.1":0,"10.5":null,"10.6":null,"11":null,"11.1":null,"11.5":null,"11.6":null,"12":null,"12.1":0.109463,"15":null,"16":null,"17":null,"18":null,"19":null,"20":null,"21":null,"22":null,"23":null,"24":null,"25":null,"26":null,"27":null,"28":0.032195,"29":null,"30":null,"31":null,"32":null,"33":0.006439,"34":0.012878,"35":0.025756,"36":0.115902,"37":0.373462,"38":1.101069,"39":null,"40":null},"safari":{"3.1":null,"3.2":null,"4":0,"5":0.019317,"5.1":0.032195,"6":null,"6.1":0.038634,"7":0.006439,"7.1":null,"8":0.06439,"9":0.148097,"9.1":0.51512,"10":null,"0":null},"ios_saf":{"3.2":0,"4.0-4.1":0,"4.2-4.3":0,"5.0-5.1":0,"6.0-6.1":0,"7.0-7.1":0.14640183882,"8":0,"8.1-8.4":0.293377802497,"9.0-9.2":0.633259718502,"9.3":4.49080464018},"android":{"2.1":0,"2.2":0,"2.3":0.012135480916,"3":0,"4":0.0798919160305,"4.1":0.279116061069,"4.2-4.3":0.589582114504,"4.4":1.55435284733,"4.4.3-4.4.4":0.929375580153,"50":null},"op_mob":{"10":0,"11":0,"11.1":0,"11.5":0,"12":0,"12.1":0.000653479699248,"0":0.0287531067669},"ie":{"5.5":null,"6":0.00645931230284,"7":0.0129186246057,"8":0.206697993691,"9":0.180860744479,"10":0.200238681388,"11":3.48802864353},"bb":{"7":0.008905,"10":null},"ie_mob":{"10":0.293739070707,"11":0.824728929293},"edge":{"12":0.12878,"13":1.171898,"14":0.006439},"and_ff":{"0":0.028496},"and_uc":{"0":0.078364},"op_mini":{"5.0-8.0":0.405157413534},"and_chr":{"0":23.29274},"samsung":{"0":2.860286}},"total":98.245303}