{"id":"HT","name":"Haiti","month":"2016-06","access_date":"2016-07-06","data":{"firefox":{"2":0.002269,"3":0.052187,"3.5":0.004538,"3.6":0.061263,"4":0.006807,"5":0.004538,"6":0.015883,"7":0.002269,"8":0.002269,"9":0.004538,"10":0.013614,"11":0.011345,"12":0.011345,"13":0.004538,"14":0.015883,"15":0.004538,"16":0.004538,"17":0.004538,"18":0.002269,"19":0.013614,"20":0.013614,"21":0.142947,"22":0.031766,"23":0.024959,"24":0.024959,"25":0.034035,"26":0.004538,"27":0.020421,"28":0.024959,"29":0.027228,"30":0.020421,"31":0.034035,"32":0.009076,"33":0.031766,"34":0.040842,"35":0.009076,"36":0.027228,"37":0.190596,"38":0.063532,"39":0.011345,"40":0.024959,"41":0.02269,"42":0.027228,"43":0.167906,"44":0.127064,"45":0.213286,"46":0.977939,"47":1.445353,"48":0.024959,"49":null,"50":null},"chrome":{"4":null,"5":null,"6":null,"7":null,"8":null,"9":null,"10":0.006807,"11":0.09076,"12":0.038573,"13":0.002269,"14":0.004538,"15":0.004538,"16":0.004538,"17":0.004538,"18":0.006807,"19":null,"20":null,"21":0.002269,"22":null,"23":0.011345,"24":0.004538,"25":0.018152,"26":null,"27":0.052187,"28":0.024959,"29":0.063532,"30":0.018152,"31":0.034035,"32":0.029497,"33":0.036304,"34":0.029497,"35":0.036304,"36":0.070339,"37":0.043111,"38":0.009076,"39":0.027228,"40":0.013614,"41":0.367578,"42":0.031766,"43":0.072608,"44":0.031766,"45":0.285894,"46":0.029497,"47":0.129333,"48":0.115719,"49":0.535484,"50":2.416485,"51":6.001505,"52":0.052187,"53":0.013614,"54":null},"opera":{"9":null,"9.5-9.6":null,"10.0-10.1":0,"10.5":null,"10.6":0.015883,"11":0.006807,"11.1":null,"11.5":0.009076,"11.6":0.034035,"12":0.04538,"12.1":0.054456,"15":null,"16":null,"17":null,"18":null,"19":null,"20":0.009076,"21":null,"22":null,"23":null,"24":0.006807,"25":null,"26":null,"27":0.029497,"28":0.217824,"29":0.238245,"30":0.018152,"31":0.004538,"32":0.015883,"33":0.036304,"34":0.011345,"35":0.040842,"36":0.036304,"37":0.215555,"38":0.329005,"39":null,"40":null},"safari":{"3.1":null,"3.2":0.004538,"4":0,"5":0.034035,"5.1":0.040842,"6":0.009076,"6.1":0.024959,"7":0.015883,"7.1":0.006807,"8":0.093029,"9":0.179251,"9.1":0.503718,"10":null,"0":null},"ios_saf":{"3.2":0,"4.0-4.1":0,"4.2-4.3":0,"5.0-5.1":0,"6.0-6.1":0,"7.0-7.1":0.101700030957,"8":0,"8.1-8.4":0.203798885564,"9.0-9.2":0.439902486843,"9.3":3.11959859664},"android":{"2.1":0,"2.2":0,"2.3":0.0528617615972,"3":0,"4":0.348006597181,"4.1":1.21582051674,"4.2-4.3":2.56820058426,"4.4":6.77071063124,"4.4.3-4.4.4":4.04832990898,"50":null},"op_mob":{"10":0,"11":0,"11.1":0,"11.5":0,"12":0,"12.1":0.037801443609,"0":1.6632635188},"ie":{"5.5":null,"6":0.00455999353796,"7":0.00683999030695,"8":0.38075946042,"9":0.168719760905,"10":0.319199547658,"11":1.9402772504},"bb":{"7":0.3768375,"10":null},"ie_mob":{"10":0.789709292929,"11":2.21726070707},"edge":{"12":0.183789,"13":0.517332,"14":null},"and_ff":{"0":0.16233},"and_uc":{"0":4.11236},"op_mini":{"5.0-8.0":23.4368950376},"and_chr":{"0":24.255621},"samsung":{"0":0.98944}},"total":97.5515305032}