{"id":"HU","name":"Hungary","month":"2016-06","access_date":"2016-07-06","data":{"firefox":{"2":null,"3":0.008179,"3.5":null,"3.6":0.024537,"4":null,"5":null,"6":0.016358,"7":null,"8":null,"9":0.008179,"10":null,"11":null,"12":0.024537,"13":null,"14":null,"15":0.016358,"16":0.008179,"17":0.008179,"18":0.008179,"19":0.016358,"20":0.008179,"21":null,"22":null,"23":0.008179,"24":0.016358,"25":null,"26":0.016358,"27":0.016358,"28":0.016358,"29":0.008179,"30":0.024537,"31":0.040895,"32":0.016358,"33":0.024537,"34":0.024537,"35":0.049074,"36":0.024537,"37":0.040895,"38":0.130864,"39":0.073611,"40":0.057253,"41":0.08179,"42":2.674533,"43":4.41666,"44":2.093824,"45":0.368055,"46":8.457086,"47":9.683936,"48":0.040895,"49":null,"50":null},"chrome":{"4":0.049074,"5":null,"6":null,"7":0.008179,"8":null,"9":null,"10":null,"11":0.016358,"12":0.008179,"13":null,"14":null,"15":null,"16":0.008179,"17":null,"18":null,"19":null,"20":null,"21":null,"22":0.040895,"23":null,"24":null,"25":null,"26":0.032716,"27":0.008179,"28":null,"29":0.318981,"30":null,"31":0.024537,"32":0.008179,"33":0.024537,"34":0.065432,"35":0.024537,"36":0.016358,"37":0.049074,"38":0.032716,"39":0.049074,"40":0.040895,"41":0.024537,"42":0.024537,"43":0.073611,"44":0.049074,"45":0.073611,"46":0.057253,"47":2.870829,"48":0.16358,"49":3.410643,"50":8.874215,"51":22.345028,"52":0.106327,"53":0.049074,"54":null},"opera":{"9":null,"9.5-9.6":null,"10.0-10.1":0,"10.5":null,"10.6":null,"11":null,"11.1":null,"11.5":null,"11.6":0.008179,"12":0.008179,"12.1":4.621135,"15":null,"16":null,"17":null,"18":null,"19":null,"20":null,"21":null,"22":null,"23":null,"24":null,"25":null,"26":null,"27":null,"28":0.008179,"29":null,"30":null,"31":null,"32":0.008179,"33":0.008179,"34":0.008179,"35":0.024537,"36":0.16358,"37":0.507098,"38":0.973301,"39":0.016358,"40":null},"safari":{"3.1":null,"3.2":null,"4":0,"5":0.008179,"5.1":0.032716,"6":null,"6.1":0.024537,"7":0.016358,"7.1":null,"8":0.08179,"9":0.130864,"9.1":0.687036,"10":null,"0":null},"ios_saf":{"3.2":0,"4.0-4.1":0,"4.2-4.3":0,"5.0-5.1":0,"6.0-6.1":0,"7.0-7.1":0.0777199267361,"8":0,"8.1-8.4":0.155744637499,"9.0-9.2":0.336176781137,"9.3":2.38402065463},"android":{"2.1":0,"2.2":0,"2.3":0.00569717439812,"3":0,"4":0.037506398121,"4.1":0.131035011157,"4.2-4.3":0.276787722842,"4.4":0.729713087493,"4.4.3-4.4.4":0.436308605989,"50":null},"op_mob":{"10":0,"11":0,"11.1":0,"11.5":0,"12":0,"12.1":0.00107069323308,"0":0.0471105022556},"ie":{"5.5":null,"6":0.0082155950783,"7":0.0082155950783,"8":0.221821067114,"9":0.254683447427,"10":0.172527496644,"11":3.00690779866},"bb":{"7":0.012747,"10":null},"ie_mob":{"10":0.278815333333,"11":0.782827666667},"edge":{"12":0.106327,"13":1.071449,"14":null},"and_ff":{"0":0.020031},"and_uc":{"0":0.085587},"op_mini":{"5.0-8.0":0.663829804511},"and_chr":{"0":11.000963},"samsung":{"0":1.200039}},"total":98.351728}