{"id":"ID","name":"Indonesia","month":"2016-06","access_date":"2016-07-06","data":{"firefox":{"2":null,"3":0.192165,"3.5":0.00557,"3.6":0.041775,"4":0.02228,"5":0.01114,"6":0.025065,"7":0.008355,"8":0.01114,"9":0.013925,"10":0.02228,"11":0.025065,"12":0.0557,"13":0.025065,"14":0.02228,"15":0.025065,"16":0.036205,"17":0.025065,"18":0.02228,"19":0.02228,"20":0.02785,"21":0.02785,"22":0.019495,"23":0.02785,"24":0.03342,"25":0.036205,"26":0.03342,"27":0.03342,"28":0.03342,"29":0.086335,"30":0.091905,"31":0.064055,"32":0.064055,"33":0.07798,"34":0.142035,"35":0.130895,"36":0.14482,"37":0.17267,"38":0.197735,"39":0.19495,"40":0.186595,"41":0.203305,"42":0.18938,"43":0.71296,"44":0.38433,"45":0.453955,"46":2.409025,"47":3.645565,"48":0.41218,"49":0.00557,"50":null},"chrome":{"4":0.008355,"5":0.01114,"6":0.019495,"7":0.008355,"8":0.002785,"9":0.00557,"10":0.013925,"11":0.03899,"12":0.01114,"13":0.00557,"14":0.01114,"15":0.008355,"16":0.008355,"17":0.00557,"18":0.008355,"19":0.00557,"20":0.00557,"21":0.01114,"22":0.008355,"23":0.01114,"24":0.008355,"25":0.01114,"26":0.019495,"27":0.01114,"28":0.01671,"29":0.20609,"30":0.02228,"31":0.18381,"32":0.02228,"33":0.069625,"34":0.02228,"35":0.019495,"36":0.025065,"37":0.041775,"38":0.030635,"39":0.05013,"40":0.04456,"41":0.02785,"42":0.04456,"43":0.34534,"44":0.119755,"45":0.12811,"46":0.21723,"47":0.203305,"48":0.392685,"49":0.98589,"50":2.48979,"51":6.697925,"52":0.04456,"53":0.064055,"54":null},"opera":{"9":null,"9.5-9.6":null,"10.0-10.1":0,"10.5":null,"10.6":0.002785,"11":null,"11.1":null,"11.5":null,"11.6":0.002785,"12":0.002785,"12.1":0.025065,"15":null,"16":null,"17":null,"18":0.002785,"19":null,"20":0.002785,"21":null,"22":null,"23":null,"24":null,"25":null,"26":null,"27":null,"28":0.002785,"29":0.002785,"30":0.00557,"31":null,"32":0.00557,"33":0.008355,"34":0.075195,"35":0.01671,"36":0.030635,"37":0.12811,"38":0.17824,"39":null,"40":null},"safari":{"3.1":null,"3.2":null,"4":0,"5":0.008355,"5.1":0.02785,"6":0.008355,"6.1":0.008355,"7":0.01671,"7.1":0.01671,"8":0.086335,"9":0.103045,"9.1":0.292425,"10":null,"0":null},"ios_saf":{"3.2":0,"4.0-4.1":0,"4.2-4.3":0,"5.0-5.1":0,"6.0-6.1":0,"7.0-7.1":0.0525954143019,"8":0,"8.1-8.4":0.105397085131,"9.0-9.2":0.227500948922,"9.3":1.61333855165},"android":{"2.1":0,"2.2":0,"2.3":0.0131438825602,"3":0,"4":0.0865305601879,"4.1":0.302309298884,"4.2-4.3":0.638573627716,"4.4":1.68351229125,"4.4.3-4.4.4":1.0066023394,"50":null},"op_mob":{"10":0,"11":0,"11.1":0,"11.5":0,"12":0,"12.1":0.0139979548872,"0":0.615910015038},"ie":{"5.5":null,"6":0.0257777488152,"7":0.00859258293839,"8":0.209086184834,"9":0.0429629146919,"10":0.0515554976303,"11":0.263505876777},"bb":{"7":0.584496,"10":null},"ie_mob":{"10":0.0758044444444,"11":0.212835555556},"edge":{"12":0.036205,"13":0.125325,"14":null},"and_ff":{"0":0.050512},"and_uc":{"0":40.799264},"op_mini":{"5.0-8.0":8.67873203008},"and_chr":{"0":13.075315},"samsung":{"0":1.55144}},"total":96.8426318057}