{"id":"IE","name":"Ireland","month":"2016-06","access_date":"2016-07-06","data":{"firefox":{"2":null,"3":0.005201,"3.5":0.026005,"3.6":0.010402,"4":null,"5":null,"6":0.005201,"7":null,"8":null,"9":null,"10":0.166432,"11":null,"12":null,"13":null,"14":null,"15":null,"16":0.036407,"17":null,"18":null,"19":null,"20":0.005201,"21":null,"22":null,"23":null,"24":null,"25":null,"26":null,"27":null,"28":0.005201,"29":0.010402,"30":0.005201,"31":0.010402,"32":0.005201,"33":0.010402,"34":0.010402,"35":0.015603,"36":0.010402,"37":0.015603,"38":0.067613,"39":0.041608,"40":0.026005,"41":0.041608,"42":0.046809,"43":0.114422,"44":0.093618,"45":0.197638,"46":2.049194,"47":3.911152,"48":0.036407,"49":0.005201,"50":null},"chrome":{"4":null,"5":null,"6":null,"7":null,"8":null,"9":null,"10":null,"11":0.036407,"12":null,"13":null,"14":null,"15":null,"16":null,"17":null,"18":null,"19":null,"20":null,"21":0.005201,"22":0.031206,"23":null,"24":null,"25":null,"26":0.015603,"27":null,"28":null,"29":1.128617,"30":null,"31":0.020804,"32":0.015603,"33":0.166432,"34":0.031206,"35":0.046809,"36":0.020804,"37":0.031206,"38":0.036407,"39":0.088417,"40":0.145628,"41":0.026005,"42":0.026005,"43":0.083216,"44":0.109221,"45":0.280854,"46":0.124824,"47":0.228844,"48":0.202839,"49":2.142812,"50":7.192983,"51":19.576564,"52":0.078015,"53":0.046809,"54":null},"opera":{"9":null,"9.5-9.6":null,"10.0-10.1":0,"10.5":null,"10.6":null,"11":null,"11.1":null,"11.5":null,"11.6":null,"12":null,"12.1":0.036407,"15":null,"16":null,"17":null,"18":null,"19":null,"20":null,"21":null,"22":null,"23":null,"24":null,"25":null,"26":null,"27":null,"28":null,"29":null,"30":0.005201,"31":null,"32":null,"33":null,"34":null,"35":0.005201,"36":0.031206,"37":0.140427,"38":0.249648,"39":null,"40":null},"safari":{"3.1":null,"3.2":null,"4":0.020804,"5":0.067613,"5.1":0.150829,"6":0.020804,"6.1":0.109221,"7":0.046809,"7.1":0.026005,"8":0.31206,"9":0.462889,"9.1":1.929571,"10":null,"0":null},"ios_saf":{"3.2":0,"4.0-4.1":0,"4.2-4.3":0,"5.0-5.1":0,"6.0-6.1":0,"7.0-7.1":0.494016754721,"8":0,"8.1-8.4":0.989970830048,"9.0-9.2":2.13686462924,"9.3":15.153721786},"android":{"2.1":0,"2.2":0,"2.3":0.0075393118027,"3":0,"4":0.0496338027011,"4.1":0.173404171462,"4.2-4.3":0.366284898415,"4.4":0.965660186729,"4.4.3-4.4.4":0.57738562889,"50":null},"op_mob":{"10":0,"11":0,"11.1":0,"11.5":0,"12":0,"12.1":0.000288601503759,"0":0.0126984661654},"ie":{"5.5":null,"6":0.0104927151163,"7":0.0157390726744,"8":0.262317877907,"9":0.566606616279,"10":0.299042380814,"11":4.26004233721},"bb":{"7":0.0083965,"10":null},"ie_mob":{"10":0.257056484848,"11":0.721735515152},"edge":{"12":0.176834,"13":1.773541,"14":null},"and_ff":{"0":0.033586},"and_uc":{"0":0.052778},"op_mini":{"5.0-8.0":0.178932932331},"and_chr":{"0":22.423198},"samsung":{"0":3.967946}},"total":98.4746935}