{"id":"IL","name":"Israel","month":"2016-06","access_date":"2016-07-06","data":{"firefox":{"2":null,"3":0.006744,"3.5":null,"3.6":0.026976,"4":0.006744,"5":null,"6":0.040464,"7":null,"8":null,"9":0.087672,"10":null,"11":0.013488,"12":null,"13":null,"14":null,"15":null,"16":0.013488,"17":null,"18":null,"19":null,"20":null,"21":null,"22":null,"23":null,"24":0.013488,"25":0.026976,"26":0.060696,"27":0.013488,"28":0.006744,"29":0.006744,"30":0.006744,"31":0.013488,"32":null,"33":0.020232,"34":0.053952,"35":0.013488,"36":0.020232,"37":0.026976,"38":0.06744,"39":0.053952,"40":0.03372,"41":0.053952,"42":0.053952,"43":0.10116,"44":0.053952,"45":0.10116,"46":1.557864,"47":2.704344,"48":0.047208,"49":null,"50":null},"chrome":{"4":null,"5":null,"6":null,"7":null,"8":null,"9":null,"10":null,"11":0.047208,"12":0.006744,"13":null,"14":null,"15":null,"16":null,"17":null,"18":0.013488,"19":null,"20":null,"21":0.013488,"22":0.040464,"23":null,"24":0.006744,"25":null,"26":0.020232,"27":0.013488,"28":0.006744,"29":0.768816,"30":0.020232,"31":0.128136,"32":0.026976,"33":0.020232,"34":0.03372,"35":0.053952,"36":0.040464,"37":0.040464,"38":0.080928,"39":0.107904,"40":0.053952,"41":0.047208,"42":0.03372,"43":0.20232,"44":0.087672,"45":0.121392,"46":0.161856,"47":0.249528,"48":0.316968,"49":3.129216,"50":11.795256,"51":30.428928,"52":0.188832,"53":0.141624,"54":null},"opera":{"9":null,"9.5-9.6":0.006744,"10.0-10.1":0,"10.5":null,"10.6":null,"11":null,"11.1":null,"11.5":null,"11.6":null,"12":null,"12.1":0.047208,"15":null,"16":null,"17":null,"18":null,"19":null,"20":null,"21":null,"22":null,"23":null,"24":null,"25":null,"26":null,"27":null,"28":null,"29":null,"30":null,"31":null,"32":null,"33":null,"34":0.013488,"35":null,"36":0.026976,"37":0.107904,"38":0.1686,"39":null,"40":null},"safari":{"3.1":null,"3.2":null,"4":0.020232,"5":0.026976,"5.1":0.080928,"6":0.020232,"6.1":0.060696,"7":0.040464,"7.1":0.013488,"8":0.128136,"9":0.23604,"9.1":1.018344,"10":null,"0":null},"ios_saf":{"3.2":0,"4.0-4.1":0,"4.2-4.3":0,"5.0-5.1":0,"6.0-6.1":0,"7.0-7.1":0.226782701476,"8":0,"8.1-8.4":0.454454746879,"9.0-9.2":0.980946351873,"9.3":6.95644819977},"android":{"2.1":0,"2.2":0,"2.3":0.00663053904874,"3":0,"4":0.0436510487375,"4.1":0.152502398121,"4.2-4.3":0.322133688784,"4.4":0.849261543159,"4.4.3-4.4.4":0.507788782149,"50":null},"op_mob":{"10":0,"11":0,"11.1":0,"11.5":0,"12":0,"12.1":0.000230123308271,"0":0.0101254255639},"ie":{"5.5":null,"6":0.0136150273973,"7":0.0204225410959,"8":0.592253691781,"9":0.469718445205,"10":0.469718445205,"11":6.38544784932},"bb":{"7":0.007326,"10":null},"ie_mob":{"10":0.0342044444444,"11":0.0960355555556},"edge":{"12":0.13488,"13":1.847856,"14":0.006744},"and_ff":{"0":0.022792},"and_uc":{"0":0.09768},"op_mini":{"5.0-8.0":0.142676451128},"and_chr":{"0":19.195664},"samsung":{"0":3.356936}},"total":99.177806}