{"id":"IM","name":"Isle of Man","month":"2016-06","access_date":"2016-07-06","data":{"firefox":{"2":null,"3":null,"3.5":null,"3.6":null,"4":null,"5":null,"6":null,"7":null,"8":null,"9":null,"10":0.006624,"11":null,"12":null,"13":null,"14":null,"15":null,"16":null,"17":null,"18":null,"19":null,"20":null,"21":null,"22":null,"23":null,"24":0.006624,"25":null,"26":0.013248,"27":null,"28":null,"29":null,"30":null,"31":null,"32":0.013248,"33":null,"34":null,"35":null,"36":null,"37":null,"38":0.03312,"39":0.251712,"40":null,"41":0.006624,"42":0.03312,"43":0.046368,"44":0.052992,"45":0.145728,"46":2.000448,"47":3.166272,"48":0.013248,"49":null,"50":null},"chrome":{"4":null,"5":null,"6":null,"7":null,"8":null,"9":null,"10":null,"11":0.019872,"12":null,"13":null,"14":null,"15":null,"16":null,"17":null,"18":null,"19":null,"20":null,"21":null,"22":null,"23":null,"24":null,"25":null,"26":null,"27":null,"28":null,"29":1.020096,"30":null,"31":null,"32":0.03312,"33":0.019872,"34":0.013248,"35":null,"36":0.039744,"37":null,"38":0.006624,"39":0.006624,"40":0.019872,"41":0.013248,"42":null,"43":0.072864,"44":0.019872,"45":0.052992,"46":0.019872,"47":0.052992,"48":0.06624,"49":2.225664,"50":14.2416,"51":18.110016,"52":0.039744,"53":0.013248,"54":null},"opera":{"9":null,"9.5-9.6":null,"10.0-10.1":0,"10.5":null,"10.6":null,"11":null,"11.1":null,"11.5":null,"11.6":null,"12":null,"12.1":0.019872,"15":null,"16":null,"17":null,"18":null,"19":null,"20":null,"21":null,"22":null,"23":null,"24":null,"25":null,"26":null,"27":null,"28":null,"29":null,"30":null,"31":null,"32":null,"33":null,"34":null,"35":null,"36":0.03312,"37":0.06624,"38":0.105984,"39":null,"40":null},"safari":{"3.1":null,"3.2":null,"4":0.006624,"5":0.079488,"5.1":0.370944,"6":0.039744,"6.1":0.112608,"7":0.013248,"7.1":0.271584,"8":0.324576,"9":0.92736,"9.1":2.960928,"10":null,"0":null},"ios_saf":{"3.2":0,"4.0-4.1":0,"4.2-4.3":0,"5.0-5.1":0,"6.0-6.1":0,"7.0-7.1":0.462245822928,"8":0,"8.1-8.4":0.926304374574,"9.0-9.2":1.99943977526,"9.3":14.1791640272},"android":{"2.1":0,"2.2":0,"2.3":0.00372401996477,"3":0,"4":0.0245164647681,"4.1":0.0856524591897,"4.2-4.3":0.180925303288,"4.4":0.476984890487,"4.4.3-4.4.4":0.285197862302,"50":null},"op_mob":{"10":0,"11":0,"11.1":0,"11.5":0,"12":0,"12.1":0.000111720300752,"0":0.00491569323308},"ie":{"5.5":null,"6":null,"7":0.013248,"8":0.476928,"9":0.867744,"10":0.556416,"11":11.06208},"bb":{"7":0.01941775,"10":null},"ie_mob":{"10":0.277596222222,"11":0.779404777778},"edge":{"12":0.251712,"13":5.087232,"14":null},"and_ff":{"0":0.040524},"and_uc":{"0":0.074294},"op_mini":{"5.0-8.0":0.0692665864662},"and_chr":{"0":9.391434},"samsung":{"0":4.474525}},"total":99.30012475}