{"id":"IN","name":"India","month":"2016-06","access_date":"2016-07-06","data":{"firefox":{"2":null,"3":0.134228,"3.5":0.011672,"3.6":0.035016,"4":0.017508,"5":0.011672,"6":0.011672,"7":0.005836,"8":0.008754,"9":0.008754,"10":0.017508,"11":0.023344,"12":0.037934,"13":0.017508,"14":0.023344,"15":0.020426,"16":0.023344,"17":0.01459,"18":0.017508,"19":0.017508,"20":0.017508,"21":0.032098,"22":0.01459,"23":0.017508,"24":0.017508,"25":0.01459,"26":0.01459,"27":0.01459,"28":0.020426,"29":0.037934,"30":0.023344,"31":0.040852,"32":0.020426,"33":0.026262,"34":0.02918,"35":0.049606,"36":0.02918,"37":0.046688,"38":0.070032,"39":0.055442,"40":0.04377,"41":0.049606,"42":0.052524,"43":0.201342,"44":0.134228,"45":0.177998,"46":1.12343,"47":1.946306,"48":0.36475,"49":0.002918,"50":null},"chrome":{"4":0.008754,"5":0.011672,"6":0.01459,"7":0.008754,"8":0.011672,"9":0.005836,"10":0.01459,"11":0.023344,"12":0.023344,"13":0.008754,"14":0.01459,"15":0.008754,"16":0.011672,"17":0.01459,"18":0.023344,"19":0.017508,"20":0.01459,"21":0.011672,"22":0.020426,"23":0.020426,"24":0.01459,"25":0.026262,"26":0.017508,"27":0.032098,"28":0.055442,"29":0.090458,"30":0.040852,"31":0.21885,"32":0.026262,"33":0.107966,"34":0.023344,"35":0.026262,"36":0.02918,"37":0.026262,"38":0.035016,"39":0.037934,"40":0.08754,"41":0.05836,"42":0.023344,"43":0.08754,"44":0.078786,"45":0.08754,"46":0.16049,"47":0.137146,"48":0.23344,"49":1.978404,"50":3.915956,"51":11.158432,"52":0.137146,"53":0.151736,"54":null},"opera":{"9":null,"9.5-9.6":null,"10.0-10.1":0,"10.5":null,"10.6":0.002918,"11":null,"11.1":null,"11.5":0.002918,"11.6":0.005836,"12":0.008754,"12.1":0.020426,"15":null,"16":null,"17":null,"18":null,"19":null,"20":null,"21":null,"22":null,"23":null,"24":null,"25":null,"26":null,"27":null,"28":0.02918,"29":0.002918,"30":0.008754,"31":null,"32":0.008754,"33":0.005836,"34":0.035016,"35":0.011672,"36":0.032098,"37":0.110884,"38":0.17508,"39":null,"40":null},"safari":{"3.1":null,"3.2":null,"4":0,"5":0.008754,"5.1":0.011672,"6":null,"6.1":0.002918,"7":0.008754,"7.1":0.005836,"8":0.04377,"9":0.04377,"9.1":0.134228,"10":null,"0":null},"ios_saf":{"3.2":0,"4.0-4.1":0,"4.2-4.3":0,"5.0-5.1":0,"6.0-6.1":0,"7.0-7.1":0.043792059643,"8":0,"8.1-8.4":0.0877558528532,"9.0-9.2":0.189422124652,"9.3":1.34329996285},"android":{"2.1":0,"2.2":0,"2.3":0.0110284580153,"3":0,"4":0.0726040152672,"4.1":0.253654534351,"4.2-4.3":0.535799251908,"4.4":1.41256166412,"4.4.3-4.4.4":0.844596076336,"50":null},"op_mob":{"10":0,"11":0,"11.1":0,"11.5":0,"12":0,"12.1":0.0200532421053,"0":0.882342652632},"ie":{"5.5":null,"6":0.0206485054466,"7":0.0117991459695,"8":0.342175233115,"9":0.103242527233,"10":0.132740392157,"11":0.737446623094},"bb":{"7":0.0371805,"10":null},"ie_mob":{"10":0.252949010101,"11":0.710202989899},"edge":{"12":0.055442,"13":0.163408,"14":null},"and_ff":{"0":0.028328},"and_uc":{"0":33.951108},"op_mini":{"5.0-8.0":12.4330101053},"and_chr":{"0":15.59365},"samsung":{"0":1.572204}},"total":97.103570927}