{"id":"IQ","name":"Iraq","month":"2016-06","access_date":"2016-07-06","data":{"firefox":{"2":null,"3":null,"3.5":null,"3.6":0.020368,"4":0.002546,"5":0.01273,"6":0.028006,"7":null,"8":0.005092,"9":0.005092,"10":0.007638,"11":0.007638,"12":0.033098,"13":0.022914,"14":0.002546,"15":0.01273,"16":0.005092,"17":0.005092,"18":0.010184,"19":0.005092,"20":0.010184,"21":0.007638,"22":0.005092,"23":0.010184,"24":0.007638,"25":0.007638,"26":0.01273,"27":0.010184,"28":0.005092,"29":0.015276,"30":0.022914,"31":0.020368,"32":0.022914,"33":0.028006,"34":0.01273,"35":0.022914,"36":0.01273,"37":0.028006,"38":0.030552,"39":0.035644,"40":0.017822,"41":0.030552,"42":0.02546,"43":0.17822,"44":0.094202,"45":0.112024,"46":1.015854,"47":1.644716,"48":0.162944,"49":0.005092,"50":null},"chrome":{"4":0.002546,"5":0.010184,"6":0.02546,"7":null,"8":0.005092,"9":null,"10":0.005092,"11":0.033098,"12":0.005092,"13":0.022914,"14":0.020368,"15":0.015276,"16":0.005092,"17":0.005092,"18":0.010184,"19":0.007638,"20":0.005092,"21":0.010184,"22":0.017822,"23":0.010184,"24":0.015276,"25":0.015276,"26":0.01273,"27":0.01273,"28":0.015276,"29":0.129846,"30":0.033098,"31":0.053466,"32":0.022914,"33":0.137484,"34":0.05092,"35":0.028006,"36":0.01273,"37":0.01273,"38":0.112024,"39":0.053466,"40":0.071288,"41":0.033098,"42":0.043282,"43":1.657446,"44":0.106932,"45":0.463372,"46":0.1273,"47":0.22914,"48":0.28006,"49":0.42009,"50":3.388726,"51":9.832652,"52":0.056012,"53":0.099294,"54":null},"opera":{"9":null,"9.5-9.6":null,"10.0-10.1":0,"10.5":null,"10.6":null,"11":null,"11.1":null,"11.5":null,"11.6":null,"12":0.002546,"12.1":0.017822,"15":0.007638,"16":null,"17":null,"18":0.002546,"19":null,"20":null,"21":null,"22":null,"23":null,"24":null,"25":null,"26":null,"27":null,"28":0.005092,"29":null,"30":null,"31":null,"32":null,"33":null,"34":0.005092,"35":0.002546,"36":0.010184,"37":0.162944,"38":0.300428,"39":0.005092,"40":null},"safari":{"3.1":null,"3.2":null,"4":0,"5":null,"5.1":0.010184,"6":null,"6.1":null,"7":0.005092,"7.1":null,"8":0.017822,"9":0.020368,"9.1":0.10184,"10":null,"0":null},"ios_saf":{"3.2":0,"4.0-4.1":0,"4.2-4.3":0,"5.0-5.1":0,"6.0-6.1":0,"7.0-7.1":0.351870950366,"8":0,"8.1-8.4":0.705121786813,"9.0-9.2":1.52201434609,"9.3":10.7934689167},"android":{"2.1":0,"2.2":0,"2.3":0.0389201221374,"3":0,"4":0.256224137405,"4.1":0.89516280916,"4.2-4.3":1.89086926718,"4.4":4.9850189771,"4.4.3-4.4.4":2.98063268702,"50":null},"op_mob":{"10":0,"11":0,"11.1":0,"11.5":0,"12":0,"12.1":0.00103123007519,"0":0.0453741233083},"ie":{"5.5":null,"6":0.0026068826087,"7":null,"8":0.148592308696,"9":0.104275304348,"10":0.130344130435,"11":0.805526726087},"bb":{"7":0.0055905,"10":null},"ie_mob":{"10":0.0450251717172,"11":0.126416828283},"edge":{"12":0.045828,"13":0.16549,"14":null},"and_ff":{"0":0.044724},"and_uc":{"0":0.432332},"op_mini":{"5.0-8.0":0.639362646617},"and_chr":{"0":40.63463},"samsung":{"0":9.05661}},"total":99.0745518522}