{"id":"IR","name":"Iran","month":"2016-06","access_date":"2016-07-06","data":{"firefox":{"2":null,"3":0.039718,"3.5":0.022696,"3.6":0.068088,"4":0.068088,"5":0.017022,"6":0.08511,"7":0.022696,"8":0.022696,"9":0.02837,"10":0.02837,"11":0.039718,"12":0.096458,"13":0.051066,"14":0.05674,"15":0.045392,"16":0.051066,"17":0.034044,"18":0.034044,"19":0.017022,"20":0.034044,"21":0.045392,"22":0.02837,"23":0.039718,"24":0.073762,"25":0.051066,"26":0.051066,"27":0.039718,"28":0.02837,"29":0.090784,"30":0.096458,"31":0.079436,"32":0.08511,"33":0.136176,"34":0.08511,"35":0.11348,"36":0.090784,"37":0.130502,"38":0.192916,"39":0.175894,"40":0.17022,"41":0.278026,"42":0.295048,"43":1.180192,"44":0.556052,"45":0.70925,"46":5.044186,"47":7.557768,"48":0.544704,"49":0.005674,"50":null},"chrome":{"4":0.017022,"5":0.011348,"6":0.011348,"7":0.005674,"8":0.005674,"9":null,"10":0.011348,"11":0.119154,"12":0.017022,"13":0.017022,"14":0.02837,"15":0.017022,"16":null,"17":0.005674,"18":0.017022,"19":0.005674,"20":0.011348,"21":0.017022,"22":0.051066,"23":0.022696,"24":0.02837,"25":0.017022,"26":0.022696,"27":0.017022,"28":0.017022,"29":0.221286,"30":0.02837,"31":0.051066,"32":0.017022,"33":0.062414,"34":0.02837,"35":0.034044,"36":0.045392,"37":0.034044,"38":0.096458,"39":0.096458,"40":0.051066,"41":0.05674,"42":0.039718,"43":0.130502,"44":0.119154,"45":0.204264,"46":0.334766,"47":0.487964,"48":0.470942,"49":1.344738,"50":4.374654,"51":10.769252,"52":0.034044,"53":0.051066,"54":null},"opera":{"9":null,"9.5-9.6":null,"10.0-10.1":0,"10.5":null,"10.6":null,"11":null,"11.1":null,"11.5":0.011348,"11.6":0.011348,"12":0.011348,"12.1":0.051066,"15":null,"16":null,"17":null,"18":0.005674,"19":null,"20":0.005674,"21":null,"22":null,"23":null,"24":null,"25":0.011348,"26":0.005674,"27":null,"28":null,"29":null,"30":0.005674,"31":null,"32":0.011348,"33":0.017022,"34":0.017022,"35":0.017022,"36":0.096458,"37":0.136176,"38":0.221286,"39":null,"40":null},"safari":{"3.1":null,"3.2":null,"4":0.005674,"5":0.005674,"5.1":0.022696,"6":null,"6.1":null,"7":0.017022,"7.1":0.005674,"8":0.068088,"9":0.079436,"9.1":0.221286,"10":null,"0":null},"ios_saf":{"3.2":0,"4.0-4.1":0,"4.2-4.3":0,"5.0-5.1":0,"6.0-6.1":0,"7.0-7.1":0.0802318517181,"8":0,"8.1-8.4":0.160778338149,"9.0-9.2":0.34704208802,"9.3":2.46107272211},"android":{"2.1":0,"2.2":0,"2.3":0.031115619495,"3":0,"4":0.204844495009,"4.1":0.715659248385,"4.2-4.3":1.5117005138,"4.4":3.98539226365,"4.4.3-4.4.4":2.38293785966,"50":null},"op_mob":{"10":0,"11":0,"11.1":0,"11.5":0,"12":0,"12.1":0.00744680451128,"0":0.327659398496},"ie":{"5.5":null,"6":0.838767344078,"7":1.03276795427,"8":5.05542766567,"9":1.56912258246,"10":1.34659247076,"11":5.32360497976},"bb":{"7":0.012975,"10":null},"ie_mob":{"10":0.0306681818182,"11":0.0861068181818},"edge":{"12":0.175894,"13":0.249656,"14":null},"and_ff":{"0":0.3114},"and_uc":{"0":1.189375},"op_mini":{"5.0-8.0":4.61701879699},"and_chr":{"0":19.184178},"samsung":{"0":6.11555}},"total":98.931135997}