{"id":"IS","name":"Iceland","month":"2016-06","access_date":"2016-07-06","data":{"firefox":{"2":null,"3":null,"3.5":null,"3.6":0.029344,"4":null,"5":null,"6":0.029344,"7":null,"8":null,"9":null,"10":null,"11":null,"12":0.014672,"13":null,"14":null,"15":null,"16":0.044016,"17":0.014672,"18":null,"19":null,"20":null,"21":null,"22":null,"23":null,"24":0.022008,"25":null,"26":0.007336,"27":0.014672,"28":0.014672,"29":0.014672,"30":0.007336,"31":0.014672,"32":0.007336,"33":0.014672,"34":0.014672,"35":0.088032,"36":0.058688,"37":0.029344,"38":0.168728,"39":0.051352,"40":0.03668,"41":0.058688,"42":0.425488,"43":0.374136,"44":0.088032,"45":0.40348,"46":3.103128,"47":5.656056,"48":0.088032,"49":0.117376,"50":null},"chrome":{"4":null,"5":null,"6":null,"7":null,"8":null,"9":null,"10":null,"11":null,"12":null,"13":null,"14":null,"15":null,"16":null,"17":null,"18":null,"19":null,"20":null,"21":0.014672,"22":0.022008,"23":null,"24":null,"25":null,"26":0.007336,"27":null,"28":null,"29":0.528192,"30":0.007336,"31":0.029344,"32":null,"33":0.022008,"34":0.080696,"35":0.014672,"36":0.029344,"37":0.029344,"38":0.022008,"39":0.058688,"40":0.022008,"41":0.022008,"42":0.014672,"43":0.088032,"44":0.271432,"45":0.139384,"46":0.058688,"47":0.1834,"48":0.234752,"49":2.442888,"50":11.781616,"51":29.01388,"52":0.11004,"53":0.117376,"54":null},"opera":{"9":null,"9.5-9.6":null,"10.0-10.1":0,"10.5":null,"10.6":null,"11":null,"11.1":null,"11.5":null,"11.6":null,"12":null,"12.1":0.095368,"15":null,"16":null,"17":null,"18":null,"19":null,"20":null,"21":null,"22":null,"23":null,"24":null,"25":null,"26":null,"27":null,"28":null,"29":0.007336,"30":null,"31":null,"32":null,"33":null,"34":null,"35":null,"36":0.07336,"37":0.22008,"38":0.337456,"39":null,"40":null},"safari":{"3.1":null,"3.2":null,"4":0.022008,"5":0.11004,"5.1":0.22008,"6":0.014672,"6.1":0.264096,"7":0.095368,"7.1":0.03668,"8":0.638232,"9":1.1004,"9.1":3.477264,"10":null,"0":null},"ios_saf":{"3.2":0,"4.0-4.1":0,"4.2-4.3":0,"5.0-5.1":0,"6.0-6.1":0,"7.0-7.1":0.271069078526,"8":0,"8.1-8.4":0.543201173047,"9.0-9.2":1.17250664163,"9.3":8.3149111068},"android":{"2.1":0,"2.2":0,"2.3":0.00278757956547,"3":0,"4":0.0183515654727,"4.1":0.0641143300059,"4.2-4.3":0.135429907223,"4.4":0.357042482678,"4.4.3-4.4.4":0.213482135056,"50":null},"op_mob":{"10":0,"11":0,"11.1":0,"11.5":0,"12":0,"12.1":6.81022556391e-5,"0":0.00299649924812},"ie":{"5.5":null,"6":null,"7":0.00735681134752,"8":0.183920283688,"9":0.286915642553,"10":0.17656347234,"11":4.53179579007},"bb":{"7":0.050616,"10":null},"ie_mob":{"10":0.125234909091,"11":0.351621090909},"edge":{"12":0.132048,"13":2.281496,"14":0.014672},"and_ff":{"0":0.082584},"and_uc":{"0":0.029304},"op_mini":{"5.0-8.0":0.0422233984962},"and_chr":{"0":12.18524},"samsung":{"0":2.935728}},"total":97.60288}