{"id":"IT","name":"Italy","month":"2016-06","access_date":"2016-07-06","data":{"firefox":{"2":null,"3":0.006625,"3.5":null,"3.6":0.0265,"4":null,"5":null,"6":0.006625,"7":null,"8":null,"9":null,"10":null,"11":0.006625,"12":0.019875,"13":null,"14":null,"15":null,"16":0.033125,"17":null,"18":null,"19":null,"20":0.01325,"21":0.019875,"22":0.006625,"23":0.006625,"24":0.01325,"25":0.006625,"26":0.006625,"27":0.006625,"28":0.019875,"29":0.033125,"30":0.019875,"31":0.033125,"32":0.01325,"33":0.019875,"34":0.033125,"35":0.033125,"36":0.0265,"37":0.046375,"38":0.099375,"39":0.06625,"40":0.053,"41":0.053,"42":0.0795,"43":0.245125,"44":0.1325,"45":0.38425,"46":3.71,"47":6.08175,"48":0.03975,"49":null,"50":null},"chrome":{"4":null,"5":null,"6":null,"7":null,"8":null,"9":null,"10":null,"11":0.0265,"12":null,"13":null,"14":null,"15":null,"16":null,"17":null,"18":null,"19":null,"20":null,"21":0.01325,"22":0.06625,"23":null,"24":null,"25":0.033125,"26":0.053,"27":0.01325,"28":0.006625,"29":0.417375,"30":0.006625,"31":0.03975,"32":0.06625,"33":0.033125,"34":0.06625,"35":0.06625,"36":0.258375,"37":0.03975,"38":0.06625,"39":0.086125,"40":0.046375,"41":0.0795,"42":0.053,"43":0.14575,"44":0.0795,"45":0.125875,"46":0.11925,"47":0.159,"48":0.212,"49":3.398625,"50":8.923875,"51":23.366375,"52":0.086125,"53":0.059625,"54":null},"opera":{"9":null,"9.5-9.6":null,"10.0-10.1":0,"10.5":null,"10.6":null,"11":null,"11.1":null,"11.5":null,"11.6":null,"12":null,"12.1":0.046375,"15":null,"16":null,"17":null,"18":null,"19":null,"20":null,"21":null,"22":null,"23":null,"24":null,"25":null,"26":null,"27":null,"28":0.033125,"29":null,"30":null,"31":null,"32":null,"33":null,"34":null,"35":0.006625,"36":0.053,"37":0.19875,"38":0.284875,"39":null,"40":null},"safari":{"3.1":null,"3.2":null,"4":0.033125,"5":0.106,"5.1":0.25175,"6":0.019875,"6.1":0.152375,"7":0.053,"7.1":0.0265,"8":0.30475,"9":0.62275,"9.1":2.82225,"10":null,"0":null},"ios_saf":{"3.2":0,"4.0-4.1":0,"4.2-4.3":0,"5.0-5.1":0,"6.0-6.1":0,"7.0-7.1":0.230275577856,"8":0,"8.1-8.4":0.461454197193,"9.0-9.2":0.996054754411,"9.3":7.06359047054},"android":{"2.1":0,"2.2":0,"2.3":0.0102260716383,"3":0,"4":0.0673216382854,"4.1":0.235199647681,"4.2-4.3":0.496816647093,"4.4":1.30978934234,"4.4.3-4.4.4":0.783146652965,"50":null},"op_mob":{"10":0,"11":0,"11.1":0,"11.5":0,"12":0,"12.1":0.000329887218045,"0":0.014515037594},"ie":{"5.5":null,"6":0.0199707369942,"7":0.0266276493256,"8":0.619092846821,"9":0.412728564547,"10":0.339502528902,"11":5.49195267341},"bb":{"7":0.02784375,"10":null},"ie_mob":{"10":0.464454545455,"11":1.30404545455},"edge":{"12":0.192125,"13":2.086875,"14":0.006625},"and_ff":{"0":0.07425},"and_uc":{"0":0.29025},"op_mini":{"5.0-8.0":0.204530075188},"and_chr":{"0":16.982625},"samsung":{"0":3.277125}},"total":98.11909375}