{"id":"JE","name":"Jersey","month":"2016-06","access_date":"2016-07-06","data":{"firefox":{"2":null,"3":null,"3.5":null,"3.6":0.011398,"4":null,"5":null,"6":null,"7":null,"8":null,"9":null,"10":null,"11":0.011398,"12":0.011398,"13":0.079786,"14":null,"15":0.017097,"16":null,"17":null,"18":0.034194,"19":0.011398,"20":null,"21":0.017097,"22":null,"23":null,"24":null,"25":null,"26":0.205164,"27":null,"28":null,"29":0.102582,"30":null,"31":null,"32":null,"33":0.074087,"34":0.011398,"35":null,"36":null,"37":0.011398,"38":0.051291,"39":0.39893,"40":0.068388,"41":0.039893,"42":0.011398,"43":0.062689,"44":0.045592,"45":0.22796,"46":1.721098,"47":3.539079,"48":0.34194,"49":null,"50":null},"chrome":{"4":null,"5":null,"6":null,"7":null,"8":null,"9":null,"10":null,"11":0.011398,"12":null,"13":null,"14":null,"15":null,"16":null,"17":null,"18":null,"19":0.017097,"20":null,"21":0.011398,"22":0.005699,"23":null,"24":null,"25":null,"26":null,"27":0.011398,"28":null,"29":null,"30":null,"31":null,"32":0.011398,"33":0.034194,"34":0.005699,"35":null,"36":0.022796,"37":null,"38":0.005699,"39":0.017097,"40":0.022796,"41":null,"42":0.005699,"43":0.022796,"44":0.045592,"45":0.11398,"46":0.062689,"47":0.045592,"48":0.05699,"49":1.373459,"50":6.21191,"51":15.210631,"52":0.085485,"53":0.017097,"54":null},"opera":{"9":null,"9.5-9.6":null,"10.0-10.1":0,"10.5":null,"10.6":null,"11":null,"11.1":null,"11.5":null,"11.6":null,"12":null,"12.1":0.017097,"15":null,"16":null,"17":null,"18":null,"19":null,"20":null,"21":null,"22":null,"23":null,"24":null,"25":null,"26":null,"27":null,"28":null,"29":null,"30":null,"31":null,"32":null,"33":0.017097,"34":null,"35":null,"36":0.022796,"37":0.079786,"38":0.136776,"39":null,"40":null},"safari":{"3.1":null,"3.2":null,"4":0.039893,"5":0.05699,"5.1":0.621191,"6":0.011398,"6.1":0.267853,"7":0.125378,"7.1":0.039893,"8":1.173994,"9":1.168295,"9.1":5.949756,"10":0.011398,"0":null},"ios_saf":{"3.2":0,"4.0-4.1":0,"4.2-4.3":0,"5.0-5.1":0,"6.0-6.1":0,"7.0-7.1":0.599022207719,"8":0,"8.1-8.4":1.20039352213,"9.0-9.2":2.59106468672,"9.3":18.3747125834},"android":{"2.1":0,"2.2":0,"2.3":0.00386408103347,"3":0,"4":0.0254385334703,"4.1":0.0888738637698,"4.2-4.3":0.187729936876,"4.4":0.494924379037,"4.4.3-4.4.4":0.295924205813,"50":null},"op_mob":{"10":0,"11":0,"11.1":0,"11.5":0,"12":0,"12.1":0.00230249022556,"0":0.101309569925},"ie":{"5.5":null,"6":null,"7":0.011398,"8":0.307746,"9":0.347639,"10":0.68388,"11":11.694348},"bb":{"7":0.064515,"10":null},"ie_mob":{"10":0.25415,"11":0.713575},"edge":{"12":0.148174,"13":2.256804,"14":null},"and_ff":{"0":0.008602},"and_uc":{"0":0.04301},"op_mini":{"5.0-8.0":1.42754393985},"and_chr":{"0":12.523777},"samsung":{"0":3.905308}},"total":98.630863}