{"id":"JM","name":"Jamaica","month":"2016-06","access_date":"2016-07-06","data":{"firefox":{"2":null,"3":null,"3.5":0.006153,"3.6":0.030765,"4":0.012306,"5":null,"6":0.024612,"7":0.018459,"8":null,"9":null,"10":0.043071,"11":0.006153,"12":0.012306,"13":null,"14":null,"15":0.024612,"16":null,"17":0.012306,"18":null,"19":null,"20":null,"21":0.012306,"22":null,"23":0.006153,"24":null,"25":0.006153,"26":null,"27":null,"28":null,"29":0.012306,"30":null,"31":0.006153,"32":0.006153,"33":0.006153,"34":0.012306,"35":0.024612,"36":0.006153,"37":0.049224,"38":0.049224,"39":0.030765,"40":0.043071,"41":0.092295,"42":0.086142,"43":0.18459,"44":0.129213,"45":0.203049,"46":2.018184,"47":3.802554,"48":0.252273,"49":null,"50":null},"chrome":{"4":null,"5":null,"6":null,"7":null,"8":null,"9":null,"10":0.012306,"11":0.036918,"12":0.006153,"13":null,"14":null,"15":null,"16":null,"17":null,"18":0.024612,"19":null,"20":null,"21":0.012306,"22":0.141519,"23":null,"24":null,"25":null,"26":0.012306,"27":0.012306,"28":0.018459,"29":0.264579,"30":0.012306,"31":0.030765,"32":0.024612,"33":0.036918,"34":0.055377,"35":0.030765,"36":0.049224,"37":0.049224,"38":0.024612,"39":0.086142,"40":0.024612,"41":0.055377,"42":0.024612,"43":0.159978,"44":0.086142,"45":0.43071,"46":0.190743,"47":0.344568,"48":0.516852,"49":2.178162,"50":9.180276,"51":24.605847,"52":0.227661,"53":0.449169,"54":null},"opera":{"9":null,"9.5-9.6":null,"10.0-10.1":0,"10.5":null,"10.6":null,"11":null,"11.1":null,"11.5":null,"11.6":null,"12":null,"12.1":0.092295,"15":null,"16":null,"17":null,"18":null,"19":null,"20":null,"21":null,"22":null,"23":null,"24":null,"25":null,"26":null,"27":0.024612,"28":0.012306,"29":0.092295,"30":null,"31":null,"32":null,"33":0.012306,"34":0.055377,"35":0.030765,"36":0.030765,"37":0.313803,"38":0.356874,"39":null,"40":null},"safari":{"3.1":null,"3.2":null,"4":0.012306,"5":0.030765,"5.1":0.098448,"6":0.036918,"6.1":0.036918,"7":0.006153,"7.1":0.043071,"8":0.141519,"9":0.30765,"9.1":1.285977,"10":null,"0":null},"ios_saf":{"3.2":0,"4.0-4.1":0,"4.2-4.3":0,"5.0-5.1":0,"6.0-6.1":0,"7.0-7.1":0.113778468682,"8":0,"8.1-8.4":0.228003127438,"9.0-9.2":0.49214765081,"9.3":3.49009875307},"android":{"2.1":0,"2.2":0,"2.3":0.0257927457428,"3":0,"4":0.169802242807,"4.1":0.593233152085,"4.2-4.3":1.253097564,"4.4":3.30362085056,"4.4.3-4.4.4":1.9752944448,"50":null},"op_mob":{"10":0,"11":0,"11.1":0,"11.5":0,"12":0,"12.1":0.00231398496241,"0":0.101815338346},"ie":{"5.5":null,"6":0.0432670743551,"7":0.00618101062215,"8":0.352317605463,"9":0.309050531108,"10":0.265783456753,"11":3.0966863217},"bb":{"7":0.23947575,"10":null},"ie_mob":{"10":0.26975630303,"11":0.75739269697},"edge":{"12":0.344568,"13":2.122785,"14":0.024612},"and_ff":{"0":0.057705},"and_uc":{"0":2.754452},"op_mini":{"5.0-8.0":1.43467067669},"and_chr":{"0":22.256525},"samsung":{"0":1.704221}},"total":97.45546375}