{"id":"JO","name":"Jordan","month":"2016-06","access_date":"2016-07-06","data":{"firefox":{"2":null,"3":0.00904,"3.5":null,"3.6":0.01808,"4":0.00452,"5":null,"6":0.00452,"7":null,"8":null,"9":null,"10":0.00904,"11":0.00452,"12":0.00904,"13":0.00452,"14":0.00904,"15":null,"16":0.01356,"17":null,"18":null,"19":0.00452,"20":0.00452,"21":0.01356,"22":null,"23":null,"24":null,"25":null,"26":0.00452,"27":null,"28":0.00452,"29":0.0226,"30":null,"31":0.00904,"32":0.00904,"33":0.0226,"34":0.01808,"35":0.13108,"36":0.01808,"37":0.01808,"38":0.02712,"39":0.02712,"40":0.0452,"41":0.04068,"42":0.07684,"43":0.13108,"44":0.05424,"45":0.10848,"46":1.46448,"47":2.48148,"48":0.08588,"49":null,"50":null},"chrome":{"4":null,"5":null,"6":null,"7":0.00904,"8":0.00904,"9":0.00904,"10":0.00904,"11":0.02712,"12":0.00904,"13":0.00452,"14":0.01808,"15":0.00904,"16":0.00904,"17":null,"18":0.00904,"19":0.00452,"20":null,"21":0.00904,"22":0.01808,"23":0.00904,"24":0.00452,"25":0.00452,"26":0.00904,"27":0.04972,"28":0.01808,"29":0.52884,"30":0.0226,"31":0.12656,"32":0.02712,"33":0.14012,"34":0.0226,"35":0.01356,"36":0.06328,"37":0.0226,"38":0.04972,"39":0.02712,"40":0.0226,"41":0.05424,"42":0.04068,"43":0.39776,"44":0.08136,"45":0.6102,"46":0.0904,"47":0.2938,"48":0.39776,"49":2.0792,"50":6.6218,"51":19.30944,"52":0.07232,"53":0.07684,"54":null},"opera":{"9":null,"9.5-9.6":null,"10.0-10.1":0,"10.5":null,"10.6":null,"11":null,"11.1":null,"11.5":null,"11.6":0.00452,"12":0.00452,"12.1":0.04068,"15":null,"16":null,"17":null,"18":null,"19":0.00904,"20":null,"21":null,"22":null,"23":null,"24":null,"25":null,"26":null,"27":null,"28":0.01356,"29":null,"30":null,"31":null,"32":null,"33":0.00904,"34":0.01356,"35":null,"36":0.07232,"37":0.25312,"38":0.39776,"39":0.00452,"40":null},"safari":{"3.1":null,"3.2":null,"4":0.00452,"5":0.01356,"5.1":0.03164,"6":0.01808,"6.1":0.0226,"7":0.04068,"7.1":null,"8":0.12656,"9":0.20792,"9.1":0.5424,"10":null,"0":null},"ios_saf":{"3.2":0,"4.0-4.1":0,"4.2-4.3":0,"5.0-5.1":0,"6.0-6.1":0,"7.0-7.1":0.236336662883,"8":0,"8.1-8.4":0.473600136209,"9.0-9.2":1.02227191827,"9.3":7.24951128263},"android":{"2.1":0,"2.2":0,"2.3":0.0259101350558,"3":0,"4":0.170575055784,"4.1":0.595933106283,"4.2-4.3":1.25880072813,"4.4":3.31865646506,"4.4.3-4.4.4":1.98428450969,"50":null},"op_mob":{"10":0,"11":0,"11.1":0,"11.5":0,"12":0,"12.1":0.0026287518797,"0":0.115665082707},"ie":{"5.5":null,"6":0.0137661754386,"7":0.0091774502924,"8":0.752550923977,"9":0.215670081871,"10":0.385452912281,"11":2.54674245614},"bb":{"7":0.01507,"10":null},"ie_mob":{"10":0.368433131313,"11":1.03444686869},"edge":{"12":0.06328,"13":0.62828,"14":null},"and_ff":{"0":0.06028},"and_uc":{"0":1.16176},"op_mini":{"5.0-8.0":1.62982616541},"and_chr":{"0":29.77016},"samsung":{"0":4.9594}},"total":98.24891}