{"id":"JP","name":"Japan","month":"2016-06","access_date":"2016-07-06","data":{"firefox":{"2":null,"3":null,"3.5":0.007114,"3.6":0.028456,"4":null,"5":null,"6":null,"7":null,"8":null,"9":null,"10":0.014228,"11":0.014228,"12":0.021342,"13":null,"14":null,"15":null,"16":0.049798,"17":null,"18":0.007114,"19":0.007114,"20":null,"21":0.007114,"22":null,"23":0.014228,"24":0.021342,"25":0.007114,"26":0.007114,"27":null,"28":0.021342,"29":0.021342,"30":0.014228,"31":0.03557,"32":0.014228,"33":0.021342,"34":0.042684,"35":0.064026,"36":0.042684,"37":0.03557,"38":0.156508,"39":0.064026,"40":0.064026,"41":0.056912,"42":0.078254,"43":0.192078,"44":0.099596,"45":0.241876,"46":3.677938,"47":6.72273,"48":0.056912,"49":0.014228,"50":null},"chrome":{"4":null,"5":null,"6":null,"7":null,"8":null,"9":null,"10":null,"11":0.021342,"12":null,"13":null,"14":null,"15":null,"16":null,"17":0.049798,"18":null,"19":null,"20":null,"21":0.021342,"22":0.014228,"23":null,"24":null,"25":null,"26":null,"27":0.014228,"28":null,"29":0.199192,"30":0.014228,"31":0.028456,"32":0.014228,"33":0.014228,"34":0.014228,"35":0.021342,"36":0.014228,"37":0.014228,"38":0.021342,"39":0.028456,"40":0.021342,"41":0.028456,"42":0.078254,"43":0.085368,"44":0.042684,"45":0.32013,"46":0.07114,"47":0.135166,"48":0.156508,"49":2.38319,"50":6.182066,"51":15.79308,"52":0.092482,"53":0.085368,"54":null},"opera":{"9":null,"9.5-9.6":null,"10.0-10.1":0,"10.5":null,"10.6":null,"11":null,"11.1":null,"11.5":null,"11.6":0.007114,"12":null,"12.1":0.256104,"15":null,"16":null,"17":null,"18":null,"19":null,"20":null,"21":null,"22":null,"23":null,"24":null,"25":0.014228,"26":null,"27":null,"28":0.007114,"29":null,"30":0.014228,"31":0.007114,"32":null,"33":null,"34":0.007114,"35":null,"36":0.042684,"37":0.17785,"38":0.256104,"39":null,"40":null},"safari":{"3.1":null,"3.2":null,"4":0.064026,"5":0.206306,"5.1":0.540664,"6":0.128052,"6.1":0.384156,"7":0.163622,"7.1":0.07114,"8":0.441068,"9":0.597576,"9.1":2.966538,"10":null,"0":null},"ios_saf":{"3.2":0,"4.0-4.1":0,"4.2-4.3":0,"5.0-5.1":0,"6.0-6.1":0,"7.0-7.1":0.5176797864,"8":0,"8.1-8.4":1.03738968961,"9.0-9.2":2.23921884078,"9.3":15.8795736832},"android":{"2.1":0,"2.2":0,"2.3":0.0078293129771,"3":0,"4":0.0515429770992,"4.1":0.180074198473,"4.2-4.3":0.380374122137,"4.4":1.00280450382,"4.4.3-4.4.4":0.599594885496,"50":null},"op_mob":{"10":0,"11":0,"11.1":0,"11.5":0,"12":0,"12.1":0.000108496240602,"0":0.00477383458647},"ie":{"5.5":null,"6":0.0500225682074,"7":0.0428764870349,"8":0.557394331454,"9":0.950428795941,"10":0.493079600902,"11":16.9147741353},"bb":{"7":0.0050505,"10":null},"ie_mob":{"10":0.0113690909091,"11":0.0319209090909},"edge":{"12":0.099596,"13":3.101704,"14":null},"and_ff":{"0":0.037518},"and_uc":{"0":0.193362},"op_mini":{"5.0-8.0":0.0672676691729},"and_chr":{"0":7.992348},"samsung":{"0":0.860028}},"total":97.5872404188}