{"id":"KE","name":"Kenya","month":"2016-06","access_date":"2016-07-06","data":{"firefox":{"2":null,"3":0.008336,"3.5":0.002084,"3.6":0.008336,"4":0.00521,"5":0.002084,"6":0.002084,"7":0.003126,"8":0.003126,"9":0.003126,"10":0.00521,"11":0.007294,"12":0.012504,"13":0.006252,"14":0.007294,"15":0.01042,"16":0.007294,"17":0.00521,"18":0.008336,"19":0.007294,"20":0.011462,"21":0.006252,"22":0.003126,"23":0.004168,"24":0.009378,"25":0.006252,"26":0.00521,"27":0.00521,"28":0.007294,"29":0.01563,"30":0.018756,"31":0.016672,"32":0.011462,"33":0.021882,"34":0.019798,"35":0.021882,"36":0.019798,"37":0.02605,"38":0.032302,"39":0.030218,"40":0.035428,"41":0.038554,"42":0.035428,"43":0.202148,"44":0.11462,"45":0.116704,"46":1.049294,"47":1.723468,"48":0.22924,"49":0.002084,"50":null},"chrome":{"4":null,"5":0.002084,"6":null,"7":null,"8":null,"9":null,"10":null,"11":0.01563,"12":0.001042,"13":null,"14":null,"15":null,"16":null,"17":null,"18":0.002084,"19":null,"20":null,"21":null,"22":0.003126,"23":null,"24":null,"25":0.004168,"26":0.002084,"27":0.004168,"28":0.003126,"29":0.019798,"30":0.002084,"31":0.014588,"32":0.007294,"33":0.011462,"34":0.006252,"35":0.003126,"36":0.007294,"37":0.001042,"38":0.003126,"39":0.00521,"40":0.01563,"41":0.003126,"42":0.007294,"43":0.02605,"44":0.009378,"45":0.05731,"46":0.016672,"47":0.030218,"48":0.040638,"49":0.217778,"50":0.862776,"51":2.583118,"52":0.027092,"53":0.025008,"54":null},"opera":{"9":null,"9.5-9.6":null,"10.0-10.1":0,"10.5":null,"10.6":null,"11":null,"11.1":null,"11.5":null,"11.6":0.001042,"12":null,"12.1":0.009378,"15":null,"16":null,"17":null,"18":0.001042,"19":0.003126,"20":null,"21":null,"22":null,"23":null,"24":null,"25":null,"26":null,"27":0.002084,"28":0.00521,"29":0.014588,"30":0.009378,"31":null,"32":0.016672,"33":0.018756,"34":0.025008,"35":0.060436,"36":0.021882,"37":0.095864,"38":0.091696,"39":null,"40":null},"safari":{"3.1":null,"3.2":null,"4":0,"5":0.003126,"5.1":0.006252,"6":0.002084,"6.1":0.003126,"7":0.003126,"7.1":0.004168,"8":0.019798,"9":0.029176,"9.1":0.121914,"10":null,"0":null},"ios_saf":{"3.2":0,"4.0-4.1":0,"4.2-4.3":0,"5.0-5.1":0,"6.0-6.1":0,"7.0-7.1":0.00872038953668,"8":0,"8.1-8.4":0.0174749766794,"9.0-9.2":0.0377199594469,"9.3":0.267493674337},"android":{"2.1":0,"2.2":0,"2.3":0.00968807633588,"3":0,"4":0.0637798358779,"4.1":0.222825755725,"4.2-4.3":0.470679041985,"4.4":1.24088111069,"4.4.3-4.4.4":0.741945179389,"50":null},"op_mob":{"10":0,"11":0,"11.1":0,"11.5":0,"12":0,"12.1":0.115390404511,"0":5.0771777985},"ie":{"5.5":null,"6":0.0031730075188,"7":null,"8":0.0549987969925,"9":0.0243263909774,"10":0.0359607518797,"11":0.301435714286},"bb":{"7":0.02911025,"10":null},"ie_mob":{"10":0.324623393939,"11":0.911442606061},"edge":{"12":0.029176,"13":0.091696,"14":null},"and_ff":{"0":0.044785},"and_uc":{"0":2.973724},"op_mini":{"5.0-8.0":71.542050797},"and_chr":{"0":5.038264},"samsung":{"0":0.62699}},"total":98.8697309117}