{"id":"KG","name":"Kyrgyzstan","month":"2016-06","access_date":"2016-07-06","data":{"firefox":{"2":0.01339,"3":0.100425,"3.5":0.14729,"3.6":0.542295,"4":0.02678,"5":null,"6":0.05356,"7":null,"8":null,"9":0.02678,"10":0.020085,"11":0.01339,"12":0.01339,"13":0.02678,"14":0.020085,"15":0.01339,"16":0.01339,"17":0.04017,"18":0.01339,"19":0.006695,"20":0.02678,"21":0.020085,"22":0.01339,"23":0.02678,"24":0.046865,"25":0.02678,"26":null,"27":null,"28":0.020085,"29":null,"30":0.020085,"31":0.006695,"32":0.020085,"33":0.020085,"34":0.01339,"35":0.073645,"36":0.033475,"37":0.02678,"38":0.01339,"39":0.04017,"40":0.01339,"41":0.073645,"42":0.10712,"43":0.140595,"44":0.02678,"45":0.06695,"46":1.39256,"47":1.90138,"48":0.020085,"49":0.006695,"50":null},"chrome":{"4":0.01339,"5":0.02678,"6":0.01339,"7":0.01339,"8":0.01339,"9":0.01339,"10":0.02678,"11":0.06695,"12":0.05356,"13":0.127205,"14":0.02678,"15":0.073645,"16":0.073645,"17":0.100425,"18":0.073645,"19":0.033475,"20":0.033475,"21":0.113815,"22":0.060255,"23":0.04017,"24":0.04017,"25":0.046865,"26":0.04017,"27":0.113815,"28":0.046865,"29":0.488735,"30":0.01339,"31":0.04017,"32":0.01339,"33":0.02678,"34":0.02678,"35":0.020085,"36":0.05356,"37":0.01339,"38":0.033475,"39":0.234325,"40":0.140595,"41":0.09373,"42":0.05356,"43":0.153985,"44":0.046865,"45":0.917215,"46":0.10712,"47":0.609245,"48":0.287885,"49":3.300635,"50":8.495955,"51":26.974155,"52":0.087035,"53":0.41509,"54":null},"opera":{"9":null,"9.5-9.6":null,"10.0-10.1":0.02678,"10.5":0.05356,"10.6":0.033475,"11":0.02678,"11.1":0.01339,"11.5":0.04017,"11.6":0.140595,"12":0.24102,"12.1":0.702975,"15":0.006695,"16":null,"17":0.01339,"18":0.01339,"19":null,"20":0.060255,"21":0.01339,"22":null,"23":null,"24":0.046865,"25":0.020085,"26":0.01339,"27":0.073645,"28":0.006695,"29":0.01339,"30":0.006695,"31":0.006695,"32":0.01339,"33":0.167375,"34":0.18746,"35":0.046865,"36":0.29458,"37":1.56663,"38":2.02189,"39":null,"40":null},"safari":{"3.1":null,"3.2":null,"4":0.073645,"5":0.06695,"5.1":0.06695,"6":0.01339,"6.1":0.006695,"7":0.01339,"7.1":null,"8":0.05356,"9":0.12051,"9.1":0.77662,"10":0.006695,"0":null},"ios_saf":{"3.2":0,"4.0-4.1":0,"4.2-4.3":0,"5.0-5.1":0,"6.0-6.1":0,"7.0-7.1":0.111053934063,"8":0,"8.1-8.4":0.222543373749,"9.0-9.2":0.480362703023,"9.3":3.40652498917},"android":{"2.1":0,"2.2":0,"2.3":0.0136935290664,"3":0,"4":0.0901490663535,"4.1":0.314951168526,"4.2-4.3":0.66527728714,"4.4":1.75391284792,"4.4.3-4.4.4":1.048696101,"50":null},"op_mob":{"10":0,"11":0,"11.1":0,"11.5":0,"12":0,"12.1":0.0109437744361,"0":0.481526075188},"ie":{"5.5":null,"6":0.0144730147059,"7":0.0217095220588,"8":1.20126022059,"9":0.224331727941,"10":0.282223786765,"11":1.20849672794},"bb":{"7":0.0148725,"10":null},"ie_mob":{"10":0.105893535354,"11":0.297316464646},"edge":{"12":0.087035,"13":0.58916,"14":0.006695},"and_ff":{"0":0.016525},"and_uc":{"0":2.57129},"op_mini":{"5.0-8.0":6.78514015038},"and_chr":{"0":13.494545},"samsung":{"0":1.979695}},"total":93.7918575}