{"id":"KH","name":"Cambodia","month":"2016-06","access_date":"2016-07-06","data":{"firefox":{"2":null,"3":0.03104,"3.5":0.01164,"3.6":0.04656,"4":0.01552,"5":null,"6":0.36472,"7":0.01164,"8":null,"9":0.01164,"10":0.02328,"11":0.01164,"12":0.02328,"13":0.00776,"14":0.01552,"15":0.00776,"16":0.0194,"17":0.01164,"18":0.02328,"19":0.01552,"20":0.03492,"21":0.01552,"22":0.03104,"23":0.02716,"24":0.02328,"25":0.0194,"26":0.1552,"27":0.05044,"28":0.00776,"29":0.08536,"30":0.06596,"31":0.03492,"32":0.04268,"33":0.0776,"34":0.0776,"35":0.09312,"36":0.1358,"37":0.08924,"38":0.16296,"39":0.13968,"40":0.15132,"41":0.23668,"42":0.32204,"43":0.70228,"44":0.388,"45":0.2716,"46":1.92836,"47":3.48424,"48":0.69452,"49":0.00776,"50":null},"chrome":{"4":null,"5":0.00388,"6":null,"7":null,"8":null,"9":null,"10":null,"11":0.06208,"12":0.01164,"13":null,"14":null,"15":null,"16":null,"17":null,"18":null,"19":null,"20":0.01164,"21":0.01552,"22":0.00776,"23":0.03492,"24":0.00776,"25":0.01552,"26":0.01552,"27":0.00776,"28":0.0194,"29":2.11848,"30":0.0194,"31":0.0388,"32":0.0194,"33":0.10864,"34":0.04656,"35":0.0194,"36":0.02716,"37":0.01164,"38":0.02716,"39":0.06208,"40":0.02328,"41":0.06596,"42":0.06208,"43":0.65184,"44":0.11252,"45":0.60528,"46":1.01268,"47":1.47052,"48":1.15624,"49":0.68288,"50":3.26308,"51":10.088,"52":0.194,"53":0.24056,"54":null},"opera":{"9":0.01164,"9.5-9.6":null,"10.0-10.1":0,"10.5":null,"10.6":null,"11":null,"11.1":null,"11.5":null,"11.6":null,"12":null,"12.1":0.02716,"15":null,"16":0.01164,"17":null,"18":null,"19":null,"20":null,"21":null,"22":null,"23":null,"24":null,"25":null,"26":0.01552,"27":0.00776,"28":null,"29":0.03104,"30":null,"31":null,"32":0.01164,"33":0.02716,"34":0.04268,"35":0.01552,"36":0.01164,"37":0.1552,"38":0.27936,"39":0.00776,"40":null},"safari":{"3.1":null,"3.2":null,"4":0.02328,"5":null,"5.1":0.0194,"6":0.00776,"6.1":0.01164,"7":0.06596,"7.1":0.00388,"8":0.14744,"9":0.2134,"9.1":0.51604,"10":null,"0":null},"ios_saf":{"3.2":0,"4.0-4.1":0,"4.2-4.3":0,"5.0-5.1":0,"6.0-6.1":0,"7.0-7.1":0.646775963781,"8":0,"8.1-8.4":1.29608830389,"9.0-9.2":2.79762309039,"9.3":19.8395356419},"android":{"2.1":0,"2.2":0,"2.3":0.0388051673517,"3":0,"4":0.255467351732,"4.1":0.89251884909,"4.2-4.3":1.8852843805,"4.4":4.97029518497,"4.4.3-4.4.4":2.97182906635,"50":null},"op_mob":{"10":0,"11":0,"11.1":0,"11.5":0,"12":0,"12.1":0.00412227368421,"0":0.181380042105},"ie":{"5.5":0.0309270547945,"6":0.163471575342,"7":0.0485996575342,"8":0.874793835616,"9":0.176726027397,"10":0.207653082192,"11":1.07802876712},"bb":{"7":0.0030595,"10":null},"ie_mob":{"10":0.165522040404,"11":0.464734959596},"edge":{"12":0.08148,"13":0.27936,"14":null},"and_ff":{"0":0.042833},"and_uc":{"0":0.6119},"op_mini":{"5.0-8.0":2.55580968421},"and_chr":{"0":19.358652},"samsung":{"0":2.649527}},"total":98.7866435}