{"id":"KI","name":"Kiribati","month":"2016-06","access_date":"2016-07-06","data":{"firefox":{"2":null,"3":null,"3.5":null,"3.6":null,"4":1.574353,"5":null,"6":null,"7":0.025257,"8":null,"9":null,"10":0.075771,"11":0.185218,"12":null,"13":null,"14":null,"15":0.025257,"16":null,"17":null,"18":null,"19":0.050514,"20":0.210475,"21":0.42095,"22":null,"23":0.968185,"24":0.050514,"25":0.210475,"26":null,"27":null,"28":null,"29":0.134704,"30":null,"31":0.075771,"32":3.359181,"33":null,"34":null,"35":0.025257,"36":null,"37":0.260989,"38":0.286246,"39":0.210475,"40":0.075771,"41":0.025257,"42":0.185218,"43":2.753013,"44":0.993442,"45":0.471464,"46":8.023307,"47":11.045728,"48":3.098192,"49":null,"50":null},"chrome":{"4":null,"5":null,"6":null,"7":null,"8":null,"9":null,"10":null,"11":null,"12":null,"13":null,"14":null,"15":null,"16":0.286246,"17":null,"18":null,"19":null,"20":null,"21":null,"22":0.050514,"23":null,"24":null,"25":0.159961,"26":0.025257,"27":null,"28":null,"29":0.101028,"30":null,"31":null,"32":null,"33":null,"34":null,"35":null,"36":0.101028,"37":null,"38":null,"39":null,"40":null,"41":0.075771,"42":null,"43":0.210475,"44":null,"45":0.370436,"46":0.050514,"47":0.025257,"48":0.101028,"49":1.128146,"50":7.838089,"51":20.508684,"52":null,"53":null,"54":null},"opera":{"9":null,"9.5-9.6":null,"10.0-10.1":0,"10.5":null,"10.6":null,"11":null,"11.1":null,"11.5":null,"11.6":0.075771,"12":null,"12.1":0.025257,"15":null,"16":null,"17":null,"18":null,"19":null,"20":null,"21":null,"22":null,"23":null,"24":null,"25":null,"26":null,"27":null,"28":null,"29":null,"30":null,"31":null,"32":null,"33":null,"34":null,"35":null,"36":null,"37":2.753013,"38":null,"39":null,"40":null},"safari":{"3.1":null,"3.2":null,"4":0,"5":null,"5.1":0.311503,"6":null,"6.1":null,"7":0.101028,"7.1":null,"8":null,"9":0.210475,"9.1":null,"10":null,"0":null},"ios_saf":{"3.2":0,"4.0-4.1":0,"4.2-4.3":0,"5.0-5.1":0,"6.0-6.1":0,"7.0-7.1":0.034279199257,"8":0,"8.1-8.4":0.0686928267465,"9.0-9.2":0.148274340316,"9.3":1.05149763368},"android":{"2.1":0,"2.2":0,"2.3":0.0241633987082,"3":0,"4":0.159075708162,"4.1":0.555758170288,"4.2-4.3":1.1739384539,"4.4":3.0949286512,"4.4.3-4.4.4":1.85051361773,"50":null},"op_mob":{"10":0,"11":0,"11.1":0,"11.5":0,"12":0,"12.1":0,"0":0},"ie":{"5.5":0.0253201951626,"6":0.0253201951626,"7":0.0506403903253,"8":2.07625600334,"9":0.0506403903253,"10":1.29132995329,"11":6.57481067723},"bb":{"7":0,"10":null},"ie_mob":{"10":0.216325515152,"11":0.607375484848},"edge":{"12":1.885856,"13":1.229174,"14":null},"and_ff":{"0":null},"and_uc":{"0":0.959667},"op_mini":{"5.0-8.0":0},"and_chr":{"0":5.963695},"samsung":{"0":0.137547}},"total":98.5855448048}