{"id":"KM","name":"Comoros","month":"2016-06","access_date":"2016-07-06","data":{"firefox":{"2":null,"3":0.023905,"3.5":0.014343,"3.6":0.033467,"4":null,"5":0.014343,"6":null,"7":null,"8":0.009562,"9":null,"10":0.349013,"11":0.038248,"12":0.167335,"13":0.019124,"14":0.181678,"15":0.04781,"16":0.009562,"17":0.004781,"18":0.014343,"19":0.009562,"20":0.033467,"21":0.038248,"22":null,"23":0.009562,"24":0.019124,"25":0.04781,"26":0.014343,"27":0.014343,"28":null,"29":0.052591,"30":0.023905,"31":0.726712,"32":0.014343,"33":0.133868,"34":0.023905,"35":0.066934,"36":0.387261,"37":0.09562,"38":0.545034,"39":0.028686,"40":0.071715,"41":0.119525,"42":0.392042,"43":1.09963,"44":0.411166,"45":0.736274,"46":4.484578,"47":9.968385,"48":0.23905,"49":0.205583,"50":null},"chrome":{"4":0.004781,"5":0.014343,"6":null,"7":null,"8":null,"9":0.028686,"10":0.019124,"11":0.028686,"12":0.004781,"13":0.033467,"14":0.028686,"15":0.033467,"16":null,"17":0.033467,"18":null,"19":null,"20":null,"21":null,"22":null,"23":0.133868,"24":null,"25":0.057372,"26":0.296422,"27":0.052591,"28":0.033467,"29":0.009562,"30":0.04781,"31":0.038248,"32":0.033467,"33":0.009562,"34":0.086058,"35":0.014343,"36":0.014343,"37":0.009562,"38":0.114744,"39":0.071715,"40":0.023905,"41":0.04781,"42":0.014343,"43":0.38248,"44":0.014343,"45":1.252622,"46":0.057372,"47":0.210364,"48":0.210364,"49":1.276527,"50":3.327576,"51":10.609039,"52":0.033467,"53":0.009562,"54":null},"opera":{"9":null,"9.5-9.6":null,"10.0-10.1":0,"10.5":null,"10.6":null,"11":0.004781,"11.1":0.004781,"11.5":0.004781,"11.6":0.009562,"12":0.014343,"12.1":0.081277,"15":null,"16":0.009562,"17":null,"18":null,"19":null,"20":null,"21":0.004781,"22":null,"23":null,"24":null,"25":null,"26":null,"27":null,"28":null,"29":null,"30":null,"31":null,"32":null,"33":null,"34":null,"35":0.014343,"36":0.19124,"37":0.176897,"38":1.353023,"39":null,"40":null},"safari":{"3.1":null,"3.2":null,"4":0,"5":0.009562,"5.1":null,"6":null,"6.1":null,"7":0.009562,"7.1":null,"8":0.009562,"9":0.086058,"9.1":0.387261,"10":null,"0":null},"ios_saf":{"3.2":0,"4.0-4.1":0,"4.2-4.3":0,"5.0-5.1":0,"6.0-6.1":0,"7.0-7.1":0.0288388659581,"8":0,"8.1-8.4":0.0577908255082,"9.0-9.2":0.124742231968,"9.3":0.884618076566},"android":{"2.1":0,"2.2":0,"2.3":0.032233377569,"3":0,"4":0.212203068996,"4.1":0.741367684087,"4.2-4.3":1.56600492689,"4.4":4.12855844363,"4.4.3-4.4.4":2.46853949883,"50":null},"op_mob":{"10":0,"11":0,"11.1":0,"11.5":0,"12":0,"12.1":0.039013006015,"0":1.71657226466},"ie":{"5.5":null,"6":null,"7":0.0153166142384,"8":0.255276903974,"9":0.086794147351,"10":0.336965513245,"11":2.38939182119},"bb":{"7":0.0078285,"10":null},"ie_mob":{"10":0.093203959596,"11":0.261688040404},"edge":{"12":0.076496,"13":0.100401,"14":null},"and_ff":{"0":0.088723},"and_uc":{"0":2.004096},"op_mini":{"5.0-8.0":24.1880637293},"and_chr":{"0":14.176612},"samsung":{"0":0.542776}},"total":98.6586675}