{"id":"KN","name":"Saint Kitts and Nevis","month":"2016-06","access_date":"2016-07-06","data":{"firefox":{"2":null,"3":null,"3.5":null,"3.6":null,"4":null,"5":null,"6":null,"7":null,"8":null,"9":0.09768,"10":null,"11":null,"12":null,"13":null,"14":null,"15":null,"16":0.006512,"17":null,"18":null,"19":null,"20":null,"21":null,"22":null,"23":null,"24":null,"25":null,"26":null,"27":null,"28":null,"29":null,"30":null,"31":0.039072,"32":null,"33":null,"34":0.403744,"35":null,"36":null,"37":0.019536,"38":0.006512,"39":0.110704,"40":null,"41":0.045584,"42":0.058608,"43":0.045584,"44":0.117216,"45":0.156288,"46":1.628,"47":3.894176,"48":0.045584,"49":null,"50":null},"chrome":{"4":null,"5":null,"6":null,"7":null,"8":null,"9":null,"10":null,"11":0.052096,"12":null,"13":null,"14":null,"15":0.006512,"16":0.006512,"17":null,"18":null,"19":0.019536,"20":null,"21":0.013024,"22":0.006512,"23":0.006512,"24":null,"25":null,"26":0.013024,"27":0.013024,"28":0.026048,"29":0.514448,"30":0.019536,"31":0.019536,"32":0.045584,"33":0.03256,"34":null,"35":0.006512,"36":0.026048,"37":0.013024,"38":0.013024,"39":0.03256,"40":0.013024,"41":0.019536,"42":0.013024,"43":0.084656,"44":0.058608,"45":0.638176,"46":0.104192,"47":0.266992,"48":0.149776,"49":1.816848,"50":9.728928,"51":26.230336,"52":0.091168,"53":0.247456,"54":null},"opera":{"9":null,"9.5-9.6":null,"10.0-10.1":0,"10.5":null,"10.6":null,"11":null,"11.1":null,"11.5":null,"11.6":null,"12":null,"12.1":0.091168,"15":null,"16":null,"17":null,"18":null,"19":null,"20":null,"21":null,"22":null,"23":null,"24":null,"25":null,"26":null,"27":0.013024,"28":0.006512,"29":0.013024,"30":null,"31":null,"32":null,"33":null,"34":0.019536,"35":0.026048,"36":0.006512,"37":0.123728,"38":0.182336,"39":null,"40":null},"safari":{"3.1":null,"3.2":null,"4":0,"5":0.019536,"5.1":0.136752,"6":0.006512,"6.1":0.091168,"7":0.006512,"7.1":0.006512,"8":0.234432,"9":0.475376,"9.1":2.9304,"10":null,"0":null},"ios_saf":{"3.2":0,"4.0-4.1":0,"4.2-4.3":0,"5.0-5.1":0,"6.0-6.1":0,"7.0-7.1":0.23036780518,"8":0,"8.1-8.4":0.461639013518,"9.0-9.2":0.996453682798,"9.3":7.0664194985},"android":{"2.1":0,"2.2":0,"2.3":0.0152628162067,"3":0,"4":0.100480206694,"4.1":0.351044772754,"4.2-4.3":0.741518487375,"4.4":1.95491237581,"4.4.3-4.4.4":1.16887734116,"50":null},"op_mob":{"10":0,"11":0,"11.1":0,"11.5":0,"12":0,"12.1":0.000923139849624,"0":0.0406181533835},"ie":{"5.5":null,"6":null,"7":null,"8":0.169731608426,"9":0.137090914498,"10":0.20890044114,"11":4.75248503594},"bb":{"7":0.224976,"10":null},"ie_mob":{"10":0.154810828283,"11":0.434661171717},"edge":{"12":0.299552,"13":3.54904,"14":0.006512},"and_ff":{"0":0.045344},"and_uc":{"0":0.306944},"op_mini":{"5.0-8.0":0.572346706767},"and_chr":{"0":18.187392},"samsung":{"0":3.917024}},"total":97.507568}