{"id":"KP","name":"North Korea","month":"2016-06","access_date":"2016-07-06","data":{"firefox":{"2":null,"3":null,"3.5":null,"3.6":null,"4":null,"5":null,"6":null,"7":null,"8":null,"9":null,"10":null,"11":null,"12":0.723976,"13":null,"14":null,"15":null,"16":null,"17":null,"18":0.038104,"19":null,"20":null,"21":null,"22":null,"23":null,"24":0.038104,"25":null,"26":null,"27":null,"28":null,"29":0.066682,"30":0.038104,"31":null,"32":null,"33":0.019052,"34":null,"35":null,"36":null,"37":0.23815,"38":null,"39":null,"40":0.019052,"41":0.038104,"42":0.066682,"43":0.276254,"44":0.209572,"45":0.447722,"46":2.76254,"47":6.95398,"48":0.085734,"49":null,"50":null},"chrome":{"4":null,"5":null,"6":null,"7":null,"8":null,"9":null,"10":null,"11":null,"12":null,"13":null,"14":null,"15":0.038104,"16":null,"17":null,"18":null,"19":null,"20":null,"21":null,"22":4.38196,"23":null,"24":null,"25":null,"26":0.171468,"27":0.123838,"28":0.23815,"29":null,"30":null,"31":null,"32":2.19098,"33":null,"34":null,"35":null,"36":0.019052,"37":0.038104,"38":0.038104,"39":null,"40":1.038334,"41":null,"42":0.828762,"43":3.105476,"44":null,"45":1.228854,"46":0.038104,"47":0.295306,"48":3.019742,"49":13.993694,"50":20.4809,"51":22.29084,"52":null,"53":0.019052,"54":null},"opera":{"9":null,"9.5-9.6":null,"10.0-10.1":0,"10.5":null,"10.6":null,"11":null,"11.1":null,"11.5":null,"11.6":null,"12":null,"12.1":null,"15":null,"16":null,"17":null,"18":null,"19":null,"20":null,"21":null,"22":null,"23":null,"24":null,"25":null,"26":null,"27":null,"28":null,"29":null,"30":null,"31":null,"32":null,"33":null,"34":null,"35":null,"36":null,"37":0.038104,"38":0.104786,"39":null,"40":null},"safari":{"3.1":null,"3.2":null,"4":0,"5":null,"5.1":null,"6":null,"6.1":null,"7":null,"7.1":null,"8":0.085734,"9":null,"9.1":0.314358,"10":null,"0":null},"ios_saf":{"3.2":0,"4.0-4.1":0,"4.2-4.3":0,"5.0-5.1":0,"6.0-6.1":0,"7.0-7.1":0.0381405902384,"8":0,"8.1-8.4":0.0764307514188,"9.0-9.2":0.164976749149,"9.3":1.16994390919},"android":{"2.1":0,"2.2":0,"2.3":0.00137941514974,"3":0,"4":0.00908114973576,"4.1":0.0317265484439,"4.2-4.3":0.0670165860247,"4.4":0.176680090429,"4.4.3-4.4.4":0.105640210217,"50":null},"op_mob":{"10":0,"11":0,"11.1":0,"11.5":0,"12":0,"12.1":0,"0":0},"ie":{"5.5":null,"6":0.0405986136072,"7":null,"8":1.81678795892,"9":1.78633899872,"10":0.477033709884,"11":3.78582071887},"bb":{"7":0.0392235,"10":null},"ie_mob":{"10":0.02054,"11":0.05767},"edge":{"12":0.066682,"13":0.314358,"14":null},"and_ff":{"0":null},"and_uc":{"0":0.195762},"op_mini":{"5.0-8.0":0},"and_chr":{"0":2.350566},"samsung":{"0":0.117552}},"total":99.0535675}