{"id":"KR","name":"South Korea","month":"2016-06","access_date":"2016-07-06","data":{"firefox":{"2":0.006465,"3":0.006465,"3.5":null,"3.6":0.01293,"4":null,"5":null,"6":0.01293,"7":null,"8":null,"9":null,"10":null,"11":null,"12":null,"13":null,"14":null,"15":null,"16":null,"17":null,"18":null,"19":null,"20":null,"21":0.02586,"22":null,"23":null,"24":null,"25":null,"26":null,"27":null,"28":null,"29":0.01293,"30":null,"31":0.01293,"32":null,"33":null,"34":0.019395,"35":null,"36":null,"37":0.01293,"38":0.006465,"39":0.006465,"40":0.019395,"41":0.01293,"42":0.02586,"43":0.032325,"44":0.019395,"45":0.02586,"46":0.46548,"47":0.80166,"48":0.02586,"49":null,"50":null},"chrome":{"4":null,"5":null,"6":null,"7":null,"8":null,"9":null,"10":null,"11":0.01293,"12":null,"13":null,"14":null,"15":null,"16":null,"17":null,"18":0.006465,"19":null,"20":null,"21":null,"22":null,"23":null,"24":null,"25":null,"26":0.006465,"27":0.096975,"28":0.01293,"29":0.80166,"30":0.02586,"31":1.17663,"32":0.019395,"33":null,"34":0.019395,"35":0.01293,"36":0.045255,"37":0.045255,"38":0.02586,"39":0.01293,"40":0.01293,"41":0.03879,"42":0.226275,"43":0.096975,"44":0.07758,"45":0.14223,"46":0.10344,"47":0.148695,"48":0.200415,"49":2.40498,"50":6.898155,"51":19.84755,"52":0.02586,"53":0.05172,"54":null},"opera":{"9":null,"9.5-9.6":null,"10.0-10.1":0,"10.5":null,"10.6":null,"11":null,"11.1":null,"11.5":null,"11.6":null,"12":null,"12.1":0.01293,"15":null,"16":null,"17":null,"18":null,"19":null,"20":null,"21":null,"22":null,"23":null,"24":null,"25":null,"26":null,"27":null,"28":0.019395,"29":null,"30":null,"31":null,"32":null,"33":null,"34":null,"35":null,"36":0.01293,"37":0.1293,"38":0.2586,"39":null,"40":null},"safari":{"3.1":null,"3.2":null,"4":0.019395,"5":0.02586,"5.1":0.045255,"6":0.02586,"6.1":0.019395,"7":0.045255,"7.1":0.006465,"8":0.15516,"9":0.213345,"9.1":0.872775,"10":null,"0":null},"ios_saf":{"3.2":0,"4.0-4.1":0,"4.2-4.3":0,"5.0-5.1":0,"6.0-6.1":0,"7.0-7.1":0.157525743473,"8":0,"8.1-8.4":0.31566923496,"9.0-9.2":0.681376059024,"9.3":4.83202496254},"android":{"2.1":0,"2.2":0,"2.3":0.00781920845567,"3":0,"4":0.0514764556665,"4.1":0.17984179448,"4.2-4.3":0.379883210804,"4.4":1.00151028303,"4.4.3-4.4.4":0.598821047563,"50":null},"op_mob":{"10":0,"11":0,"11.1":0,"11.5":0,"12":0,"12.1":0.000122228571429,"0":0.00537805714286},"ie":{"5.5":null,"6":0.0454432487521,"7":0.0649189267887,"8":1.48664342346,"9":1.55156235025,"10":1.96055158902,"11":18.2876616764},"bb":{"7":0.005301,"10":null},"ie_mob":{"10":0.00649684848485,"11":0.0182411515152},"edge":{"12":0.05172,"13":1.18956,"14":0.006465},"and_ff":{"0":0.014136},"and_uc":{"0":0.137826},"op_mini":{"5.0-8.0":0.0757817142857},"and_chr":{"0":20.636748},"samsung":{"0":8.753718}},"total":98.5272032146}