{"id":"KW","name":"Kuwait","month":"2016-06","access_date":"2016-07-06","data":{"firefox":{"2":null,"3":0.005914,"3.5":0.002957,"3.6":0.014785,"4":null,"5":null,"6":0.011828,"7":null,"8":null,"9":null,"10":0.002957,"11":0.005914,"12":0.011828,"13":null,"14":null,"15":null,"16":0.005914,"17":null,"18":null,"19":null,"20":0.005914,"21":0.002957,"22":null,"23":0.008871,"24":null,"25":null,"26":null,"27":null,"28":0.005914,"29":0.005914,"30":null,"31":0.011828,"32":0.008871,"33":0.008871,"34":0.011828,"35":0.005914,"36":0.008871,"37":0.008871,"38":0.017742,"39":0.02957,"40":0.008871,"41":0.032527,"42":0.02957,"43":0.121237,"44":0.053226,"45":0.094624,"46":0.85753,"47":1.386833,"48":0.073925,"49":null,"50":null},"chrome":{"4":null,"5":null,"6":null,"7":null,"8":null,"9":null,"10":null,"11":0.005914,"12":0.005914,"13":null,"14":0.005914,"15":0.008871,"16":null,"17":null,"18":null,"19":0.002957,"20":0.008871,"21":0.002957,"22":0.005914,"23":0.002957,"24":null,"25":null,"26":0.005914,"27":0.011828,"28":0.008871,"29":0.180377,"30":0.008871,"31":0.08871,"32":0.011828,"33":0.091667,"34":0.02957,"35":0.032527,"36":0.044355,"37":0.005914,"38":0.014785,"39":0.014785,"40":0.011828,"41":0.011828,"42":0.050269,"43":0.233603,"44":0.041398,"45":0.109409,"46":0.053226,"47":0.11828,"48":0.138979,"49":1.011294,"50":4.769641,"51":9.474228,"52":0.062097,"53":0.08871,"54":null},"opera":{"9":null,"9.5-9.6":null,"10.0-10.1":0,"10.5":null,"10.6":null,"11":null,"11.1":null,"11.5":null,"11.6":null,"12":null,"12.1":0.014785,"15":null,"16":null,"17":null,"18":null,"19":null,"20":null,"21":null,"22":null,"23":null,"24":null,"25":null,"26":null,"27":null,"28":0.002957,"29":null,"30":null,"31":null,"32":null,"33":null,"34":0.014785,"35":0.008871,"36":0.014785,"37":0.14785,"38":0.141936,"39":null,"40":null},"safari":{"3.1":null,"3.2":null,"4":0,"5":0.020699,"5.1":0.056183,"6":0.023656,"6.1":0.041398,"7":0.044355,"7.1":0.008871,"8":0.233603,"9":0.254302,"9.1":1.111832,"10":null,"0":null},"ios_saf":{"3.2":0,"4.0-4.1":0,"4.2-4.3":0,"5.0-5.1":0,"6.0-6.1":0,"7.0-7.1":0.479801195439,"8":0,"8.1-8.4":0.961483964194,"9.0-9.2":2.07537536694,"9.3":14.7176664734},"android":{"2.1":0,"2.2":0,"2.3":0.011662513212,"3":0,"4":0.0767782119789,"4.1":0.268237803876,"4.2-4.3":0.566603766882,"4.4":1.49377356723,"4.4.3-4.4.4":0.893154136817,"50":null},"op_mob":{"10":0,"11":0,"11.1":0,"11.5":0,"12":0,"12.1":0.0116924390977,"0":0.514467320301},"ie":{"5.5":null,"6":0.00593267972205,"7":0.0207643790272,"8":0.29070130638,"9":0.350028103601,"10":0.409354900821,"11":3.5922375717},"bb":{"7":0.01936825,"10":null},"ie_mob":{"10":0.0850851313131,"11":0.238892868687},"edge":{"12":0.115323,"13":0.792476,"14":null},"and_ff":{"0":0.035215},"and_uc":{"0":12.085788},"op_mini":{"5.0-8.0":7.2493122406},"and_chr":{"0":21.793628},"samsung":{"0":6.542947}},"total":97.4760561913}