{"id":"KY","name":"Cayman Islands","month":"2016-06","access_date":"2016-07-06","data":{"firefox":{"2":null,"3":null,"3.5":null,"3.6":0.017613,"4":null,"5":null,"6":null,"7":null,"8":null,"9":null,"10":0.017613,"11":0.005871,"12":0.005871,"13":null,"14":null,"15":null,"16":null,"17":null,"18":null,"19":0.011742,"20":null,"21":0.023484,"22":0.005871,"23":0.005871,"24":0.123291,"25":null,"26":null,"27":null,"28":null,"29":null,"30":0.011742,"31":0.005871,"32":null,"33":0.005871,"34":0.123291,"35":0.017613,"36":0.041097,"37":0.023484,"38":0.05871,"39":0.029355,"40":0.046968,"41":0.035226,"42":0.035226,"43":0.158517,"44":0.041097,"45":0.146775,"46":1.849365,"47":3.569568,"48":0.076323,"49":null,"50":null},"chrome":{"4":null,"5":null,"6":null,"7":null,"8":null,"9":null,"10":null,"11":0.011742,"12":null,"13":null,"14":null,"15":null,"16":null,"17":null,"18":null,"19":null,"20":null,"21":0.023484,"22":0.029355,"23":null,"24":null,"25":null,"26":0.046968,"27":null,"28":0.005871,"29":0.082194,"30":0.005871,"31":null,"32":0.005871,"33":null,"34":0.05871,"35":0.052839,"36":0.029355,"37":0.011742,"38":0.05871,"39":0.017613,"40":0.029355,"41":0.076323,"42":0.041097,"43":0.082194,"44":0.052839,"45":0.076323,"46":0.029355,"47":0.217227,"48":0.129162,"49":2.254464,"50":8.876952,"51":20.613081,"52":0.064581,"53":0.05871,"54":null},"opera":{"9":null,"9.5-9.6":null,"10.0-10.1":0,"10.5":null,"10.6":null,"11":null,"11.1":null,"11.5":null,"11.6":null,"12":null,"12.1":0.093936,"15":null,"16":null,"17":null,"18":null,"19":null,"20":null,"21":null,"22":null,"23":null,"24":null,"25":null,"26":null,"27":null,"28":0.011742,"29":0.011742,"30":null,"31":null,"32":null,"33":null,"34":null,"35":0.011742,"36":null,"37":0.135033,"38":0.140904,"39":null,"40":null},"safari":{"3.1":null,"3.2":null,"4":0.023484,"5":0.046968,"5.1":0.105678,"6":0.005871,"6.1":0.275937,"7":0.046968,"7.1":0.046968,"8":0.393357,"9":0.804327,"9.1":3.598923,"10":null,"0":null},"ios_saf":{"3.2":0,"4.0-4.1":0,"4.2-4.3":0,"5.0-5.1":0,"6.0-6.1":0,"7.0-7.1":0.466859188938,"8":0,"8.1-8.4":0.935549198225,"9.0-9.2":2.0193948447,"9.3":14.3206767681},"android":{"2.1":0,"2.2":0,"2.3":0.00894873752202,"3":0,"4":0.05891252202,"4.1":0.205820963006,"4.2-4.3":0.434759497945,"4.4":1.14618413095,"4.4.3-4.4.4":0.685324148561,"50":null},"op_mob":{"10":0,"11":0,"11.1":0,"11.5":0,"12":0,"12.1":0.000186315789474,"0":0.00819789473684},"ie":{"5.5":null,"6":0.005871,"7":null,"8":0.281808,"9":0.428583,"10":0.381615,"11":7.51488},"bb":{"7":0.23954,"10":null},"ie_mob":{"10":0.19849030303,"11":0.55729969697},"edge":{"12":0.205485,"13":2.501046,"14":null},"and_ff":{"0":0.06195},"and_uc":{"0":0.18172},"op_mini":{"5.0-8.0":0.115515789474},"and_chr":{"0":15.620854},"samsung":{"0":4.72885}},"total":98.603216}