{"id":"KZ","name":"Kazakhstan","month":"2016-06","access_date":"2016-07-06","data":{"firefox":{"2":0.013408,"3":0.060336,"3.5":0.120672,"3.6":0.348608,"4":0.026816,"5":0.006704,"6":0.013408,"7":0.006704,"8":null,"9":0.013408,"10":0.020112,"11":0.013408,"12":0.026816,"13":0.013408,"14":0.013408,"15":0.020112,"16":0.026816,"17":0.013408,"18":0.013408,"19":0.013408,"20":0.013408,"21":0.046928,"22":0.013408,"23":0.013408,"24":0.026816,"25":0.556432,"26":null,"27":0.006704,"28":0.026816,"29":0.013408,"30":0.013408,"31":0.03352,"32":0.013408,"33":0.03352,"34":0.013408,"35":0.053632,"36":0.03352,"37":0.020112,"38":0.13408,"39":0.03352,"40":0.040224,"41":0.053632,"42":0.107264,"43":0.187712,"44":0.107264,"45":0.241344,"46":2.48048,"47":3.640272,"48":0.026816,"49":null,"50":null},"chrome":{"4":0.020112,"5":0.03352,"6":0.013408,"7":0.006704,"8":0.013408,"9":0.013408,"10":0.040224,"11":0.040224,"12":0.040224,"13":0.026816,"14":0.03352,"15":0.040224,"16":0.053632,"17":0.073744,"18":0.060336,"19":0.03352,"20":0.060336,"21":0.06704,"22":0.13408,"23":0.06704,"24":0.053632,"25":0.053632,"26":0.093856,"27":0.060336,"28":0.073744,"29":0.777664,"30":0.020112,"31":0.053632,"32":0.020112,"33":0.046928,"34":0.053632,"35":0.026816,"36":0.03352,"37":0.046928,"38":0.040224,"39":0.087152,"40":0.107264,"41":0.073744,"42":0.080448,"43":0.455872,"44":0.107264,"45":0.214528,"46":0.10056,"47":0.207824,"48":0.496096,"49":2.460368,"50":8.661568,"51":22.243872,"52":0.127376,"53":0.321792,"54":null},"opera":{"9":null,"9.5-9.6":null,"10.0-10.1":0.006704,"10.5":0.013408,"10.6":0.046928,"11":0.020112,"11.1":0.013408,"11.5":0.03352,"11.6":0.10056,"12":0.174304,"12.1":0.978784,"15":0.006704,"16":0.013408,"17":0.013408,"18":0.020112,"19":0.006704,"20":0.026816,"21":0.013408,"22":null,"23":0.006704,"24":0.013408,"25":0.006704,"26":0.020112,"27":0.080448,"28":0.026816,"29":0.013408,"30":0.046928,"31":0.03352,"32":0.020112,"33":0.03352,"34":0.06704,"35":0.046928,"36":0.462576,"37":1.226832,"38":2.158688,"39":0.013408,"40":null},"safari":{"3.1":0.006704,"3.2":null,"4":0.053632,"5":0.073744,"5.1":0.073744,"6":0.013408,"6.1":0.013408,"7":0.013408,"7.1":null,"8":0.093856,"9":0.1676,"9.1":0.73744,"10":null,"0":null},"ios_saf":{"3.2":0,"4.0-4.1":0,"4.2-4.3":0,"5.0-5.1":0,"6.0-6.1":0,"7.0-7.1":0.184240854917,"8":0,"8.1-8.4":0.36920422299,"9.0-9.2":0.79693201166,"9.3":5.65149791043},"android":{"2.1":0,"2.2":0,"2.3":0.0104828596594,"3":0,"4":0.0690121594245,"4.1":0.241105772167,"4.2-4.3":0.50929226512,"4.4":1.34267960804,"4.4.3-4.4.4":0.802812335584,"50":null},"op_mob":{"10":0,"11":0,"11.1":0,"11.5":0,"12":0,"12.1":0.00270041353383,"0":0.118818195489},"ie":{"5.5":null,"6":0.0206808242424,"7":0.0206808242424,"8":0.696254416162,"9":0.206808242424,"10":0.406722876768,"11":2.06118881616},"bb":{"7":0.00576625,"10":null},"ie_mob":{"10":0.0726896969697,"11":0.20409030303},"edge":{"12":0.053632,"13":0.589952,"14":null},"and_ff":{"0":0.01977},"and_uc":{"0":1.657385},"op_mini":{"5.0-8.0":1.67425639098},"and_chr":{"0":17.443145},"samsung":{"0":2.830405}},"total":91.91543825}