{"id":"LA","name":"Lao","month":"2016-06","access_date":"2016-07-06","data":{"firefox":{"2":null,"3":0.004818,"3.5":0.004818,"3.6":0.036135,"4":0.009636,"5":0.009636,"6":0.012045,"7":0.007227,"8":0.009636,"9":0.007227,"10":0.012045,"11":0.007227,"12":0.02409,"13":0.02409,"14":0.014454,"15":0.007227,"16":0.009636,"17":0.007227,"18":0.004818,"19":0.004818,"20":0.009636,"21":0.007227,"22":0.007227,"23":0.014454,"24":0.009636,"25":0.007227,"26":0.02409,"27":null,"28":0.002409,"29":0.019272,"30":0.060225,"31":0.012045,"32":0.012045,"33":0.021681,"34":0.040953,"35":0.125268,"36":0.031317,"37":0.019272,"38":0.038544,"39":0.036135,"40":0.036135,"41":0.028908,"42":0.050589,"43":0.183084,"44":0.113223,"45":0.166221,"46":1.125003,"47":1.910337,"48":0.245718,"49":null,"50":null},"chrome":{"4":0.002409,"5":null,"6":null,"7":null,"8":null,"9":0.002409,"10":0.012045,"11":0.149358,"12":0.026499,"13":0.004818,"14":null,"15":0.021681,"16":0.012045,"17":0.004818,"18":0.009636,"19":0.007227,"20":0.043362,"21":0.007227,"22":0.004818,"23":0.014454,"24":0.004818,"25":0.009636,"26":0.004818,"27":0.014454,"28":0.012045,"29":0.016863,"30":0.009636,"31":0.052998,"32":0.012045,"33":0.093951,"34":0.016863,"35":0.014454,"36":0.019272,"37":0.007227,"38":0.02409,"39":0.019272,"40":0.031317,"41":0.007227,"42":0.016863,"43":2.620992,"44":0.043362,"45":0.187902,"46":0.045771,"47":0.093951,"48":0.084315,"49":0.423984,"50":1.987425,"51":6.024909,"52":0.04818,"53":0.14454,"54":null},"opera":{"9":null,"9.5-9.6":null,"10.0-10.1":0,"10.5":null,"10.6":null,"11":null,"11.1":null,"11.5":null,"11.6":null,"12":null,"12.1":null,"15":null,"16":null,"17":null,"18":0.002409,"19":null,"20":null,"21":null,"22":null,"23":null,"24":null,"25":null,"26":null,"27":null,"28":0.007227,"29":0.002409,"30":0.004818,"31":null,"32":0.016863,"33":null,"34":0.038544,"35":0.016863,"36":0.009636,"37":0.084315,"38":0.098769,"39":null,"40":null},"safari":{"3.1":null,"3.2":null,"4":0,"5":0.002409,"5.1":0.067452,"6":0.012045,"6.1":0.016863,"7":0.02409,"7.1":0.004818,"8":0.067452,"9":0.154176,"9.1":0.402303,"10":null,"0":null},"ios_saf":{"3.2":0,"4.0-4.1":0,"4.2-4.3":0,"5.0-5.1":0,"6.0-6.1":0,"7.0-7.1":0.522326754205,"8":0,"8.1-8.4":1.04670184862,"9.0-9.2":2.25931925446,"9.3":16.0221171427},"android":{"2.1":0,"2.2":0,"2.3":0.0389935807399,"3":0,"4":0.256707739871,"4.1":0.896852357017,"4.2-4.3":1.89443813095,"4.4":4.99442779977,"4.4.3-4.4.4":2.98625839166,"50":null},"op_mob":{"10":0,"11":0,"11.1":0,"11.5":0,"12":0,"12.1":0.00345875639098,"0":0.152185281203},"ie":{"5.5":null,"6":0.00490146141732,"7":0.00245073070866,"8":0.313693530709,"9":0.144593111811,"10":0.117635074016,"11":0.972940091339},"bb":{"7":0.00189775,"10":null},"ie_mob":{"10":0.667854646465,"11":1.87513035354},"edge":{"12":0.057816,"13":0.161403,"14":null},"and_ff":{"0":0.045546},"and_uc":{"0":1.298061},"op_mini":{"5.0-8.0":2.14442896241},"and_chr":{"0":33.37022},"samsung":{"0":8.494329}},"total":98.77082575}