{"id":"LB","name":"Lebanon","month":"2016-06","access_date":"2016-07-06","data":{"firefox":{"2":null,"3":0.030765,"3.5":null,"3.6":0.01758,"4":0.00879,"5":0.030765,"6":0.004395,"7":null,"8":null,"9":0.004395,"10":0.013185,"11":0.004395,"12":0.02637,"13":0.013185,"14":null,"15":0.00879,"16":0.013185,"17":null,"18":null,"19":null,"20":null,"21":0.00879,"22":null,"23":null,"24":null,"25":null,"26":0.013185,"27":0.00879,"28":0.004395,"29":0.013185,"30":0.021975,"31":0.013185,"32":0.004395,"33":0.00879,"34":0.013185,"35":0.048345,"36":0.01758,"37":0.01758,"38":0.065925,"39":0.048345,"40":0.04395,"41":0.057135,"42":0.057135,"43":0.171405,"44":0.11427,"45":0.408735,"46":1.91622,"47":3.04134,"48":0.14943,"49":null,"50":null},"chrome":{"4":0.00879,"5":0.004395,"6":0.00879,"7":null,"8":0.013185,"9":0.013185,"10":0.021975,"11":0.030765,"12":0.00879,"13":0.013185,"14":0.004395,"15":0.013185,"16":0.00879,"17":0.00879,"18":0.00879,"19":null,"20":0.004395,"21":0.01758,"22":0.013185,"23":0.004395,"24":0.004395,"25":0.004395,"26":0.01758,"27":0.013185,"28":0.004395,"29":0.09669,"30":0.030765,"31":0.07032,"32":0.021975,"33":0.074715,"34":0.021975,"35":0.03516,"36":0.030765,"37":0.00879,"38":0.06153,"39":0.057135,"40":0.04395,"41":0.013185,"42":0.030765,"43":0.145035,"44":0.11427,"45":0.153825,"46":0.118665,"47":0.12306,"48":0.21975,"49":1.6701,"50":6.983655,"51":16.19118,"52":0.14943,"53":0.0879,"54":null},"opera":{"9":null,"9.5-9.6":null,"10.0-10.1":0,"10.5":null,"10.6":null,"11":null,"11.1":null,"11.5":null,"11.6":null,"12":null,"12.1":0.013185,"15":null,"16":null,"17":null,"18":null,"19":null,"20":null,"21":null,"22":null,"23":null,"24":null,"25":null,"26":null,"27":null,"28":null,"29":null,"30":null,"31":null,"32":null,"33":null,"34":null,"35":null,"36":0.021975,"37":0.1758,"38":0.28128,"39":0.004395,"40":null},"safari":{"3.1":null,"3.2":null,"4":0.004395,"5":0.07032,"5.1":0.1758,"6":0.06153,"6.1":0.09669,"7":0.145035,"7.1":0.057135,"8":0.584535,"9":0.65046,"9.1":1.516275,"10":null,"0":null},"ios_saf":{"3.2":0,"4.0-4.1":0,"4.2-4.3":0,"5.0-5.1":0,"6.0-6.1":0,"7.0-7.1":0.362287243834,"8":0,"8.1-8.4":0.725995221959,"9.0-9.2":1.56706992137,"9.3":11.1129836128},"android":{"2.1":0,"2.2":0,"2.3":0.0288957533764,"3":0,"4":0.190230376395,"4.1":0.664602327657,"4.2-4.3":1.4038520182,"4.4":3.70106441163,"4.4.3-4.4.4":2.21293311274,"50":null},"op_mob":{"10":0,"11":0,"11.1":0,"11.5":0,"12":0,"12.1":0.00219181954887,"0":0.0964400601504},"ie":{"5.5":null,"6":0.0176909148265,"7":0.0309591009464,"8":0.504191072555,"9":0.437850141956,"10":0.283054637224,"11":2.92784640379},"bb":{"7":0.050454,"10":null},"ie_mob":{"10":0.0294456565657,"11":0.0826743434343},"edge":{"12":0.153825,"13":0.73836,"14":null},"and_ff":{"0":0.016818},"and_uc":{"0":1.636952},"op_mini":{"5.0-8.0":1.3589281203},"and_chr":{"0":23.330445},"samsung":{"0":8.151124}},"total":98.9261492713}