{"id":"LC","name":"Saint Lucia","month":"2016-06","access_date":"2016-07-06","data":{"firefox":{"2":null,"3":0.02646,"3.5":0.046305,"3.6":0.01323,"4":null,"5":null,"6":null,"7":null,"8":null,"9":null,"10":null,"11":0.046305,"12":null,"13":0.01323,"14":null,"15":null,"16":null,"17":null,"18":null,"19":null,"20":null,"21":null,"22":null,"23":null,"24":null,"25":null,"26":null,"27":null,"28":null,"29":null,"30":null,"31":0.01323,"32":null,"33":0.006615,"34":null,"35":null,"36":0.019845,"37":null,"38":0.072765,"39":0.019845,"40":0.02646,"41":0.019845,"42":0.06615,"43":0.059535,"44":0.059535,"45":0.072765,"46":1.951425,"47":2.89737,"48":6.462855,"49":1.28331,"50":null},"chrome":{"4":null,"5":null,"6":null,"7":null,"8":null,"9":null,"10":null,"11":0.05292,"12":null,"13":null,"14":null,"15":0.033075,"16":null,"17":null,"18":0.019845,"19":null,"20":null,"21":null,"22":0.10584,"23":null,"24":null,"25":null,"26":null,"27":0.046305,"28":null,"29":0.403515,"30":null,"31":0.01323,"32":0.019845,"33":0.006615,"34":0.01323,"35":0.05292,"36":0.05292,"37":0.17199,"38":0.006615,"39":0.019845,"40":0.019845,"41":0.03969,"42":0.019845,"43":0.63504,"44":0.07938,"45":0.31752,"46":0.03969,"47":0.10584,"48":0.244755,"49":1.01871,"50":7.296345,"51":21.174615,"52":0.085995,"53":0.23814,"54":null},"opera":{"9":null,"9.5-9.6":null,"10.0-10.1":0,"10.5":null,"10.6":null,"11":null,"11.1":null,"11.5":null,"11.6":null,"12":null,"12.1":0.019845,"15":null,"16":null,"17":null,"18":null,"19":null,"20":null,"21":null,"22":null,"23":null,"24":null,"25":null,"26":null,"27":null,"28":null,"29":0.05292,"30":null,"31":null,"32":null,"33":0.006615,"34":null,"35":0.01323,"36":0.046305,"37":0.429975,"38":0.429975,"39":null,"40":null},"safari":{"3.1":null,"3.2":null,"4":0,"5":0.033075,"5.1":0.019845,"6":null,"6.1":0.046305,"7":null,"7.1":null,"8":0.19845,"9":0.21168,"9.1":1.303155,"10":null,"0":null},"ios_saf":{"3.2":0,"4.0-4.1":0,"4.2-4.3":0,"5.0-5.1":0,"6.0-6.1":0,"7.0-7.1":0.0871992905789,"8":0,"8.1-8.4":0.17474053916,"9.0-9.2":0.377179676504,"9.3":2.67479549376},"android":{"2.1":0,"2.2":0,"2.3":0.024543734586,"3":0,"4":0.161579586025,"4.1":0.564505895479,"4.2-4.3":1.19241643864,"4.4":3.14364333823,"4.4.3-4.4.4":1.87964100705,"50":null},"op_mob":{"10":0,"11":0,"11.1":0,"11.5":0,"12":0,"12.1":0.0016645037594,"0":0.0732381654135},"ie":{"5.5":null,"6":null,"7":null,"8":0.21168,"9":0.30429,"10":0.178605,"11":6.72084},"bb":{"7":0.25133625,"10":null},"ie_mob":{"10":0.289810707071,"11":0.813699292929},"edge":{"12":0.800415,"13":3.605175,"14":null},"and_ff":{"0":0.016925},"and_uc":{"0":1.12382},"op_mini":{"5.0-8.0":1.03199233083},"and_chr":{"0":21.43638},"samsung":{"0":2.26118}},"total":97.72387125}