{"id":"LI","name":"Liechtenstein","month":"2016-06","access_date":"2016-07-06","data":{"firefox":{"2":null,"3":null,"3.5":null,"3.6":null,"4":null,"5":null,"6":null,"7":null,"8":null,"9":0.1072,"10":null,"11":null,"12":0.0469,"13":null,"14":null,"15":0.0067,"16":null,"17":null,"18":null,"19":null,"20":null,"21":null,"22":null,"23":null,"24":null,"25":0.0268,"26":null,"27":null,"28":0.0134,"29":null,"30":0.0737,"31":0.0067,"32":0.0201,"33":0.0067,"34":0.0469,"35":0.0134,"36":0.1407,"37":0.0268,"38":0.6901,"39":0.0938,"40":0.0402,"41":0.0938,"42":0.134,"43":0.1407,"44":0.1005,"45":0.3417,"46":4.1205,"47":7.6045,"48":0.0335,"49":0.0134,"50":null},"chrome":{"4":null,"5":null,"6":null,"7":null,"8":null,"9":null,"10":null,"11":0.0067,"12":null,"13":null,"14":null,"15":null,"16":null,"17":null,"18":null,"19":null,"20":null,"21":null,"22":0.0067,"23":null,"24":null,"25":null,"26":0.0335,"27":null,"28":null,"29":null,"30":null,"31":null,"32":null,"33":0.0134,"34":null,"35":null,"36":0.067,"37":null,"38":0.0067,"39":null,"40":null,"41":0.0067,"42":0.0134,"43":0.0268,"44":null,"45":0.1675,"46":0.0201,"47":0.0402,"48":0.201,"49":0.6432,"50":4.9647,"51":11.0684,"52":0.0603,"53":0.0268,"54":null},"opera":{"9":null,"9.5-9.6":null,"10.0-10.1":0,"10.5":null,"10.6":null,"11":null,"11.1":null,"11.5":null,"11.6":null,"12":null,"12.1":0.0134,"15":null,"16":null,"17":null,"18":null,"19":null,"20":null,"21":null,"22":null,"23":null,"24":null,"25":null,"26":null,"27":null,"28":null,"29":null,"30":null,"31":null,"32":null,"33":null,"34":null,"35":0.0067,"36":0.0134,"37":0.0737,"38":0.1675,"39":0.0201,"40":0.0134},"safari":{"3.1":null,"3.2":null,"4":0.0402,"5":0.3082,"5.1":0.2479,"6":0.4288,"6.1":0.2278,"7":0.1139,"7.1":0.0603,"8":0.7772,"9":1.0117,"9.1":4.0468,"10":null,"0":null},"ios_saf":{"3.2":0,"4.0-4.1":0,"4.2-4.3":0,"5.0-5.1":0,"6.0-6.1":0,"7.0-7.1":0.526035187287,"8":0,"8.1-8.4":1.05413325766,"9.0-9.2":2.2753600454,"9.3":16.1358715096},"android":{"2.1":0,"2.2":0,"2.3":0.00220904286553,"3":0,"4":0.0145428655314,"4.1":0.0508079859072,"4.2-4.3":0.107322665884,"4.4":0.282941573693,"4.4.3-4.4.4":0.169175866119,"50":null},"op_mob":{"10":0,"11":0,"11.1":0,"11.5":0,"12":0,"12.1":9.92481203008e-6,"0":0.000436691729323},"ie":{"5.5":null,"6":null,"7":null,"8":0.281736502242,"9":0.36223264574,"10":1.53613473842,"11":20.2581961136},"bb":{"7":0.005775,"10":null},"ie_mob":{"10":0.0927333333333,"11":0.260366666667},"edge":{"12":0.1139,"13":4.2478,"14":null},"and_ff":{"0":0.0297},"and_uc":{"0":0.0198},"op_mini":{"5.0-8.0":0.00615338345865},"and_chr":{"0":7.4839},"samsung":{"0":4.521}},"total":98.725075}