{"id":"LK","name":"Sri Lanka","month":"2016-06","access_date":"2016-07-06","data":{"firefox":{"2":null,"3":0.013665,"3.5":0.008199,"3.6":0.032796,"4":0.016398,"5":0.010932,"6":0.019131,"7":0.005466,"8":0.008199,"9":0.008199,"10":0.016398,"11":0.016398,"12":0.035529,"13":0.02733,"14":0.019131,"15":0.024597,"16":0.021864,"17":0.016398,"18":0.016398,"19":0.021864,"20":0.02733,"21":0.021864,"22":0.010932,"23":0.008199,"24":0.013665,"25":0.02733,"26":0.010932,"27":0.013665,"28":0.016398,"29":0.024597,"30":0.032796,"31":0.02733,"32":0.019131,"33":0.024597,"34":0.019131,"35":0.032796,"36":0.021864,"37":0.030063,"38":0.05466,"39":0.046461,"40":0.040995,"41":0.043728,"42":0.071058,"43":0.325227,"44":0.133917,"45":0.172179,"46":1.549611,"47":2.235594,"48":0.202242,"49":0.005466,"50":null},"chrome":{"4":0.005466,"5":0.013665,"6":0.010932,"7":0.016398,"8":0.002733,"9":0.008199,"10":0.013665,"11":0.084723,"12":0.019131,"13":0.008199,"14":0.005466,"15":0.005466,"16":0.010932,"17":0.008199,"18":0.010932,"19":0.008199,"20":0.008199,"21":0.008199,"22":0.010932,"23":0.010932,"24":0.005466,"25":0.016398,"26":0.013665,"27":0.013665,"28":0.035529,"29":0.092922,"30":0.02733,"31":0.062859,"32":0.010932,"33":0.057393,"34":0.010932,"35":0.019131,"36":0.019131,"37":0.008199,"38":0.040995,"39":0.05466,"40":0.024597,"41":0.013665,"42":0.046461,"43":0.112053,"44":0.060126,"45":0.232305,"46":0.062859,"47":0.142116,"48":0.207708,"49":0.880026,"50":3.839865,"51":10.144896,"52":0.103854,"53":0.079257,"54":null},"opera":{"9":null,"9.5-9.6":null,"10.0-10.1":0,"10.5":null,"10.6":null,"11":null,"11.1":null,"11.5":null,"11.6":0.008199,"12":0.002733,"12.1":0.016398,"15":0.008199,"16":0.002733,"17":0.002733,"18":0.002733,"19":0.002733,"20":0.005466,"21":0.005466,"22":0.008199,"23":null,"24":null,"25":null,"26":null,"27":null,"28":0.002733,"29":0.008199,"30":0.010932,"31":null,"32":0.005466,"33":0.016398,"34":0.02733,"35":0.021864,"36":0.038262,"37":0.254169,"38":0.360756,"39":0.005466,"40":null},"safari":{"3.1":null,"3.2":null,"4":0,"5":0.002733,"5.1":0.013665,"6":0.002733,"6.1":0.005466,"7":0.008199,"7.1":0.005466,"8":0.05466,"9":0.060126,"9.1":0.196776,"10":null,"0":null},"ios_saf":{"3.2":0,"4.0-4.1":0,"4.2-4.3":0,"5.0-5.1":0,"6.0-6.1":0,"7.0-7.1":0.0655874682695,"8":0,"8.1-8.4":0.131432142297,"9.0-9.2":0.283697950985,"9.3":2.01186343845},"android":{"2.1":0,"2.2":0,"2.3":0.0425010687023,"3":0,"4":0.27979870229,"4.1":0.977524580153,"4.2-4.3":2.06484358779,"4.4":5.44367854962,"4.4.3-4.4.4":3.25487351145,"50":null},"op_mob":{"10":0,"11":0,"11.1":0,"11.5":0,"12":0,"12.1":0.0252432631579,"0":1.11070357895},"ie":{"5.5":null,"6":0.0166200232108,"7":0.00831001160542,"8":0.426580595745,"9":0.0692500967118,"10":0.157890220503,"11":0.750671048356},"bb":{"7":0.02361775,"10":null},"ie_mob":{"10":0.809206141414,"11":2.27200185859},"edge":{"12":0.106587,"13":0.224106,"14":null},"and_ff":{"0":0.029068},"and_uc":{"0":9.563372},"op_mini":{"5.0-8.0":15.6508231579},"and_chr":{"0":21.3374},"samsung":{"0":6.743776}},"total":97.3602307461}