{"id":"LR","name":"Liberia","month":"2016-06","access_date":"2016-07-06","data":{"firefox":{"2":0.002118,"3":0.038124,"3.5":0.038124,"3.6":0.050832,"4":0.078366,"5":0.027534,"6":0.004236,"7":0.012708,"8":0.004236,"9":0.002118,"10":0.029652,"11":0.014826,"12":0.06354,"13":0.006354,"14":0.014826,"15":0.02118,"16":0.023298,"17":0.059304,"18":0.006354,"19":0.019062,"20":0.029652,"21":0.033888,"22":0.023298,"23":0.006354,"24":0.110136,"25":0.014826,"26":0.06354,"27":0.12708,"28":0.006354,"29":0.03177,"30":0.036006,"31":0.029652,"32":0.02118,"33":0.036006,"34":0.023298,"35":0.04236,"36":0.014826,"37":0.04236,"38":0.048714,"39":0.038124,"40":0.040242,"41":0.046596,"42":0.086838,"43":0.300756,"44":0.19062,"45":0.196974,"46":1.321632,"47":1.596972,"48":0.171558,"49":null,"50":0.004236},"chrome":{"4":0.002118,"5":null,"6":null,"7":null,"8":null,"9":null,"10":null,"11":0.057186,"12":null,"13":null,"14":null,"15":null,"16":0.004236,"17":null,"18":0.002118,"19":0.002118,"20":0.01059,"21":null,"22":0.006354,"23":null,"24":null,"25":0.002118,"26":0.02118,"27":null,"28":null,"29":0.016944,"30":null,"31":0.012708,"32":0.012708,"33":0.014826,"34":0.004236,"35":null,"36":0.006354,"37":0.004236,"38":0.016944,"39":0.019062,"40":0.082602,"41":0.008472,"42":0.01059,"43":0.118608,"44":0.023298,"45":0.33888,"46":0.029652,"47":0.114372,"48":0.131316,"49":0.567624,"50":2.050224,"51":4.763382,"52":0.478668,"53":0.050832,"54":null},"opera":{"9":null,"9.5-9.6":null,"10.0-10.1":0,"10.5":null,"10.6":null,"11":0.004236,"11.1":null,"11.5":null,"11.6":0.004236,"12":null,"12.1":0.036006,"15":null,"16":null,"17":null,"18":0.004236,"19":0.002118,"20":null,"21":0.01059,"22":0.004236,"23":null,"24":0.008472,"25":null,"26":null,"27":0.008472,"28":0.012708,"29":0.144024,"30":0.002118,"31":null,"32":0.02118,"33":0.014826,"34":0.016944,"35":0.03177,"36":0.088956,"37":0.199092,"38":0.400302,"39":null,"40":null},"safari":{"3.1":null,"3.2":null,"4":0,"5":0.006354,"5.1":0.02118,"6":0.004236,"6.1":0.02118,"7":0.004236,"7.1":null,"8":0.120726,"9":0.07413,"9.1":0.521028,"10":null,"0":null},"ios_saf":{"3.2":0,"4.0-4.1":0,"4.2-4.3":0,"5.0-5.1":0,"6.0-6.1":0,"7.0-7.1":0.0613902961511,"8":0,"8.1-8.4":0.123021338562,"9.0-9.2":0.265543124136,"9.3":1.88311724115},"android":{"2.1":0,"2.2":0,"2.3":0.0580666893717,"3":0,"4":0.382272371697,"4.1":1.33553385555,"4.2-4.3":2.82107332531,"4.4":7.43737513036,"4.4.3-4.4.4":4.44694062772,"50":null},"op_mob":{"10":0,"11":0,"11.1":0,"11.5":0,"12":0,"12.1":0.0452652,"0":1.9916688},"ie":{"5.5":null,"6":0.00212131455399,"7":0.01060657277,"8":0.371230046948,"9":0.0487902347418,"10":0.335167699531,"11":1.94312413146},"bb":{"7":0.03941,"10":null},"ie_mob":{"10":0.370533616162,"11":1.04034438384},"edge":{"12":0.2118,"13":0.665052,"14":null},"and_ff":{"0":0.03941},"and_uc":{"0":6.888868},"op_mini":{"5.0-8.0":28.064424},"and_chr":{"0":19.97288},"samsung":{"0":2.025674}},"total":98.905492}