{"id":"LS","name":"Lesotho","month":"2016-06","access_date":"2016-07-06","data":{"firefox":{"2":null,"3":0.049536,"3.5":null,"3.6":0.009288,"4":0.001548,"5":0.006192,"6":null,"7":null,"8":null,"9":null,"10":0.009288,"11":0.006192,"12":0.003096,"13":0.006192,"14":0.001548,"15":0.003096,"16":0.004644,"17":0.001548,"18":0.001548,"19":0.009288,"20":0.004644,"21":0.035604,"22":null,"23":0.009288,"24":null,"25":null,"26":null,"27":null,"28":0.006192,"29":0.003096,"30":0.01548,"31":0.001548,"32":0.004644,"33":0.004644,"34":0.004644,"35":0.003096,"36":0.001548,"37":0.021672,"38":0.012384,"39":0.032508,"40":0.00774,"41":0.010836,"42":0.012384,"43":0.109908,"44":0.024768,"45":0.06192,"46":0.58824,"47":0.927252,"48":0.089784,"49":null,"50":null},"chrome":{"4":null,"5":null,"6":null,"7":null,"8":null,"9":null,"10":0.003096,"11":0.026316,"12":null,"13":null,"14":null,"15":null,"16":0.001548,"17":null,"18":0.001548,"19":null,"20":0.001548,"21":0.003096,"22":null,"23":null,"24":null,"25":null,"26":0.041796,"27":null,"28":null,"29":0.013932,"30":null,"31":0.013932,"32":0.004644,"33":0.01548,"34":0.004644,"35":0.006192,"36":0.029412,"37":0.001548,"38":0.00774,"39":0.013932,"40":0.058824,"41":0.009288,"42":0.01548,"43":0.063468,"44":0.027864,"45":0.133128,"46":0.032508,"47":0.04644,"48":0.102168,"49":0.222912,"50":1.325088,"51":3.218292,"52":0.009288,"53":0.012384,"54":null},"opera":{"9":null,"9.5-9.6":null,"10.0-10.1":0,"10.5":null,"10.6":null,"11":null,"11.1":null,"11.5":0.00774,"11.6":0.001548,"12":null,"12.1":0.004644,"15":null,"16":null,"17":null,"18":0.001548,"19":null,"20":0.001548,"21":0.001548,"22":0.003096,"23":null,"24":null,"25":null,"26":null,"27":0.003096,"28":null,"29":0.004644,"30":0.017028,"31":null,"32":0.03096,"33":0.010836,"34":0.024768,"35":0.063468,"36":0.021672,"37":0.120744,"38":0.151704,"39":0.012384,"40":null},"safari":{"3.1":null,"3.2":null,"4":0,"5":0.003096,"5.1":0.018576,"6":null,"6.1":0.00774,"7":null,"7.1":0.010836,"8":0.018576,"9":0.00774,"9.1":0.08514,"10":null,"0":null},"ios_saf":{"3.2":0,"4.0-4.1":0,"4.2-4.3":0,"5.0-5.1":0,"6.0-6.1":0,"7.0-7.1":0.0140110803839,"8":0,"8.1-8.4":0.028077106181,"9.0-9.2":0.0606047908369,"9.3":0.429783022598},"android":{"2.1":0,"2.2":0,"2.3":0.0089631896653,"3":0,"4":0.0590076652965,"4.1":0.206153362302,"4.2-4.3":0.435461631239,"4.4":1.14803520963,"4.4.3-4.4.4":0.686430941867,"50":null},"op_mob":{"10":0,"11":0,"11.1":0,"11.5":0,"12":0,"12.1":0.0922856721805,"0":4.06056957594},"ie":{"5.5":null,"6":0.00464611186903,"7":0.00619481582538,"8":1.08719017735,"9":0.147126875853,"10":0.394919508868,"11":1.76397380628},"bb":{"7":0.346532,"10":null},"ie_mob":{"10":0.599323636364,"11":1.68271636364},"edge":{"12":0.068112,"13":0.36378,"14":null},"and_ff":{"0":0.025356},"and_uc":{"0":5.392376},"op_mini":{"5.0-8.0":57.2171167519},"and_chr":{"0":11.233636},"samsung":{"0":0.912816}},"total":96.684243296}