{"id":"LT","name":"Lithuania","month":"2016-06","access_date":"2016-07-06","data":{"firefox":{"2":null,"3":null,"3.5":null,"3.6":0.026334,"4":null,"5":null,"6":0.026334,"7":null,"8":null,"9":null,"10":null,"11":0.026334,"12":null,"13":null,"14":null,"15":null,"16":null,"17":0.017556,"18":null,"19":null,"20":0.008778,"21":0.008778,"22":null,"23":null,"24":0.017556,"25":null,"26":null,"27":null,"28":null,"29":0.008778,"30":0.008778,"31":0.026334,"32":null,"33":0.017556,"34":0.017556,"35":0.026334,"36":0.035112,"37":0.035112,"38":0.342342,"39":0.079002,"40":0.052668,"41":0.052668,"42":0.122892,"43":0.26334,"44":0.122892,"45":0.386232,"46":3.835986,"47":7.127736,"48":0.070224,"49":null,"50":null},"chrome":{"4":null,"5":null,"6":null,"7":null,"8":null,"9":null,"10":null,"11":0.017556,"12":null,"13":null,"14":null,"15":null,"16":null,"17":null,"18":0.026334,"19":null,"20":null,"21":null,"22":0.026334,"23":null,"24":null,"25":null,"26":0.017556,"27":null,"28":0.008778,"29":33.251064,"30":null,"31":0.026334,"32":0.008778,"33":0.017556,"34":0.035112,"35":0.026334,"36":0.026334,"37":0.035112,"38":0.04389,"39":0.114114,"40":0.04389,"41":0.052668,"42":0.017556,"43":0.114114,"44":0.052668,"45":0.114114,"46":0.079002,"47":0.210672,"48":0.298452,"49":2.10672,"50":7.189182,"51":19.215042,"52":0.08778,"53":0.061446,"54":null},"opera":{"9":null,"9.5-9.6":null,"10.0-10.1":0,"10.5":null,"10.6":null,"11":null,"11.1":null,"11.5":null,"11.6":0.008778,"12":0.008778,"12.1":0.17556,"15":null,"16":null,"17":null,"18":null,"19":null,"20":null,"21":null,"22":null,"23":null,"24":null,"25":null,"26":null,"27":null,"28":0.008778,"29":null,"30":0.008778,"31":0.008778,"32":null,"33":0.008778,"34":0.052668,"35":0.026334,"36":0.237006,"37":0.798798,"38":1.474704,"39":0.008778,"40":null},"safari":{"3.1":null,"3.2":null,"4":0.008778,"5":0.017556,"5.1":0.052668,"6":null,"6.1":0.035112,"7":0.026334,"7.1":0.008778,"8":0.105336,"9":0.289674,"9.1":1.035804,"10":null,"0":null},"ios_saf":{"3.2":0,"4.0-4.1":0,"4.2-4.3":0,"5.0-5.1":0,"6.0-6.1":0,"7.0-7.1":0.0523369409762,"8":0,"8.1-8.4":0.104879124858,"9.0-9.2":0.226382925085,"9.3":1.60541000908},"android":{"2.1":0,"2.2":0,"2.3":0.00323496887845,"3":0,"4":0.0212968784498,"4.1":0.0744042842043,"4.2-4.3":0.157165571345,"4.4":0.414345597181,"4.4.3-4.4.4":0.247744699941,"50":null},"op_mob":{"10":0,"11":0,"11.1":0,"11.5":0,"12":0,"12.1":0.000620598496241,"0":0.0273063338346},"ie":{"5.5":null,"6":0.026489515748,"7":0.00882983858268,"8":0.300214511811,"9":0.194256448819,"10":0.256065318898,"11":3.69970236614},"bb":{"7":0.00763125,"10":null},"ie_mob":{"10":0.111271333333,"11":0.312415666667},"edge":{"12":0.08778,"13":1.176252,"14":null},"and_ff":{"0":0.028083},"and_uc":{"0":0.053724},"op_mini":{"5.0-8.0":0.384771067669},"and_chr":{"0":6.763053},"samsung":{"0":1.809522}},"total":98.64944925}