{"id":"LU","name":"Luxembourg","month":"2016-06","access_date":"2016-07-06","data":{"firefox":{"2":null,"3":0.013566,"3.5":null,"3.6":0.027132,"4":null,"5":null,"6":0.033915,"7":null,"8":null,"9":null,"10":0.020349,"11":null,"12":0.013566,"13":null,"14":null,"15":null,"16":0.020349,"17":0.033915,"18":null,"19":0.006783,"20":0.006783,"21":0.006783,"22":null,"23":0.006783,"24":0.040698,"25":0.033915,"26":0.033915,"27":0.020349,"28":0.027132,"29":0.074613,"30":0.06783,"31":0.501942,"32":0.027132,"33":0.054264,"34":0.033915,"35":0.061047,"36":0.040698,"37":0.047481,"38":0.501942,"39":0.128877,"40":0.142443,"41":0.081396,"42":0.603687,"43":0.27132,"44":0.176358,"45":0.902139,"46":5.548494,"47":7.915761,"48":0.081396,"49":0.013566,"50":null},"chrome":{"4":null,"5":null,"6":null,"7":null,"8":null,"9":null,"10":0.006783,"11":0.013566,"12":null,"13":null,"14":null,"15":null,"16":null,"17":null,"18":null,"19":null,"20":0.006783,"21":0.006783,"22":0.020349,"23":null,"24":null,"25":0.013566,"26":0.013566,"27":null,"28":0.006783,"29":0.664734,"30":0.013566,"31":0.020349,"32":0.054264,"33":0.013566,"34":0.027132,"35":0.027132,"36":0.033915,"37":0.027132,"38":0.027132,"39":0.061047,"40":0.020349,"41":0.020349,"42":0.027132,"43":0.115311,"44":0.033915,"45":0.230622,"46":0.074613,"47":0.156009,"48":0.298452,"49":1.505826,"50":5.779116,"51":15.05826,"52":0.081396,"53":0.033915,"54":null},"opera":{"9":null,"9.5-9.6":null,"10.0-10.1":0,"10.5":null,"10.6":null,"11":null,"11.1":null,"11.5":null,"11.6":0.006783,"12":null,"12.1":0.06783,"15":null,"16":null,"17":null,"18":null,"19":null,"20":null,"21":null,"22":null,"23":null,"24":null,"25":null,"26":null,"27":null,"28":null,"29":null,"30":null,"31":null,"32":null,"33":null,"34":null,"35":0.006783,"36":0.013566,"37":0.196707,"38":0.312018,"39":null,"40":null},"safari":{"3.1":null,"3.2":null,"4":0.027132,"5":0.122094,"5.1":0.440895,"6":0.020349,"6.1":0.278103,"7":0.101745,"7.1":0.027132,"8":0.447678,"9":1.092063,"9.1":5.195778,"10":null,"0":null},"ios_saf":{"3.2":0,"4.0-4.1":0,"4.2-4.3":0,"5.0-5.1":0,"6.0-6.1":0,"7.0-7.1":0.417743599732,"8":0,"8.1-8.4":0.837125409658,"9.0-9.2":1.80694584511,"9.3":12.8140801455},"android":{"2.1":0,"2.2":0,"2.3":0.00377426071638,"3":0,"4":0.0248472163829,"4.1":0.0868079964768,"4.2-4.3":0.183366166471,"4.4":0.483419893423,"4.4.3-4.4.4":0.28904546653,"50":null},"op_mob":{"10":0,"11":0,"11.1":0,"11.5":0,"12":0,"12.1":0.000362819548872,"0":0.0159640601504},"ie":{"5.5":null,"6":0.705810247721,"7":0.0135732739946,"8":2.75537462091,"9":0.420771493834,"10":0.55650423378,"11":8.20504412976},"bb":{"7":0.01367225,"10":null},"ie_mob":{"10":0.0912458181818,"11":0.256190181818},"edge":{"12":0.156009,"13":2.109513,"14":0.006783},"and_ff":{"0":0.119029},"and_uc":{"0":0.569409},"op_mini":{"5.0-8.0":0.224948120301},"and_chr":{"0":10.378678},"samsung":{"0":3.998731}},"total":98.01707225}