{"id":"LV","name":"Latvia","month":"2016-06","access_date":"2016-07-06","data":{"firefox":{"2":null,"3":0.008185,"3.5":0.008185,"3.6":0.08185,"4":null,"5":null,"6":0.01637,"7":null,"8":null,"9":null,"10":0.008185,"11":0.09822,"12":0.024555,"13":null,"14":null,"15":null,"16":0.024555,"17":0.040925,"18":null,"19":0.01637,"20":0.008185,"21":0.008185,"22":null,"23":0.01637,"24":0.040925,"25":null,"26":0.01637,"27":0.008185,"28":0.01637,"29":0.01637,"30":0.024555,"31":0.08185,"32":0.01637,"33":0.073665,"34":0.040925,"35":0.024555,"36":0.024555,"37":0.040925,"38":0.24555,"39":0.11459,"40":0.09822,"41":0.090035,"42":0.40925,"43":0.220995,"44":0.335585,"45":0.83487,"46":5.45121,"47":9.633745,"48":0.08185,"49":0.01637,"50":null},"chrome":{"4":null,"5":null,"6":null,"7":null,"8":null,"9":null,"10":null,"11":0.024555,"12":null,"13":0.01637,"14":0.008185,"15":0.01637,"16":null,"17":0.008185,"18":0.04911,"19":null,"20":null,"21":null,"22":0.040925,"23":0.008185,"24":0.01637,"25":null,"26":0.03274,"27":0.024555,"28":0.03274,"29":1.219565,"30":null,"31":0.057295,"32":0.01637,"33":0.03274,"34":0.06548,"35":0.024555,"36":0.024555,"37":0.03274,"38":0.03274,"39":0.122775,"40":0.04911,"41":0.03274,"42":0.040925,"43":0.122775,"44":0.106405,"45":0.13096,"46":0.106405,"47":0.335585,"48":0.302845,"49":2.922045,"50":11.55722,"51":30.309055,"52":0.13096,"53":0.21281,"54":null},"opera":{"9":null,"9.5-9.6":null,"10.0-10.1":0,"10.5":null,"10.6":null,"11":null,"11.1":null,"11.5":null,"11.6":0.01637,"12":0.01637,"12.1":0.27829,"15":null,"16":null,"17":null,"18":null,"19":null,"20":null,"21":null,"22":null,"23":null,"24":null,"25":null,"26":null,"27":null,"28":0.008185,"29":null,"30":0.008185,"31":null,"32":null,"33":null,"34":0.01637,"35":0.03274,"36":0.204625,"37":0.75302,"38":1.22775,"39":0.008185,"40":null},"safari":{"3.1":null,"3.2":null,"4":0.008185,"5":0.03274,"5.1":0.13096,"6":0.008185,"6.1":0.06548,"7":0.040925,"7.1":null,"8":0.1637,"9":0.45836,"9.1":2.1281,"10":null,"0":null},"ios_saf":{"3.2":0,"4.0-4.1":0,"4.2-4.3":0,"5.0-5.1":0,"6.0-6.1":0,"7.0-7.1":0.109461861521,"8":0,"8.1-8.4":0.219352985244,"9.0-9.2":0.473476208854,"9.3":3.35768894438},"android":{"2.1":0,"2.2":0,"2.3":0.00445064004698,"3":0,"4":0.0293000469759,"4.1":0.10236472108,"4.2-4.3":0.216226928949,"4.4":0.570052812683,"4.4.3-4.4.4":0.340844850264,"50":null},"op_mob":{"10":0,"11":0,"11.1":0,"11.5":0,"12":0,"12.1":0.000627744360902,"0":0.0276207518797},"ie":{"5.5":null,"6":null,"7":null,"8":0.378274890625,"9":0.189137445313,"10":0.304264585938,"11":4.39127807813},"bb":{"7":0.00771375,"10":null},"ie_mob":{"10":0.142046666667,"11":0.398823333333},"edge":{"12":0.09822,"13":1.50604,"14":null},"and_ff":{"0":0.085305},"and_uc":{"0":0.10527},"op_mini":{"5.0-8.0":0.389201503759},"and_chr":{"0":10.118875},"samsung":{"0":2.158035}},"total":97.91565375}