{"id":"LY","name":"Libya","month":"2016-06","access_date":"2016-07-06","data":{"firefox":{"2":0.006858,"3":0.037719,"3.5":0.006858,"3.6":0.024003,"4":0.010287,"5":0.013716,"6":0.017145,"7":0.010287,"8":0.020574,"9":0.013716,"10":0.017145,"11":0.010287,"12":0.085725,"13":0.037719,"14":0.006858,"15":0.044577,"16":0.020574,"17":0.006858,"18":0.010287,"19":0.010287,"20":0.017145,"21":0.003429,"22":0.017145,"23":0.013716,"24":0.017145,"25":0.044577,"26":0.017145,"27":0.027432,"28":0.013716,"29":0.082296,"30":0.030861,"31":0.020574,"32":0.024003,"33":0.037719,"34":0.020574,"35":0.037719,"36":0.027432,"37":0.030861,"38":0.051435,"39":0.061722,"40":0.075438,"41":0.133731,"42":0.048006,"43":0.373761,"44":0.181737,"45":0.185166,"46":1.74879,"47":2.489454,"48":0.099441,"49":0.006858,"50":null},"chrome":{"4":0.010287,"5":0.017145,"6":0.024003,"7":null,"8":0.010287,"9":0.020574,"10":0.024003,"11":0.024003,"12":0.010287,"13":0.051435,"14":0.041148,"15":0.075438,"16":0.030861,"17":0.013716,"18":0.013716,"19":0.017145,"20":0.013716,"21":null,"22":0.010287,"23":0.027432,"24":0.020574,"25":0.027432,"26":0.030861,"27":0.027432,"28":0.013716,"29":0.092583,"30":0.037719,"31":0.075438,"32":0.041148,"33":0.17145,"34":0.024003,"35":0.027432,"36":0.027432,"37":0.020574,"38":0.078867,"39":0.061722,"40":0.054864,"41":0.192024,"42":0.061722,"43":0.61722,"44":0.106299,"45":0.356616,"46":0.174879,"47":0.209169,"48":0.493776,"49":1.011555,"50":4.999482,"51":12.124944,"52":0.058293,"53":0.06858,"54":null},"opera":{"9":null,"9.5-9.6":null,"10.0-10.1":0,"10.5":null,"10.6":null,"11":null,"11.1":null,"11.5":0.006858,"11.6":0.013716,"12":0.013716,"12.1":0.061722,"15":0.006858,"16":null,"17":0.013716,"18":0.010287,"19":0.003429,"20":0.006858,"21":null,"22":null,"23":null,"24":null,"25":null,"26":null,"27":null,"28":0.006858,"29":0.006858,"30":0.006858,"31":null,"32":0.006858,"33":0.010287,"34":0.010287,"35":0.017145,"36":0.03429,"37":0.370332,"38":0.593217,"39":0.024003,"40":0.006858},"safari":{"3.1":null,"3.2":null,"4":0,"5":null,"5.1":0.013716,"6":null,"6.1":0.006858,"7":0.010287,"7.1":null,"8":0.061722,"9":0.061722,"9.1":0.243459,"10":null,"0":null},"ios_saf":{"3.2":0,"4.0-4.1":0,"4.2-4.3":0,"5.0-5.1":0,"6.0-6.1":0,"7.0-7.1":0.114098751419,"8":0,"8.1-8.4":0.228644948922,"9.0-9.2":0.493533030647,"9.3":3.49992326901},"android":{"2.1":0,"2.2":0,"2.3":0.0297906870229,"3":0,"4":0.196122022901,"4.1":0.685185801527,"4.2-4.3":1.44733087786,"4.4":3.81569049618,"4.4.3-4.4.4":2.2814701145,"50":null},"op_mob":{"10":0,"11":0,"11.1":0,"11.5":0,"12":0,"12.1":0.0427790977444,"0":1.88228030075},"ie":{"5.5":0.00689303448276,"6":0.0103395517241,"7":0.00344651724138,"8":0.647945241379,"9":0.386009931034,"10":0.313633068966,"11":1.33035565517},"bb":{"7":0.0016425,"10":null},"ie_mob":{"10":0.01898,"11":0.05329},"edge":{"12":0.089154,"13":0.284607,"14":null},"and_ff":{"0":0.05256},"and_uc":{"0":2.43747},"op_mini":{"5.0-8.0":26.5230406015},"and_chr":{"0":19.131741},"samsung":{"0":2.51631}},"total":98.2468395}