{"id":"MA","name":"Morocco","month":"2016-06","access_date":"2016-07-06","data":{"firefox":{"2":0.011926,"3":0.083482,"3.5":0.023852,"3.6":0.095408,"4":0.017889,"5":0.011926,"6":0.065593,"7":0.005963,"8":0.005963,"9":0.005963,"10":0.017889,"11":0.023852,"12":0.047704,"13":0.017889,"14":0.023852,"15":0.023852,"16":0.035778,"17":0.017889,"18":0.017889,"19":0.017889,"20":0.029815,"21":0.023852,"22":0.017889,"23":0.023852,"24":0.029815,"25":0.029815,"26":0.029815,"27":0.029815,"28":0.017889,"29":0.05963,"30":0.065593,"31":0.065593,"32":0.065593,"33":0.107334,"34":0.077519,"35":0.089445,"36":0.113297,"37":0.113297,"38":0.125223,"39":0.113297,"40":0.113297,"41":0.137149,"42":0.202742,"43":0.763264,"44":0.232557,"45":0.423373,"46":2.772795,"47":4.943327,"48":0.101371,"49":0.017889,"50":null},"chrome":{"4":0.011926,"5":0.017889,"6":0.035778,"7":0.023852,"8":0.023852,"9":null,"10":0.017889,"11":0.047704,"12":0.041741,"13":0.017889,"14":0.017889,"15":null,"16":0.023852,"17":0.017889,"18":0.005963,"19":0.017889,"20":0.005963,"21":0.023852,"22":0.065593,"23":0.023852,"24":0.011926,"25":0.029815,"26":0.05963,"27":0.035778,"28":0.035778,"29":2.170532,"30":0.05963,"31":0.11926,"32":0.047704,"33":0.107334,"34":0.053667,"35":0.077519,"36":0.065593,"37":0.065593,"38":0.107334,"39":0.149075,"40":0.131186,"41":0.11926,"42":0.083482,"43":0.971969,"44":0.226594,"45":0.35778,"46":0.411447,"47":0.638041,"48":0.828857,"49":5.718517,"50":6.249224,"51":19.934309,"52":0.161001,"53":0.05963,"54":null},"opera":{"9":null,"9.5-9.6":null,"10.0-10.1":0,"10.5":null,"10.6":null,"11":null,"11.1":null,"11.5":null,"11.6":0.005963,"12":null,"12.1":0.05963,"15":null,"16":null,"17":null,"18":null,"19":null,"20":null,"21":null,"22":null,"23":null,"24":null,"25":null,"26":null,"27":null,"28":0.005963,"29":0.011926,"30":0.011926,"31":0.011926,"32":0.011926,"33":0.017889,"34":0.029815,"35":0.041741,"36":0.226594,"37":0.316039,"38":0.727486,"39":0.011926,"40":null},"safari":{"3.1":null,"3.2":null,"4":0.035778,"5":0.035778,"5.1":0.053667,"6":0.017889,"6.1":0.035778,"7":0.041741,"7.1":0.011926,"8":0.166964,"9":0.190816,"9.1":0.483003,"10":null,"0":null},"ios_saf":{"3.2":0,"4.0-4.1":0,"4.2-4.3":0,"5.0-5.1":0,"6.0-6.1":0,"7.0-7.1":0.0898670942111,"8":0,"8.1-8.4":0.1800866084,"9.0-9.2":0.38871923496,"9.3":2.75662906243},"android":{"2.1":0,"2.2":0,"2.3":0.030238386377,"3":0,"4":0.199069376982,"4.1":0.695482886671,"4.2-4.3":1.46908160482,"4.4":3.87303332179,"4.4.3-4.4.4":2.31575642337,"50":null},"op_mob":{"10":0,"11":0,"11.1":0,"11.5":0,"12":0,"12.1":0.0065320481203,"0":0.287410117293},"ie":{"5.5":null,"6":0.0593161578947,"7":0.0461347894737,"8":0.652477736842,"9":0.375669,"10":0.184539157895,"11":1.17314178947},"bb":{"7":0.03936075,"10":null},"ie_mob":{"10":0.209924,"11":0.589402},"edge":{"12":0.053667,"13":0.310076,"14":null},"and_ff":{"0":0.036333},"and_uc":{"0":0.435996},"op_mini":{"5.0-8.0":4.04986983459},"and_chr":{"0":19.08652},"samsung":{"0":4.335738}},"total":97.5314783816}