{"id":"MC","name":"Monaco","month":"2016-06","access_date":"2016-07-06","data":{"firefox":{"2":null,"3":null,"3.5":null,"3.6":null,"4":null,"5":null,"6":null,"7":null,"8":null,"9":null,"10":null,"11":null,"12":null,"13":null,"14":null,"15":null,"16":0.053585,"17":null,"18":null,"19":null,"20":null,"21":null,"22":null,"23":null,"24":0.01531,"25":0.04593,"26":null,"27":null,"28":null,"29":null,"30":null,"31":0.03062,"32":null,"33":0.022965,"34":null,"35":0.053585,"36":0.01531,"37":0.01531,"38":0.038275,"39":0.007655,"40":null,"41":0.022965,"42":0.01531,"43":0.1531,"44":0.130135,"45":0.160755,"46":3.421785,"47":7.60907,"48":0.038275,"49":null,"50":null},"chrome":{"4":null,"5":null,"6":null,"7":null,"8":null,"9":null,"10":null,"11":0.007655,"12":null,"13":null,"14":null,"15":null,"16":null,"17":null,"18":null,"19":null,"20":null,"21":0.053585,"22":null,"23":null,"24":null,"25":0.01531,"26":0.022965,"27":null,"28":null,"29":1.19418,"30":null,"31":0.1531,"32":null,"33":0.01531,"34":0.022965,"35":0.038275,"36":0.022965,"37":0.01531,"38":null,"39":null,"40":0.022965,"41":0.007655,"42":0.04593,"43":0.038275,"44":null,"45":0.068895,"46":0.145445,"47":0.53585,"48":0.6124,"49":2.21995,"50":8.69608,"51":21.87799,"52":0.375095,"53":0.053585,"54":null},"opera":{"9":null,"9.5-9.6":null,"10.0-10.1":0,"10.5":null,"10.6":null,"11":null,"11.1":null,"11.5":null,"11.6":null,"12":null,"12.1":null,"15":null,"16":null,"17":null,"18":null,"19":null,"20":null,"21":null,"22":null,"23":null,"24":null,"25":null,"26":null,"27":null,"28":null,"29":null,"30":null,"31":null,"32":null,"33":null,"34":0.01531,"35":null,"36":null,"37":0.099515,"38":0.10717,"39":null,"40":null},"safari":{"3.1":null,"3.2":null,"4":0.053585,"5":0.053585,"5.1":0.512885,"6":0.022965,"6.1":0.574125,"7":0.09186,"7.1":0.09186,"8":1.05639,"9":1.982645,"9.1":10.48735,"10":null,"0":null},"ios_saf":{"3.2":0,"4.0-4.1":0,"4.2-4.3":0,"5.0-5.1":0,"6.0-6.1":0,"7.0-7.1":0.427545246105,"8":0,"8.1-8.4":0.856767140233,"9.0-9.2":1.84934277041,"9.3":13.1147408433},"android":{"2.1":0,"2.2":0,"2.3":0.0017440023488,"3":0,"4":0.0114813487962,"4.1":0.0401120540223,"4.2-4.3":0.0847294474457,"4.4":0.223377634175,"4.4.3-4.4.4":0.133561513212,"50":null},"op_mob":{"10":0,"11":0,"11.1":0,"11.5":0,"12":0,"12.1":7.05563909774e-6,"0":0.000310448120301},"ie":{"5.5":null,"6":null,"7":null,"8":0.221995,"9":0.68895,"10":0.53585,"11":8.86449},"bb":{"7":0.0217005,"10":null},"ie_mob":{"10":0.0295738181818,"11":0.0830341818182},"edge":{"12":0.068895,"13":1.936715,"14":null},"and_ff":{"0":0.089148},"and_uc":{"0":0.051612},"op_mini":{"5.0-8.0":0.0043744962406},"and_chr":{"0":4.953504},"samsung":{"0":1.555398}},"total":99.1098795}