{"id":"MD","name":"Moldova","month":"2016-06","access_date":"2016-07-06","data":{"firefox":{"2":0.025056,"3":0.075168,"3.5":0.12528,"3.6":0.45936,"4":0.025056,"5":0.008352,"6":null,"7":null,"8":null,"9":0.016704,"10":0.033408,"11":0.025056,"12":0.016704,"13":0.016704,"14":0.016704,"15":0.025056,"16":0.025056,"17":0.04176,"18":0.016704,"19":0.016704,"20":0.016704,"21":0.033408,"22":0.04176,"23":0.033408,"24":0.058464,"25":0.033408,"26":0.016704,"27":0.04176,"28":0.025056,"29":0.016704,"30":0.016704,"31":0.050112,"32":0.033408,"33":0.04176,"34":0.033408,"35":0.058464,"36":0.08352,"37":0.033408,"38":0.183744,"39":0.050112,"40":0.050112,"41":0.04176,"42":0.409248,"43":0.242208,"44":0.100224,"45":0.609696,"46":2.263392,"47":3.875328,"48":0.04176,"49":null,"50":null},"chrome":{"4":0.04176,"5":0.025056,"6":0.016704,"7":0.016704,"8":0.025056,"9":0.016704,"10":0.033408,"11":0.04176,"12":0.058464,"13":0.025056,"14":0.033408,"15":0.04176,"16":0.050112,"17":0.058464,"18":0.075168,"19":0.04176,"20":0.058464,"21":0.075168,"22":0.08352,"23":0.050112,"24":0.058464,"25":0.04176,"26":0.050112,"27":0.058464,"28":0.058464,"29":1.946016,"30":0.04176,"31":0.033408,"32":0.050112,"33":0.033408,"34":0.066816,"35":0.033408,"36":0.04176,"37":0.025056,"38":0.050112,"39":0.33408,"40":0.116928,"41":0.075168,"42":0.066816,"43":0.275616,"44":0.141984,"45":0.267264,"46":0.2088,"47":0.400896,"48":0.618048,"49":4.827456,"50":12.928896,"51":36.114048,"52":0.116928,"53":0.200448,"54":null},"opera":{"9":null,"9.5-9.6":null,"10.0-10.1":0.008352,"10.5":0.016704,"10.6":0.033408,"11":0.016704,"11.1":0.016704,"11.5":0.025056,"11.6":0.100224,"12":0.133632,"12.1":0.492768,"15":null,"16":0.008352,"17":null,"18":0.016704,"19":0.016704,"20":0.025056,"21":0.008352,"22":0.008352,"23":null,"24":0.008352,"25":0.008352,"26":0.033408,"27":0.075168,"28":0.016704,"29":0.016704,"30":0.033408,"31":0.008352,"32":0.008352,"33":0.016704,"34":0.033408,"35":0.033408,"36":0.25056,"37":0.734976,"38":1.277856,"39":null,"40":null},"safari":{"3.1":0.016704,"3.2":null,"4":0.058464,"5":0.08352,"5.1":0.058464,"6":0.016704,"6.1":0.008352,"7":0.008352,"7.1":null,"8":0.058464,"9":0.066816,"9.1":0.6264,"10":null,"0":null},"ios_saf":{"3.2":0,"4.0-4.1":0,"4.2-4.3":0,"5.0-5.1":0,"6.0-6.1":0,"7.0-7.1":0.0761037251058,"8":0,"8.1-8.4":0.152505896192,"9.0-9.2":0.32918591683,"9.3":2.33444446187},"android":{"2.1":0,"2.2":0,"2.3":0.00700811274222,"3":0,"4":0.0461367422196,"4.1":0.161186593071,"4.2-4.3":0.340477477393,"4.4":0.897622440399,"4.4.3-4.4.4":0.536704634175,"50":null},"op_mob":{"10":0,"11":0,"11.1":0,"11.5":0,"12":0,"12.1":0.00134566015038,"0":0.0592090466165},"ie":{"5.5":null,"6":0.0846486486486,"7":0.0846486486486,"8":1.14275675676,"9":0.228551351351,"10":0.423243243243,"11":1.77762162162},"bb":{"7":0.01236,"10":null},"ie_mob":{"10":0.161004606061,"11":0.452051393939},"edge":{"12":0.058464,"13":0.592992,"14":0.008352},"and_ff":{"0":0.07416},"and_uc":{"0":0.257088},"op_mini":{"5.0-8.0":0.834309293233},"and_chr":{"0":9.220528},"samsung":{"0":1.023408}},"total":95.5188222703}