{"id":"ME","name":"Montenegro","month":"2016-06","access_date":"2016-07-06","data":{"firefox":{"2":null,"3":null,"3.5":0.018345,"3.6":0.03669,"4":null,"5":null,"6":null,"7":null,"8":0.006115,"9":null,"10":0.01223,"11":null,"12":0.006115,"13":0.018345,"14":0.006115,"15":0.01223,"16":null,"17":null,"18":0.01223,"19":0.006115,"20":null,"21":0.006115,"22":0.01223,"23":0.006115,"24":0.006115,"25":null,"26":0.01223,"27":0.006115,"28":null,"29":0.01223,"30":0.006115,"31":0.01223,"32":0.006115,"33":0.01223,"34":0.01223,"35":0.02446,"36":0.01223,"37":0.04892,"38":0.055035,"39":0.055035,"40":0.04892,"41":0.06115,"42":0.079495,"43":0.189565,"44":0.09784,"45":0.177335,"46":2.76398,"47":5.472925,"48":0.28129,"49":0.01223,"50":null},"chrome":{"4":0.006115,"5":null,"6":null,"7":null,"8":0.02446,"9":null,"10":0.067265,"11":0.04892,"12":0.01223,"13":null,"14":null,"15":null,"16":0.01223,"17":null,"18":0.06115,"19":null,"20":0.006115,"21":null,"22":0.103955,"23":null,"24":0.02446,"25":0.02446,"26":0.09784,"27":0.01223,"28":null,"29":0.1223,"30":0.01223,"31":0.08561,"32":0.02446,"33":0.09784,"34":0.15899,"35":0.01223,"36":0.04892,"37":0.042805,"38":0.07338,"39":0.08561,"40":0.201795,"41":0.04892,"42":0.04892,"43":0.128415,"44":0.140645,"45":0.201795,"46":0.09784,"47":0.275175,"48":0.17122,"49":4.812505,"50":8.73222,"51":26.202775,"52":0.103955,"53":0.26906,"54":null},"opera":{"9":null,"9.5-9.6":null,"10.0-10.1":0,"10.5":null,"10.6":null,"11":null,"11.1":0.018345,"11.5":null,"11.6":null,"12":0.01223,"12.1":0.262945,"15":null,"16":null,"17":0.018345,"18":null,"19":null,"20":null,"21":null,"22":null,"23":null,"24":null,"25":null,"26":0.006115,"27":null,"28":null,"29":null,"30":0.01223,"31":0.030575,"32":0.01223,"33":null,"34":0.006115,"35":0.018345,"36":0.165105,"37":0.409705,"38":0.9784,"39":null,"40":null},"safari":{"3.1":null,"3.2":null,"4":0,"5":0.006115,"5.1":0.03669,"6":null,"6.1":0.01223,"7":0.01223,"7.1":null,"8":0.042805,"9":0.09784,"9.1":0.45251,"10":null,"0":null},"ios_saf":{"3.2":0,"4.0-4.1":0,"4.2-4.3":0,"5.0-5.1":0,"6.0-6.1":0,"7.0-7.1":0.164115431844,"8":0,"8.1-8.4":0.328874453617,"9.0-9.2":0.709879691466,"9.3":5.03416042307},"android":{"2.1":0,"2.2":0,"2.3":0.0180722959483,"3":0,"4":0.118975948326,"4.1":0.415662806812,"4.2-4.3":0.878012378156,"4.4":2.31475990605,"4.4.3-4.4.4":1.38403666471,"50":null},"op_mob":{"10":0,"11":0,"11.1":0,"11.5":0,"12":0,"12.1":0.00198098345865,"0":0.0871632721805},"ie":{"5.5":null,"6":null,"7":0.01223,"8":0.324095,"9":0.14676,"10":0.140645,"11":1.388105},"bb":{"7":0.015544,"10":null},"ie_mob":{"10":0.146961454545,"11":0.412622545455},"edge":{"12":0.06115,"13":0.42805,"14":null},"and_ff":{"0":0.015544},"and_uc":{"0":0.170984},"op_mini":{"5.0-8.0":1.22820974436},"and_chr":{"0":24.19113},"samsung":{"0":3.143774}},"total":98.218659}