{"id":"MG","name":"Madagascar","month":"2016-06","access_date":"2016-07-06","data":{"firefox":{"2":0.023571,"3":0.251424,"3.5":0.005238,"3.6":0.031428,"4":0.020952,"5":0.007857,"6":0.031428,"7":0.005238,"8":0.007857,"9":0.015714,"10":0.02619,"11":0.013095,"12":0.034047,"13":0.02619,"14":0.018333,"15":0.018333,"16":0.023571,"17":0.018333,"18":0.020952,"19":0.05238,"20":0.057618,"21":0.020952,"22":0.041904,"23":0.034047,"24":0.015714,"25":0.062856,"26":0.023571,"27":0.068094,"28":0.062856,"29":0.062856,"30":0.149283,"31":0.117855,"32":0.267138,"33":0.10476,"34":0.099522,"35":0.196425,"36":0.107379,"37":0.227853,"38":0.463563,"39":0.172854,"40":0.201663,"41":0.230472,"42":0.188568,"43":0.670464,"44":0.293328,"45":0.303804,"46":2.783997,"47":4.297779,"48":0.18333,"49":0.031428,"50":null},"chrome":{"4":null,"5":null,"6":null,"7":null,"8":null,"9":null,"10":null,"11":0.02619,"12":null,"13":null,"14":0.002619,"15":0.002619,"16":0.005238,"17":null,"18":0.007857,"19":null,"20":null,"21":0.007857,"22":null,"23":null,"24":0.005238,"25":0.007857,"26":0.005238,"27":0.015714,"28":0.015714,"29":0.094284,"30":null,"31":0.054999,"32":0.02619,"33":0.010476,"34":0.005238,"35":0.010476,"36":0.013095,"37":0.007857,"38":0.013095,"39":0.013095,"40":0.015714,"41":0.018333,"42":0.013095,"43":0.133569,"44":0.036666,"45":0.128331,"46":0.039285,"47":0.096903,"48":0.175473,"49":1.02141,"50":2.205198,"51":5.955606,"52":0.070713,"53":0.013095,"54":null},"opera":{"9":null,"9.5-9.6":null,"10.0-10.1":0.10476,"10.5":null,"10.6":null,"11":0.002619,"11.1":null,"11.5":null,"11.6":0.020952,"12":0.005238,"12.1":0.041904,"15":0.002619,"16":null,"17":null,"18":0.002619,"19":null,"20":0.010476,"21":0.02619,"22":null,"23":0.005238,"24":0.010476,"25":null,"26":0.005238,"27":0.010476,"28":0.002619,"29":null,"30":0.015714,"31":0.007857,"32":0.007857,"33":0.010476,"34":0.062856,"35":0.013095,"36":0.086427,"37":0.214758,"38":0.387612,"39":null,"40":null},"safari":{"3.1":null,"3.2":null,"4":0.005238,"5":0.02619,"5.1":0.036666,"6":0.005238,"6.1":0.023571,"7":0.010476,"7.1":null,"8":0.065475,"9":0.07857,"9.1":0.316899,"10":null,"0":null},"ios_saf":{"3.2":0,"4.0-4.1":0,"4.2-4.3":0,"5.0-5.1":0,"6.0-6.1":0,"7.0-7.1":0.0116530079455,"8":0,"8.1-8.4":0.0233517139614,"9.0-9.2":0.0504049716232,"9.3":0.35745030647},"android":{"2.1":0,"2.2":0,"2.3":0.0166950158544,"3":0,"4":0.109908854375,"4.1":0.383985364651,"4.2-4.3":0.811099520258,"4.4":2.13835328068,"4.4.3-4.4.4":1.27855996418,"50":null},"op_mob":{"10":0,"11":0,"11.1":0,"11.5":0,"12":0,"12.1":0.0771619729323,"0":3.39512680902},"ie":{"5.5":null,"6":0.010541271028,"7":0.0368944485981,"8":0.226637327103,"9":0.102777392523,"10":0.0579769906542,"11":0.411109570093},"bb":{"7":0.110715,"10":null},"ie_mob":{"10":0.141506444444,"11":0.397306555556},"edge":{"12":0.068094,"13":0.151902,"14":null},"and_ff":{"0":0.775005},"and_uc":{"0":8.163386},"op_mini":{"5.0-8.0":47.840423218},"and_chr":{"0":3.525244},"samsung":{"0":0.287859}},"total":95.055929}