{"id":"MH","name":"Marshall Islands","month":"2016-06","access_date":"2016-07-06","data":{"firefox":{"2":null,"3":null,"3.5":null,"3.6":0.123418,"4":null,"5":null,"6":0.010732,"7":null,"8":0.048294,"9":null,"10":null,"11":null,"12":null,"13":null,"14":null,"15":0.021464,"16":null,"17":null,"18":null,"19":null,"20":null,"21":null,"22":null,"23":null,"24":null,"25":null,"26":null,"27":null,"28":null,"29":null,"30":null,"31":null,"32":null,"33":null,"34":null,"35":null,"36":null,"37":null,"38":null,"39":0.016098,"40":0.032196,"41":0.692214,"42":null,"43":0.085856,"44":0.075124,"45":0.101954,"46":2.044446,"47":4.34646,"48":0.434646,"49":null,"50":null},"chrome":{"4":null,"5":null,"6":null,"7":null,"8":null,"9":null,"10":null,"11":0.02683,"12":null,"13":null,"14":null,"15":null,"16":null,"17":null,"18":null,"19":null,"20":null,"21":null,"22":null,"23":0.010732,"24":null,"25":null,"26":null,"27":null,"28":null,"29":0.010732,"30":0.010732,"31":0.182444,"32":null,"33":0.010732,"34":null,"35":null,"36":null,"37":null,"38":null,"39":0.257568,"40":0.177078,"41":0.064392,"42":0.123418,"43":0.042928,"44":0.096588,"45":0.10732,"46":0.150248,"47":0.05366,"48":0.05366,"49":1.58297,"50":8.403156,"51":19.88103,"52":0.182444,"53":0.595626,"54":null},"opera":{"9":null,"9.5-9.6":null,"10.0-10.1":0,"10.5":null,"10.6":null,"11":null,"11.1":null,"11.5":null,"11.6":null,"12":null,"12.1":0.032196,"15":null,"16":null,"17":null,"18":null,"19":null,"20":null,"21":null,"22":null,"23":null,"24":null,"25":null,"26":null,"27":null,"28":null,"29":0.037562,"30":null,"31":null,"32":0.010732,"33":0.010732,"34":null,"35":0.010732,"36":null,"37":null,"38":0.016098,"39":null,"40":null},"safari":{"3.1":null,"3.2":null,"4":0,"5":0.05366,"5.1":0.05366,"6":null,"6.1":0.048294,"7":0.048294,"7.1":null,"8":0.327326,"9":0.32196,"9.1":2.822516,"10":null,"0":null},"ios_saf":{"3.2":0,"4.0-4.1":0,"4.2-4.3":0,"5.0-5.1":0,"6.0-6.1":0,"7.0-7.1":0.402419865339,"8":0,"8.1-8.4":0.806417847797,"9.0-9.2":1.74066318223,"9.3":12.3440321046},"android":{"2.1":0,"2.2":0,"2.3":0.0327112108045,"3":0,"4":0.215348804463,"4.1":0.752357848503,"4.2-4.3":1.58921965825,"4.4":4.1897609172,"4.4.3-4.4.4":2.50513356078,"50":null},"op_mob":{"10":0,"11":0,"11.1":0,"11.5":0,"12":0,"12.1":0.000480717293233,"0":0.0211515609023},"ie":{"5.5":null,"6":0.0108055068493,"7":null,"8":0.0918468082192,"9":0.124263328767,"10":1.46954893151,"11":4.61395142466},"bb":{"7":0.0023165,"10":null},"ie_mob":{"10":0.50495020202,"11":1.41774479798},"edge":{"12":0.198542,"13":1.572238,"14":null},"and_ff":{"0":null},"and_uc":{"0":1.102654},"op_mini":{"5.0-8.0":0.298044721805},"and_chr":{"0":18.610308},"samsung":{"0":0.792243}},"total":99.2601065}