{"id":"MK","name":"Macedonia","month":"2016-06","access_date":"2016-07-06","data":{"firefox":{"2":0.021576,"3":0.021576,"3.5":null,"3.6":0.079112,"4":0.014384,"5":0.050344,"6":0.050344,"7":null,"8":null,"9":null,"10":null,"11":0.028768,"12":0.007192,"13":0.03596,"14":0.007192,"15":null,"16":0.014384,"17":0.043152,"18":0.014384,"19":0.007192,"20":0.021576,"21":0.007192,"22":null,"23":0.014384,"24":0.014384,"25":null,"26":0.007192,"27":0.007192,"28":null,"29":0.028768,"30":0.021576,"31":0.03596,"32":0.014384,"33":0.014384,"34":0.057536,"35":0.043152,"36":0.021576,"37":0.028768,"38":0.122264,"39":0.093496,"40":0.064728,"41":0.100688,"42":0.151032,"43":0.25172,"44":0.129456,"45":0.201376,"46":3.480928,"47":5.976552,"48":0.10788,"49":0.007192,"50":null},"chrome":{"4":null,"5":null,"6":0.007192,"7":null,"8":null,"9":null,"10":0.007192,"11":0.028768,"12":null,"13":null,"14":0.007192,"15":null,"16":0.014384,"17":null,"18":0.014384,"19":null,"20":null,"21":null,"22":0.07192,"23":null,"24":0.007192,"25":null,"26":0.064728,"27":0.014384,"28":0.03596,"29":1.40244,"30":0.028768,"31":0.064728,"32":0.028768,"33":0.057536,"34":0.10788,"35":0.028768,"36":0.10788,"37":0.057536,"38":0.115072,"39":0.10788,"40":0.07192,"41":0.057536,"42":0.057536,"43":0.122264,"44":0.151032,"45":0.172608,"46":0.266104,"47":0.68324,"48":0.438712,"49":5.724832,"50":11.090064,"51":30.515656,"52":0.172608,"53":0.129456,"54":null},"opera":{"9":null,"9.5-9.6":null,"10.0-10.1":0,"10.5":null,"10.6":null,"11":null,"11.1":null,"11.5":null,"11.6":null,"12":0.007192,"12.1":0.10788,"15":null,"16":null,"17":null,"18":null,"19":null,"20":0.007192,"21":null,"22":null,"23":null,"24":null,"25":null,"26":null,"27":null,"28":0.028768,"29":0.007192,"30":0.014384,"31":0.007192,"32":null,"33":0.014384,"34":0.014384,"35":0.007192,"36":0.309256,"37":0.50344,"38":0.877424,"39":0.014384,"40":null},"safari":{"3.1":null,"3.2":null,"4":0,"5":0.014384,"5.1":0.028768,"6":null,"6.1":0.021576,"7":0.021576,"7.1":null,"8":0.028768,"9":0.043152,"9.1":0.25172,"10":null,"0":null},"ios_saf":{"3.2":0,"4.0-4.1":0,"4.2-4.3":0,"5.0-5.1":0,"6.0-6.1":0,"7.0-7.1":0.105548370653,"8":0,"8.1-8.4":0.211510656485,"9.0-9.2":0.456548442472,"9.3":3.23764453039},"android":{"2.1":0,"2.2":0,"2.3":0.0140532472108,"3":0,"4":0.0925172108045,"4.1":0.323224685849,"4.2-4.3":0.682753593658,"4.4":1.79998674692,"4.4.3-4.4.4":1.07624451556,"50":null},"op_mob":{"10":0,"11":0,"11.1":0,"11.5":0,"12":0,"12.1":0.00102644661654,"0":0.0451636511278},"ie":{"5.5":null,"6":0.0588478957655,"7":0.0367799348534,"8":0.441359218241,"9":0.161831713355,"10":0.132407765472,"11":1.42706147231},"bb":{"7":0.00772475,"10":null},"ie_mob":{"10":0.162297777778,"11":0.455682222222},"edge":{"12":0.057536,"13":0.668856,"14":0.007192},"and_ff":{"0":0.011236},"and_uc":{"0":0.095506},"op_mini":{"5.0-8.0":0.636396902256},"and_chr":{"0":18.870085},"samsung":{"0":1.325848}},"total":98.38809475}