{"id":"ML","name":"Mali","month":"2016-06","access_date":"2016-07-06","data":{"firefox":{"2":0.002742,"3":0.89115,"3.5":0.011882,"3.6":0.02285,"4":0.029248,"5":0.00457,"6":null,"7":0.002742,"8":0.006398,"9":0.006398,"10":0.021022,"11":0.00457,"12":0.015538,"13":0.00457,"14":0.006398,"15":0.008226,"16":0.010054,"17":0.011882,"18":0.026506,"19":0.005484,"20":0.006398,"21":0.005484,"22":0.02285,"23":0.003656,"24":0.024678,"25":0.014624,"26":0.007312,"27":0.00457,"28":0.00457,"29":0.101454,"30":0.042044,"31":0.033818,"32":0.021022,"33":0.021022,"34":0.021936,"35":0.012796,"36":0.014624,"37":0.012796,"38":0.01828,"39":0.014624,"40":0.01371,"41":0.023764,"42":0.07769,"43":0.215704,"44":0.069464,"45":0.09597,"46":0.766846,"47":1.132446,"48":0.01828,"49":null,"50":null},"chrome":{"4":null,"5":0.001828,"6":null,"7":null,"8":null,"9":0.000914,"10":0.001828,"11":0.072206,"12":0.001828,"13":null,"14":null,"15":0.003656,"16":0.002742,"17":0.001828,"18":0.003656,"19":0.003656,"20":0.000914,"21":0.00914,"22":null,"23":null,"24":null,"25":0.015538,"26":null,"27":0.002742,"28":0.003656,"29":0.017366,"30":0.00457,"31":0.048442,"32":0.001828,"33":0.002742,"34":0.000914,"35":0.001828,"36":0.00457,"37":0.003656,"38":0.005484,"39":0.043872,"40":0.047528,"41":0.001828,"42":0.000914,"43":0.019194,"44":0.033818,"45":0.065808,"46":0.00914,"47":0.02742,"48":0.03199,"49":0.259576,"50":0.58953,"51":1.689072,"52":0.00914,"53":0.005484,"54":null},"opera":{"9":null,"9.5-9.6":null,"10.0-10.1":0.003656,"10.5":null,"10.6":null,"11":null,"11.1":null,"11.5":null,"11.6":0.001828,"12":0.001828,"12.1":0.000914,"15":null,"16":null,"17":null,"18":null,"19":null,"20":0.001828,"21":0.002742,"22":0.003656,"23":null,"24":null,"25":null,"26":null,"27":null,"28":null,"29":0.002742,"30":0.000914,"31":0.000914,"32":null,"33":0.016452,"34":0.008226,"35":0.002742,"36":0.016452,"37":0.047528,"38":0.051184,"39":null,"40":null},"safari":{"3.1":null,"3.2":null,"4":0,"5":0.002742,"5.1":0.003656,"6":0.003656,"6.1":0.00457,"7":0.023764,"7.1":0.015538,"8":0.058496,"9":0.046614,"9.1":0.097798,"10":null,"0":null},"ios_saf":{"3.2":0,"4.0-4.1":0,"4.2-4.3":0,"5.0-5.1":0,"6.0-6.1":0,"7.0-7.1":0.0239080590238,"8":0,"8.1-8.4":0.0479098751419,"9.0-9.2":0.103414074915,"9.3":0.733367990919},"android":{"2.1":0,"2.2":0,"2.3":0.0297068984146,"3":0,"4":0.195570414563,"4.1":0.683258663535,"4.2-4.3":1.44326014797,"4.4":3.80495857193,"4.4.3-4.4.4":2.27505330358,"50":null},"op_mob":{"10":0,"11":0,"11.1":0,"11.5":0,"12":0,"12.1":0.0232137052632,"0":1.02140303158},"ie":{"5.5":null,"6":0.00461575083426,"7":0.000923150166852,"8":0.103392818687,"9":0.0295408053393,"10":0.118163221357,"11":0.571429953281},"bb":{"7":0.0386155,"10":null},"ie_mob":{"10":0.143173333333,"11":0.401986666667},"edge":{"12":0.168176,"13":0.096884,"14":null},"and_ff":{"0":0.427042},"and_uc":{"0":47.756016},"op_mini":{"5.0-8.0":14.3924972632},"and_chr":{"0":12.771542},"samsung":{"0":2.107952}},"total":96.9039231997}