{"id":"MM","name":"Myanmar","month":"2016-06","access_date":"2016-07-06","data":{"firefox":{"2":0.042021,"3":0.016008,"3.5":0.008004,"3.6":0.044022,"4":0.036018,"5":0.022011,"6":0.010005,"7":0.008004,"8":0.008004,"9":0.02001,"10":0.012006,"11":0.056028,"12":0.062031,"13":0.038019,"14":0.028014,"15":0.034017,"16":0.122061,"17":0.022011,"18":0.036018,"19":0.062031,"20":0.024012,"21":0.064032,"22":0.030015,"23":0.072036,"24":0.042021,"25":0.050025,"26":0.064032,"27":0.050025,"28":0.032016,"29":0.170085,"30":0.158079,"31":0.068034,"32":0.068034,"33":0.104052,"34":0.102051,"35":0.12006,"36":0.168084,"37":0.114057,"38":0.190095,"39":0.16008,"40":0.136068,"41":0.194097,"42":0.256128,"43":0.666333,"44":0.394197,"45":0.318159,"46":1.912956,"47":3.063531,"48":0.726363,"49":0.014007,"50":0.002001},"chrome":{"4":null,"5":null,"6":0.002001,"7":null,"8":null,"9":null,"10":null,"11":0.056028,"12":0.002001,"13":null,"14":0.002001,"15":null,"16":null,"17":null,"18":0.004002,"19":null,"20":0.004002,"21":null,"22":0.006003,"23":0.006003,"24":0.004002,"25":0.010005,"26":null,"27":0.010005,"28":0.024012,"29":0.028014,"30":0.008004,"31":0.06003,"32":0.030015,"33":0.030015,"34":0.008004,"35":0.014007,"36":0.010005,"37":0.006003,"38":0.024012,"39":0.014007,"40":0.006003,"41":0.012006,"42":0.008004,"43":0.054027,"44":0.016008,"45":0.070035,"46":0.028014,"47":0.048024,"48":0.084042,"49":0.154077,"50":1.188594,"51":3.517758,"52":0.06003,"53":0.068034,"54":null},"opera":{"9":null,"9.5-9.6":null,"10.0-10.1":0,"10.5":null,"10.6":null,"11":null,"11.1":null,"11.5":null,"11.6":null,"12":0.014007,"12.1":0.002001,"15":null,"16":null,"17":null,"18":null,"19":null,"20":null,"21":null,"22":0.004002,"23":null,"24":null,"25":null,"26":null,"27":null,"28":0.002001,"29":null,"30":0.002001,"31":null,"32":null,"33":0.004002,"34":0.108054,"35":0.004002,"36":0.006003,"37":0.04002,"38":0.086043,"39":null,"40":null},"safari":{"3.1":null,"3.2":null,"4":0,"5":0.004002,"5.1":0.010005,"6":0.002001,"6.1":0.006003,"7":0.010005,"7.1":null,"8":0.08004,"9":0.094047,"9.1":0.290145,"10":null,"0":null},"ios_saf":{"3.2":0,"4.0-4.1":0,"4.2-4.3":0,"5.0-5.1":0,"6.0-6.1":0,"7.0-7.1":0.0951361820246,"8":0,"8.1-8.4":0.190645447116,"9.0-9.2":0.41151062264,"9.3":2.91825574822},"android":{"2.1":0,"2.2":0,"2.3":0.0909715983558,"3":0,"4":0.598896355843,"4.1":2.09234676218,"4.2-4.3":4.41970348679,"4.4":11.6519455561,"4.4.3-4.4.4":6.96690824075,"50":null},"op_mob":{"10":0,"11":0,"11.1":0,"11.5":0,"12":0,"12.1":0.00398145714286,"0":0.175184114286},"ie":{"5.5":null,"6":0.0163175469613,"7":null,"8":0.212128110497,"9":0.0999449751381,"10":0.0469129475138,"11":0.36306541989},"bb":{"7":0,"10":null},"ie_mob":{"10":0.0147052323232,"11":0.0412877676768},"edge":{"12":0.044022,"13":0.062031,"14":null},"and_ff":{"0":0.263967},"and_uc":{"0":6.039245},"op_mini":{"5.0-8.0":2.46850342857},"and_chr":{"0":40.416225},"samsung":{"0":2.831646}},"total":99.201816}