{"id":"MN","name":"Mongolia","month":"2016-06","access_date":"2016-07-06","data":{"firefox":{"2":null,"3":0.01348,"3.5":0.01348,"3.6":0.02696,"4":0.02022,"5":0.00674,"6":null,"7":null,"8":0.01348,"9":0.02022,"10":0.00674,"11":0.1011,"12":0.04718,"13":0.00674,"14":0.02022,"15":0.0337,"16":0.05392,"17":0.00674,"18":0.01348,"19":0.02022,"20":0.01348,"21":0.04044,"22":0.00674,"23":0.01348,"24":0.04044,"25":0.02022,"26":0.01348,"27":0.02022,"28":0.01348,"29":0.06066,"30":0.0674,"31":0.02696,"32":0.02696,"33":0.0337,"34":0.02696,"35":0.0337,"36":0.0337,"37":0.12806,"38":0.21568,"39":0.06066,"40":0.08762,"41":0.08088,"42":0.2696,"43":0.3707,"44":0.1685,"45":0.61334,"46":3.96312,"47":7.05678,"48":0.5055,"49":0.00674,"50":null},"chrome":{"4":0.01348,"5":null,"6":null,"7":null,"8":null,"9":0.00674,"10":0.02022,"11":0.02696,"12":0.05392,"13":null,"14":null,"15":null,"16":null,"17":null,"18":0.02022,"19":0.02022,"20":null,"21":0.01348,"22":0.04044,"23":0.10784,"24":0.02022,"25":0.0674,"26":0.02022,"27":0.04044,"28":0.0337,"29":0.04044,"30":0.08762,"31":0.0337,"32":0.0337,"33":0.06066,"34":0.1011,"35":0.07414,"36":0.09436,"37":0.05392,"38":0.02696,"39":0.05392,"40":0.06066,"41":0.09436,"42":0.05392,"43":0.45158,"44":0.11458,"45":1.1121,"46":0.18872,"47":0.63356,"48":0.2359,"49":2.4264,"50":9.49666,"51":28.8472,"52":0.15502,"53":0.19546,"54":null},"opera":{"9":null,"9.5-9.6":null,"10.0-10.1":0,"10.5":null,"10.6":null,"11":null,"11.1":null,"11.5":null,"11.6":0.0337,"12":0.00674,"12.1":0.02022,"15":null,"16":null,"17":null,"18":null,"19":null,"20":null,"21":null,"22":null,"23":null,"24":null,"25":null,"26":null,"27":null,"28":0.04044,"29":null,"30":null,"31":null,"32":null,"33":0.00674,"34":0.00674,"35":0.0337,"36":0.02022,"37":0.51898,"38":0.90316,"39":0.02022,"40":0.00674},"safari":{"3.1":null,"3.2":null,"4":0.00674,"5":0.01348,"5.1":0.02696,"6":0.00674,"6.1":0.01348,"7":0.0674,"7.1":0.00674,"8":0.19546,"9":0.12132,"9.1":0.78184,"10":null,"0":null},"ios_saf":{"3.2":0,"4.0-4.1":0,"4.2-4.3":0,"5.0-5.1":0,"6.0-6.1":0,"7.0-7.1":0.170274533072,"8":0,"8.1-8.4":0.341216809411,"9.0-9.2":0.736520823444,"9.3":5.22308783407},"android":{"2.1":0,"2.2":0,"2.3":0.0460573106283,"3":0,"4":0.303210628303,"4.1":1.05931814445,"4.2-4.3":2.23761767469,"4.4":5.89917386964,"4.4.3-4.4.4":3.52722237228,"50":null},"op_mob":{"10":0,"11":0,"11.1":0,"11.5":0,"12":0,"12.1":0.000941233082707,"0":0.0414142556391},"ie":{"5.5":null,"6":0.0143190041494,"7":null,"8":0.572760165975,"9":0.0572760165975,"10":0.128871037344,"11":0.952213775934},"bb":{"7":0.035045,"10":null},"ie_mob":{"10":0.0539381818182,"11":0.151441818182},"edge":{"12":0.06066,"13":0.44484,"14":null},"and_ff":{"0":0.0489},"and_uc":{"0":0.35534},"op_mini":{"5.0-8.0":0.583564511278},"and_chr":{"0":9.90688},"samsung":{"0":2.56562}},"total":98.051445}