{"id":"MO","name":"Macao","month":"2016-06","access_date":"2016-07-06","data":{"firefox":{"2":null,"3":null,"3.5":null,"3.6":null,"4":null,"5":null,"6":null,"7":null,"8":null,"9":null,"10":null,"11":null,"12":null,"13":null,"14":null,"15":null,"16":0.005641,"17":null,"18":null,"19":null,"20":null,"21":null,"22":null,"23":null,"24":null,"25":null,"26":0.011282,"27":null,"28":null,"29":null,"30":null,"31":0.078974,"32":0.028205,"33":null,"34":0.022564,"35":0.022564,"36":null,"37":0.016923,"38":0.05641,"39":0.062051,"40":0.045128,"41":0.011282,"42":0.05641,"43":0.146666,"44":0.016923,"45":0.129743,"46":1.6923,"47":3.198447,"48":0.005641,"49":null,"50":null},"chrome":{"4":null,"5":null,"6":null,"7":null,"8":null,"9":null,"10":null,"11":0.045128,"12":0.005641,"13":null,"14":null,"15":null,"16":null,"17":0.011282,"18":0.011282,"19":null,"20":0.011282,"21":0.011282,"22":0.011282,"23":null,"24":null,"25":0.016923,"26":0.011282,"27":0.011282,"28":0.022564,"29":0.253845,"30":0.033846,"31":0.135384,"32":0.016923,"33":0.039487,"34":0.039487,"35":0.028205,"36":0.084615,"37":0.022564,"38":0.062051,"39":0.062051,"40":0.073333,"41":0.045128,"42":0.293332,"43":0.265127,"44":0.423075,"45":2.092811,"46":0.355383,"47":0.535895,"48":0.609228,"49":2.984089,"50":7.807144,"51":17.131717,"52":0.090256,"53":0.050769,"54":null},"opera":{"9":null,"9.5-9.6":null,"10.0-10.1":0,"10.5":null,"10.6":null,"11":null,"11.1":null,"11.5":null,"11.6":null,"12":null,"12.1":0.062051,"15":null,"16":null,"17":null,"18":null,"19":null,"20":null,"21":null,"22":null,"23":null,"24":null,"25":null,"26":null,"27":null,"28":null,"29":null,"30":null,"31":null,"32":null,"33":null,"34":null,"35":0.005641,"36":0.039487,"37":0.067692,"38":0.298973,"39":0.011282,"40":null},"safari":{"3.1":null,"3.2":null,"4":0,"5":0.028205,"5.1":0.124102,"6":0.062051,"6.1":0.090256,"7":0.146666,"7.1":0.033846,"8":0.468203,"9":0.637433,"9.1":1.934863,"10":0.016923,"0":null},"ios_saf":{"3.2":0,"4.0-4.1":0,"4.2-4.3":0,"5.0-5.1":0,"6.0-6.1":0,"7.0-7.1":0.59870447735,"8":0,"8.1-8.4":1.1997568154,"9.0-9.2":2.58969034713,"9.3":18.3649663601},"android":{"2.1":0,"2.2":0,"2.3":0.00783058132707,"3":0,"4":0.0515513270699,"4.1":0.180103370523,"4.2-4.3":0.380435742807,"4.4":1.00296695831,"4.4.3-4.4.4":0.599692019965,"50":null},"op_mob":{"10":0,"11":0,"11.1":0,"11.5":0,"12":0,"12.1":0.000203154887218,"0":0.00893881503759},"ie":{"5.5":null,"6":0.0173261880232,"7":0.0173261880232,"8":1.24171014166,"9":0.843207817128,"10":0.693047520927,"11":6.15657214424},"bb":{"7":0.0076265,"10":null},"ie_mob":{"10":0.0331912323232,"11":0.0931907676768},"edge":{"12":0.135384,"13":1.483583,"14":0.011282},"and_ff":{"0":0.030506},"and_uc":{"0":1.39456},"op_mini":{"5.0-8.0":0.125956030075},"and_chr":{"0":14.52889},"samsung":{"0":3.50819}},"total":98.6461925}