{"id":"MP","name":"Northern Mariana Islands","month":"2016-06","access_date":"2016-07-06","data":{"firefox":{"2":null,"3":null,"3.5":null,"3.6":0.03256,"4":null,"5":null,"6":null,"7":null,"8":null,"9":null,"10":null,"11":null,"12":null,"13":null,"14":null,"15":null,"16":0.03256,"17":null,"18":0.013024,"19":null,"20":null,"21":null,"22":null,"23":null,"24":null,"25":null,"26":null,"27":null,"28":null,"29":null,"30":null,"31":0.052096,"32":0.026048,"33":null,"34":null,"35":null,"36":null,"37":null,"38":0.019536,"39":0.03256,"40":0.03256,"41":0.03256,"42":0.078144,"43":0.013024,"44":0.019536,"45":0.052096,"46":1.764752,"47":3.015056,"48":0.058608,"49":null,"50":null},"chrome":{"4":null,"5":null,"6":null,"7":null,"8":null,"9":null,"10":null,"11":null,"12":null,"13":null,"14":null,"15":null,"16":null,"17":null,"18":null,"19":null,"20":null,"21":null,"22":0.006512,"23":null,"24":null,"25":null,"26":0.019536,"27":null,"28":null,"29":null,"30":null,"31":0.234432,"32":null,"33":0.013024,"34":0.039072,"35":null,"36":0.052096,"37":null,"38":null,"39":0.013024,"40":0.052096,"41":null,"42":0.280016,"43":0.06512,"44":0.045584,"45":0.963776,"46":0.045584,"47":0.09768,"48":0.110704,"49":3.054128,"50":10.966208,"51":27.174576,"52":0.026048,"53":0.1628,"54":null},"opera":{"9":null,"9.5-9.6":null,"10.0-10.1":0,"10.5":null,"10.6":null,"11":null,"11.1":null,"11.5":null,"11.6":null,"12":null,"12.1":null,"15":null,"16":null,"17":null,"18":null,"19":null,"20":null,"21":null,"22":null,"23":null,"24":null,"25":null,"26":null,"27":0.019536,"28":null,"29":0.013024,"30":null,"31":null,"32":null,"33":null,"34":null,"35":null,"36":null,"37":0.09768,"38":0.039072,"39":null,"40":null},"safari":{"3.1":null,"3.2":null,"4":0.026048,"5":0.019536,"5.1":0.19536,"6":null,"6.1":0.045584,"7":0.019536,"7.1":0.1628,"8":0.110704,"9":0.410256,"9.1":0.833536,"10":null,"0":null},"ios_saf":{"3.2":0,"4.0-4.1":0,"4.2-4.3":0,"5.0-5.1":0,"6.0-6.1":0,"7.0-7.1":0.229817125168,"8":0,"8.1-8.4":0.460535493963,"9.0-9.2":0.994071721804,"9.3":7.04952765907},"android":{"2.1":0,"2.2":0,"2.3":0.0177820411039,"3":0,"4":0.117065103934,"4.1":0.40898694539,"4.2-4.3":0.863910830299,"4.4":2.27758309806,"4.4.3-4.4.4":1.36180798121,"50":null},"op_mob":{"10":0,"11":0,"11.1":0,"11.5":0,"12":0,"12.1":0.000535001503759,"0":0.0235400661654},"ie":{"5.5":null,"6":0.013024,"7":null,"8":0.527472,"9":0.332112,"10":0.540496,"11":6.010576},"bb":{"7":0.000872,"10":null},"ie_mob":{"10":0.0778634343434,"11":0.218616565657},"edge":{"12":0.45584,"13":2.363856,"14":null},"and_ff":{"0":0.041856},"and_uc":{"0":0.638304},"op_mini":{"5.0-8.0":0.331700932331},"and_chr":{"0":19.81752},"samsung":{"0":3.271744}},"total":99.136424}