{"id":"MQ","name":"Martinique","month":"2016-06","access_date":"2016-07-06","data":{"firefox":{"2":null,"3":null,"3.5":null,"3.6":0.014138,"4":null,"5":null,"6":null,"7":null,"8":null,"9":null,"10":null,"11":0.007069,"12":0.014138,"13":null,"14":null,"15":null,"16":0.014138,"17":null,"18":null,"19":null,"20":0.014138,"21":0.014138,"22":null,"23":null,"24":null,"25":null,"26":0.014138,"27":null,"28":null,"29":null,"30":null,"31":0.014138,"32":0.014138,"33":null,"34":0.007069,"35":0.007069,"36":0.021207,"37":0.021207,"38":0.077759,"39":0.021207,"40":0.049483,"41":0.049483,"42":0.091897,"43":0.098966,"44":0.127242,"45":0.134311,"46":3.548638,"47":5.959167,"48":0.162587,"49":null,"50":null},"chrome":{"4":null,"5":null,"6":null,"7":null,"8":null,"9":null,"10":null,"11":0.042414,"12":0.014138,"13":null,"14":null,"15":null,"16":null,"17":null,"18":null,"19":null,"20":null,"21":null,"22":0.014138,"23":0.014138,"24":null,"25":null,"26":0.021207,"27":null,"28":null,"29":null,"30":0.007069,"31":0.042414,"32":0.028276,"33":0.042414,"34":0.07069,"35":0.042414,"36":0.056552,"37":0.042414,"38":0.028276,"39":0.056552,"40":0.056552,"41":0.035345,"42":0.028276,"43":0.063621,"44":0.056552,"45":0.127242,"46":0.113104,"47":0.14138,"48":0.162587,"49":1.710698,"50":9.854186,"51":25.16564,"52":0.091897,"53":0.063621,"54":null},"opera":{"9":null,"9.5-9.6":null,"10.0-10.1":0,"10.5":null,"10.6":null,"11":null,"11.1":null,"11.5":null,"11.6":null,"12":0.007069,"12.1":0.049483,"15":null,"16":null,"17":null,"18":null,"19":null,"20":null,"21":null,"22":null,"23":null,"24":null,"25":null,"26":null,"27":null,"28":null,"29":null,"30":null,"31":null,"32":null,"33":null,"34":null,"35":null,"36":0.028276,"37":0.14138,"38":0.388795,"39":null,"40":null},"safari":{"3.1":null,"3.2":null,"4":0,"5":0.028276,"5.1":0.289829,"6":0.021207,"6.1":0.226208,"7":0.219139,"7.1":0.014138,"8":0.431209,"9":0.728107,"9.1":3.74657,"10":null,"0":null},"ios_saf":{"3.2":0,"4.0-4.1":0,"4.2-4.3":0,"5.0-5.1":0,"6.0-6.1":0,"7.0-7.1":0.137018280879,"8":0,"8.1-8.4":0.27457388835,"9.0-9.2":0.592671230626,"9.3":4.20296860014},"android":{"2.1":0,"2.2":0,"2.3":0.0080780645919,"3":0,"4":0.0531805918967,"4.1":0.185795485614,"4.2-4.3":0.392459304756,"4.4":1.03466543981,"4.4.3-4.4.4":0.618645113329,"50":null},"op_mob":{"10":0,"11":0,"11.1":0,"11.5":0,"12":0,"12.1":0.00020722406015,"0":0.00911785864662},"ie":{"5.5":null,"6":0.00708889399625,"7":0.0354444699812,"8":0.304822441839,"9":0.276466865854,"10":0.326089123827,"11":6.6068492045},"bb":{"7":0.008796,"10":null},"ie_mob":{"10":0.074691959596,"11":0.209712040404},"edge":{"12":0.367588,"13":4.248469,"14":null},"and_ff":{"0":0.023456},"and_uc":{"0":0.11728},"op_mini":{"5.0-8.0":0.128478917293},"and_chr":{"0":19.230486},"samsung":{"0":3.802804}},"total":98.288862}