{"id":"MR","name":"Mauritania","month":"2016-06","access_date":"2016-07-06","data":{"firefox":{"2":0.006956,"3":0.038258,"3.5":0.031302,"3.6":0.03478,"4":0.045214,"5":0.003478,"6":0.006956,"7":0.003478,"8":null,"9":null,"10":0.01739,"11":0.020868,"12":0.027824,"13":0.027824,"14":0.020868,"15":0.003478,"16":0.055648,"17":0.024346,"18":0.010434,"19":0.013912,"20":0.045214,"21":0.079994,"22":0.020868,"23":0.013912,"24":0.045214,"25":0.010434,"26":0.03478,"27":0.013912,"28":0.006956,"29":0.073038,"30":0.107818,"31":0.020868,"32":0.062604,"33":0.073038,"34":0.031302,"35":0.027824,"36":0.06956,"37":0.079994,"38":0.083472,"39":0.125208,"40":0.06956,"41":0.05217,"42":0.100862,"43":0.563436,"44":0.128686,"45":0.215636,"46":2.396342,"47":3.439742,"48":0.132164,"49":null,"50":null},"chrome":{"4":0.013912,"5":0.031302,"6":0.027824,"7":0.048692,"8":0.01739,"9":0.100862,"10":0.027824,"11":0.132164,"12":0.055648,"13":0.041736,"14":0.15651,"15":0.006956,"16":0.03478,"17":0.093906,"18":null,"19":null,"20":null,"21":0.010434,"22":0.03478,"23":0.038258,"24":null,"25":0.024346,"26":0.05217,"27":0.038258,"28":0.01739,"29":0.681688,"30":0.013912,"31":0.132164,"32":0.079994,"33":0.073038,"34":0.01739,"35":0.024346,"36":0.031302,"37":0.01739,"38":0.03478,"39":0.010434,"40":0.073038,"41":0.010434,"42":0.045214,"43":0.66082,"44":0.041736,"45":0.344322,"46":0.059126,"47":0.250416,"48":0.459096,"49":1.464238,"50":3.75624,"51":10.458346,"52":0.079994,"53":0.027824,"54":null},"opera":{"9":null,"9.5-9.6":null,"10.0-10.1":0,"10.5":null,"10.6":null,"11":null,"11.1":null,"11.5":null,"11.6":0.003478,"12":null,"12.1":0.020868,"15":null,"16":null,"17":0.006956,"18":null,"19":null,"20":null,"21":null,"22":0.01739,"23":null,"24":null,"25":0.003478,"26":null,"27":null,"28":null,"29":null,"30":null,"31":0.006956,"32":null,"33":0.006956,"34":0.003478,"35":0.013912,"36":0.066082,"37":0.149554,"38":0.354756,"39":0.003478,"40":null},"safari":{"3.1":null,"3.2":null,"4":0,"5":0.006956,"5.1":0.006956,"6":null,"6.1":0.006956,"7":0.003478,"7.1":null,"8":0.048692,"9":0.10434,"9.1":0.246938,"10":null,"0":null},"ios_saf":{"3.2":0,"4.0-4.1":0,"4.2-4.3":0,"5.0-5.1":0,"6.0-6.1":0,"7.0-7.1":0.0878663006914,"8":0,"8.1-8.4":0.176077175111,"9.0-9.2":0.380064822206,"9.3":2.69525570199},"android":{"2.1":0,"2.2":0,"2.3":0.0675791027598,"3":0,"4":0.444895759836,"4.1":1.55431936348,"4.2-4.3":3.28321807575,"4.4":8.65575674516,"4.4.3-4.4.4":5.17543295302,"50":null},"op_mob":{"10":0,"11":0,"11.1":0,"11.5":0,"12":0,"12.1":0.0189971639098,"0":0.83587521203},"ie":{"5.5":null,"6":0.00352080615385,"7":null,"8":0.559808178462,"9":0.105624184615,"10":0.278143686154,"11":1.34142714462},"bb":{"7":0.022827,"10":null},"ie_mob":{"10":0.0942066666667,"11":0.264503333333},"edge":{"12":0.045214,"13":0.344322,"14":null},"and_ff":{"0":0.078264},"and_uc":{"0":4.147992},"op_mini":{"5.0-8.0":11.7782416241},"and_chr":{"0":22.706748},"samsung":{"0":3.313176}},"total":97.911061}