{"id":"MS","name":"Montserrat","month":"2016-06","access_date":"2016-07-06","data":{"firefox":{"2":null,"3":null,"3.5":null,"3.6":0.015238,"4":null,"5":null,"6":null,"7":null,"8":null,"9":null,"10":null,"11":null,"12":null,"13":null,"14":null,"15":null,"16":null,"17":null,"18":null,"19":null,"20":null,"21":0.373331,"22":null,"23":null,"24":null,"25":null,"26":null,"27":null,"28":null,"29":0.068571,"30":null,"31":0.022857,"32":null,"33":null,"34":0.144761,"35":null,"36":0.053333,"37":null,"38":null,"39":0.07619,"40":0.015238,"41":0.159999,"42":null,"43":null,"44":null,"45":null,"46":0.594282,"47":2.05713,"48":null,"49":null,"50":null},"chrome":{"4":0.015238,"5":null,"6":0.015238,"7":null,"8":null,"9":null,"10":null,"11":null,"12":null,"13":null,"14":null,"15":null,"16":0.091428,"17":0.015238,"18":null,"19":null,"20":null,"21":null,"22":0.015238,"23":0.015238,"24":null,"25":null,"26":null,"27":0.091428,"28":0.068571,"29":0.342855,"30":2.36189,"31":0.175237,"32":0.091428,"33":0.038095,"34":null,"35":0.068571,"36":0.342855,"37":0.342855,"38":0.121904,"39":null,"40":null,"41":null,"42":null,"43":0.022857,"44":0.015238,"45":0.144761,"46":0.335236,"47":0.251427,"48":0.053333,"49":0.38095,"50":11.786593,"51":22.338908,"52":null,"53":0.053333,"54":null},"opera":{"9":null,"9.5-9.6":null,"10.0-10.1":0,"10.5":null,"10.6":null,"11":null,"11.1":null,"11.5":null,"11.6":null,"12":null,"12.1":0.07619,"15":null,"16":null,"17":null,"18":null,"19":null,"20":null,"21":null,"22":null,"23":null,"24":null,"25":null,"26":null,"27":null,"28":null,"29":null,"30":null,"31":null,"32":null,"33":null,"34":null,"35":null,"36":null,"37":0.053333,"38":0.213332,"39":null,"40":null},"safari":{"3.1":null,"3.2":null,"4":0,"5":null,"5.1":0.015238,"6":null,"6.1":null,"7":null,"7.1":null,"8":0.015238,"9":3.649501,"9.1":7.54281,"10":null,"0":null},"ios_saf":{"3.2":0,"4.0-4.1":0,"4.2-4.3":0,"5.0-5.1":0,"6.0-6.1":0,"7.0-7.1":0.0979241837788,"8":0,"8.1-8.4":0.196232383965,"9.0-9.2":0.423570096894,"9.3":3.00377633536},"android":{"2.1":0,"2.2":0,"2.3":0.00713880563711,"3":0,"4":0.046997137111,"4.1":0.164192529654,"4.2-4.3":0.34682697387,"4.4":0.91436202202,"4.4.3-4.4.4":0.546713531709,"50":null},"op_mob":{"10":0,"11":0,"11.1":0,"11.5":0,"12":0,"12.1":0,"0":0},"ie":{"5.5":null,"6":null,"7":null,"8":0.0381434361093,"9":0.183088493325,"10":4.73741476478,"11":6.97262012079},"bb":{"7":0.3559595,"10":null},"ie_mob":{"10":0.100675414141,"11":0.282665585859},"edge":{"12":0.30476,"13":7.131384,"14":null},"and_ff":{"0":null},"and_uc":{"0":0.200004},"op_mini":{"5.0-8.0":0},"and_chr":{"0":17.28315},"samsung":{"0":0.747634}},"total":98.827748315}