{"id":"MT","name":"Malta","month":"2016-06","access_date":"2016-07-06","data":{"firefox":{"2":null,"3":null,"3.5":null,"3.6":0.014088,"4":null,"5":null,"6":null,"7":null,"8":null,"9":null,"10":null,"11":null,"12":0.007044,"13":null,"14":0.007044,"15":null,"16":null,"17":null,"18":null,"19":null,"20":0.014088,"21":null,"22":null,"23":null,"24":0.042264,"25":0.042264,"26":0.014088,"27":null,"28":null,"29":0.056352,"30":0.021132,"31":0.007044,"32":0.021132,"33":0.014088,"34":0.021132,"35":0.028176,"36":0.049308,"37":0.063396,"38":0.119748,"39":0.098616,"40":0.056352,"41":0.077484,"42":0.077484,"43":0.31698,"44":0.147924,"45":0.38742,"46":3.050052,"47":5.078724,"48":0.154968,"49":0.007044,"50":null},"chrome":{"4":null,"5":null,"6":null,"7":null,"8":null,"9":null,"10":null,"11":0.021132,"12":null,"13":null,"14":null,"15":null,"16":null,"17":null,"18":0.014088,"19":null,"20":null,"21":null,"22":0.056352,"23":null,"24":null,"25":null,"26":0.03522,"27":null,"28":null,"29":0.626916,"30":null,"31":0.021132,"32":0.028176,"33":0.028176,"34":0.03522,"35":0.007044,"36":0.091572,"37":0.056352,"38":0.03522,"39":0.098616,"40":0.021132,"41":0.021132,"42":0.042264,"43":0.084528,"44":0.084528,"45":0.197232,"46":0.077484,"47":0.14088,"48":1.09182,"49":3.106404,"50":10.890024,"51":29.310084,"52":0.10566,"53":0.147924,"54":null},"opera":{"9":null,"9.5-9.6":null,"10.0-10.1":0,"10.5":null,"10.6":null,"11":null,"11.1":null,"11.5":null,"11.6":null,"12":null,"12.1":0.028176,"15":null,"16":null,"17":null,"18":null,"19":null,"20":null,"21":null,"22":null,"23":null,"24":null,"25":null,"26":null,"27":null,"28":null,"29":null,"30":null,"31":null,"32":null,"33":null,"34":null,"35":null,"36":0.03522,"37":0.162012,"38":0.253584,"39":null,"40":null},"safari":{"3.1":null,"3.2":null,"4":0,"5":0.03522,"5.1":0.077484,"6":0.021132,"6.1":0.063396,"7":0.03522,"7.1":0.014088,"8":0.288804,"9":0.584652,"9.1":2.380872,"10":null,"0":null},"ios_saf":{"3.2":0,"4.0-4.1":0,"4.2-4.3":0,"5.0-5.1":0,"6.0-6.1":0,"7.0-7.1":0.209776561758,"8":0,"8.1-8.4":0.4203757767,"9.0-9.2":0.907386461253,"9.3":6.43479320029},"android":{"2.1":0,"2.2":0,"2.3":0.00699858602466,"3":0,"4":0.0460740246624,"4.1":0.160967478567,"4.2-4.3":0.340014637698,"4.4":0.896402226659,"4.4.3-4.4.4":0.535975046389,"50":null},"op_mob":{"10":0,"11":0,"11.1":0,"11.5":0,"12":0,"12.1":0.000120018045113,"0":0.00528079398496},"ie":{"5.5":null,"6":null,"7":null,"8":0.267672,"9":0.232452,"10":0.239496,"11":4.7547},"bb":{"7":0.016997,"10":null},"ie_mob":{"10":0.193304484848,"11":0.542739515152},"edge":{"12":0.119748,"13":2.704896,"14":null},"and_ff":{"0":0.020692},"and_uc":{"0":0.13302},"op_mini":{"5.0-8.0":0.0744111879699},"and_chr":{"0":16.073712},"samsung":{"0":3.154052}},"total":98.943665}