{"id":"MU","name":"Mauritius","month":"2016-06","access_date":"2016-07-06","data":{"firefox":{"2":null,"3":0.005854,"3.5":0.011708,"3.6":0.02927,"4":null,"5":0.005854,"6":null,"7":null,"8":null,"9":null,"10":null,"11":0.005854,"12":0.011708,"13":0.011708,"14":null,"15":null,"16":0.017562,"17":null,"18":0.011708,"19":null,"20":0.017562,"21":null,"22":0.011708,"23":null,"24":0.011708,"25":null,"26":0.011708,"27":null,"28":null,"29":0.011708,"30":0.011708,"31":0.040978,"32":0.011708,"33":0.017562,"34":0.005854,"35":0.017562,"36":0.017562,"37":0.046832,"38":0.093664,"39":0.093664,"40":0.040978,"41":0.035124,"42":0.070248,"43":0.14635,"44":0.111226,"45":0.181474,"46":2.628446,"47":4.53685,"48":0.228306,"49":null,"50":null},"chrome":{"4":null,"5":null,"6":null,"7":null,"8":null,"9":null,"10":null,"11":0.023416,"12":null,"13":null,"14":null,"15":null,"16":null,"17":null,"18":0.035124,"19":null,"20":0.005854,"21":null,"22":0.122934,"23":0.035124,"24":null,"25":null,"26":0.08781,"27":0.052686,"28":0.011708,"29":0.081956,"30":0.023416,"31":0.14635,"32":0.035124,"33":0.02927,"34":0.105372,"35":0.02927,"36":0.081956,"37":0.02927,"38":0.035124,"39":0.064394,"40":0.035124,"41":0.023416,"42":0.017562,"43":0.152204,"44":0.11708,"45":0.368802,"46":0.093664,"47":0.222452,"48":0.222452,"49":1.650828,"50":10.051318,"51":24.112626,"52":0.26343,"53":0.181474,"54":null},"opera":{"9":null,"9.5-9.6":null,"10.0-10.1":0,"10.5":null,"10.6":null,"11":null,"11.1":null,"11.5":null,"11.6":0.005854,"12":null,"12.1":0.023416,"15":null,"16":null,"17":null,"18":null,"19":null,"20":null,"21":null,"22":null,"23":null,"24":null,"25":null,"26":null,"27":null,"28":null,"29":null,"30":0.017562,"31":0.005854,"32":null,"33":0.005854,"34":0.011708,"35":0.011708,"36":0.076102,"37":0.316116,"38":0.573692,"39":0.005854,"40":null},"safari":{"3.1":null,"3.2":null,"4":0,"5":0.076102,"5.1":0.08781,"6":0.023416,"6.1":0.02927,"7":0.040978,"7.1":0.017562,"8":0.222452,"9":0.26343,"9.1":1.363982,"10":null,"0":null},"ios_saf":{"3.2":0,"4.0-4.1":0,"4.2-4.3":0,"5.0-5.1":0,"6.0-6.1":0,"7.0-7.1":0.0721111371376,"8":0,"8.1-8.4":0.144505063048,"9.0-9.2":0.311916016717,"9.3":2.2119737831},"android":{"2.1":0,"2.2":0,"2.3":0.0165937381092,"3":0,"4":0.109242109219,"4.1":0.381655976512,"4.2-4.3":0.806179109806,"4.4":2.12538128949,"4.4.3-4.4.4":1.27080377686,"50":null},"op_mob":{"10":0,"11":0,"11.1":0,"11.5":0,"12":0,"12.1":0.013734793985,"0":0.604330935338},"ie":{"5.5":null,"6":null,"7":0.0117376780735,"8":0.498851318124,"9":0.287573112801,"10":0.311048468948,"11":3.50956574398},"bb":{"7":0.0238395,"10":null},"ie_mob":{"10":0.256968242424,"11":0.721487757576},"edge":{"12":0.228306,"13":1.28788,"14":null},"and_ff":{"0":0.120234},"and_uc":{"0":1.815948},"op_mini":{"5.0-8.0":8.51557227068},"and_chr":{"0":18.721824},"samsung":{"0":3.95943}},"total":98.5777218219}