{"id":"MV","name":"Maldives","month":"2016-06","access_date":"2016-07-06","data":{"firefox":{"2":null,"3":0.026173,"3.5":null,"3.6":0.052346,"4":0.033651,"5":0.003739,"6":0.007478,"7":null,"8":0.007478,"9":0.003739,"10":0.018695,"11":0.022434,"12":0.018695,"13":0.007478,"14":0.007478,"15":0.011217,"16":0.003739,"17":0.011217,"18":0.014956,"19":0.007478,"20":0.011217,"21":0.007478,"22":0.007478,"23":0.014956,"24":0.014956,"25":0.011217,"26":0.003739,"27":0.011217,"28":0.003739,"29":0.018695,"30":0.03739,"31":0.022434,"32":0.007478,"33":0.022434,"34":0.007478,"35":0.011217,"36":0.029912,"37":0.044868,"38":0.104692,"39":0.033651,"40":0.044868,"41":0.07478,"42":0.07478,"43":0.228079,"44":0.18695,"45":0.201906,"46":1.854544,"47":2.972505,"48":0.3739,"49":0.007478,"50":null},"chrome":{"4":null,"5":null,"6":null,"7":null,"8":null,"9":null,"10":0.014956,"11":0.018695,"12":0.041129,"13":null,"14":null,"15":null,"16":0.033651,"17":0.003739,"18":null,"19":0.011217,"20":0.029912,"21":null,"22":null,"23":0.011217,"24":null,"25":null,"26":0.007478,"27":0.011217,"28":0.014956,"29":0.022434,"30":0.026173,"31":0.071041,"32":0.029912,"33":0.052346,"34":0.033651,"35":0.011217,"36":0.011217,"37":0.022434,"38":0.033651,"39":0.059824,"40":0.022434,"41":0.003739,"42":0.029912,"43":0.071041,"44":0.033651,"45":0.153299,"46":0.052346,"47":0.11217,"48":0.093475,"49":0.725366,"50":5.877708,"51":14.989651,"52":0.097214,"53":0.082258,"54":null},"opera":{"9":null,"9.5-9.6":null,"10.0-10.1":0,"10.5":null,"10.6":null,"11":null,"11.1":null,"11.5":null,"11.6":null,"12":null,"12.1":0.007478,"15":null,"16":null,"17":null,"18":null,"19":null,"20":0.007478,"21":null,"22":null,"23":null,"24":null,"25":null,"26":null,"27":null,"28":0.007478,"29":null,"30":null,"31":null,"32":null,"33":null,"34":0.011217,"35":0.003739,"36":null,"37":0.115909,"38":0.246774,"39":null,"40":null},"safari":{"3.1":null,"3.2":null,"4":0,"5":0.003739,"5.1":0.041129,"6":null,"6.1":0.022434,"7":0.011217,"7.1":null,"8":0.089736,"9":0.269208,"9.1":0.792668,"10":null,"0":null},"ios_saf":{"3.2":0,"4.0-4.1":0,"4.2-4.3":0,"5.0-5.1":0,"6.0-6.1":0,"7.0-7.1":0.237728703436,"8":0,"8.1-8.4":0.476389676298,"9.0-9.2":1.02829317604,"9.3":7.29221144423},"android":{"2.1":0,"2.2":0,"2.3":0.0181763852026,"3":0,"4":0.119661202584,"4.1":0.418056859659,"4.2-4.3":0.883069381092,"4.4":2.3280920047,"4.4.3-4.4.4":1.39200816676,"50":null},"op_mob":{"10":0,"11":0,"11.1":0,"11.5":0,"12":0,"12.1":0.00879364511278,"0":0.386920384962},"ie":{"5.5":null,"6":0.007478,"7":null,"8":0.220601,"9":0.059824,"10":0.157038,"11":1.106744},"bb":{"7":0.006261,"10":null},"ie_mob":{"10":0.123322727273,"11":0.346252272727},"edge":{"12":0.123387,"13":0.400073,"14":0.007478},"and_ff":{"0":0.075132},"and_uc":{"0":5.954211},"op_mini":{"5.0-8.0":5.45205996992},"and_chr":{"0":34.672871},"samsung":{"0":4.501659}},"total":99.054355}