{"id":"MW","name":"Malawi","month":"2016-06","access_date":"2016-07-06","data":{"firefox":{"2":null,"3":0.025676,"3.5":0.000917,"3.6":0.013755,"4":0.005502,"5":0.005502,"6":0.00917,"7":0.004585,"8":0.007336,"9":0.001834,"10":0.007336,"11":0.008253,"12":0.031178,"13":0.011004,"14":0.007336,"15":0.010087,"16":0.011004,"17":0.011004,"18":0.006419,"19":0.013755,"20":0.008253,"21":0.013755,"22":0.083447,"23":0.011004,"24":0.013755,"25":0.008253,"26":0.037597,"27":0.011921,"28":0.006419,"29":0.044933,"30":0.026593,"31":0.01834,"32":0.005502,"33":0.022008,"34":0.029344,"35":0.05502,"36":0.03668,"37":0.023842,"38":0.049518,"39":0.028427,"40":0.034846,"41":0.131131,"42":0.03668,"43":0.186151,"44":0.104538,"45":0.099036,"46":0.739102,"47":0.937174,"48":0.143052,"49":0.011921,"50":0.002751},"chrome":{"4":null,"5":0.000917,"6":null,"7":null,"8":null,"9":null,"10":0.021091,"11":0.007336,"12":0.002751,"13":null,"14":0.013755,"15":null,"16":null,"17":0.001834,"18":0.000917,"19":0.004585,"20":0.001834,"21":0.007336,"22":null,"23":null,"24":0.002751,"25":0.007336,"26":0.00917,"27":0.016506,"28":0.008253,"29":0.003668,"30":0.002751,"31":0.011921,"32":0.001834,"33":0.005502,"34":0.001834,"35":0.003668,"36":0.007336,"37":0.008253,"38":0.006419,"39":0.007336,"40":0.014672,"41":0.017423,"42":0.019257,"43":0.022925,"44":0.019257,"45":0.035763,"46":0.010087,"47":0.029344,"48":0.07336,"49":0.177898,"50":0.77945,"51":1.640513,"52":0.012838,"53":0.014672,"54":null},"opera":{"9":null,"9.5-9.6":null,"10.0-10.1":0,"10.5":null,"10.6":0.000917,"11":0.002751,"11.1":0.002751,"11.5":0.003668,"11.6":0.008253,"12":0.00917,"12.1":0.015589,"15":0.000917,"16":0.010087,"17":null,"18":0.001834,"19":0.001834,"20":0.019257,"21":0.000917,"22":0.004585,"23":null,"24":null,"25":null,"26":null,"27":0.001834,"28":0.006419,"29":0.00917,"30":0.002751,"31":0.001834,"32":0.004585,"33":0.017423,"34":0.025676,"35":0.020174,"36":0.024759,"37":0.11004,"38":0.132965,"39":0.000917,"40":null},"safari":{"3.1":null,"3.2":null,"4":0.001834,"5":0.004585,"5.1":0.006419,"6":0.000917,"6.1":0.008253,"7":0.042182,"7.1":0.014672,"8":0.047684,"9":0.052269,"9.1":0.085281,"10":null,"0":null},"ios_saf":{"3.2":0,"4.0-4.1":0,"4.2-4.3":0,"5.0-5.1":0,"6.0-6.1":0,"7.0-7.1":0.0152961056651,"8":0,"8.1-8.4":0.0306521960582,"9.0-9.2":0.0661631550924,"9.3":0.469200543184},"android":{"2.1":0,"2.2":0,"2.3":0.00531219495009,"3":0,"4":0.0349719500881,"4.1":0.122180483852,"4.2-4.3":0.258084137992,"4.4":0.680403636524,"4.4.3-4.4.4":0.406825596594,"50":null},"op_mob":{"10":0,"11":0,"11.1":0,"11.5":0,"12":0,"12.1":0.115442881203,"0":5.07948677293},"ie":{"5.5":null,"6":0.001834,"7":0.002751,"8":0.260428,"9":0.051352,"10":0.161392,"11":1.044463},"bb":{"7":0.254324,"10":null},"ie_mob":{"10":0.453232525253,"11":1.27253747475},"edge":{"12":0.093534,"13":0.1834,"14":null},"and_ff":{"0":0.009083},"and_uc":{"0":5.331721},"op_mini":{"5.0-8.0":71.5745863459},"and_chr":{"0":2.918427},"samsung":{"0":0.526814}},"total":98.316071}