{"id":"MX","name":"Mexico","month":"2016-06","access_date":"2016-07-06","data":{"firefox":{"2":null,"3":0.006185,"3.5":null,"3.6":0.01237,"4":null,"5":null,"6":0.01237,"7":null,"8":null,"9":null,"10":null,"11":null,"12":0.006185,"13":null,"14":null,"15":0.006185,"16":0.01237,"17":null,"18":null,"19":null,"20":0.006185,"21":null,"22":null,"23":null,"24":null,"25":null,"26":0.006185,"27":0.006185,"28":0.006185,"29":null,"30":0.006185,"31":0.018555,"32":0.006185,"33":0.01237,"34":0.030925,"35":0.018555,"36":0.01237,"37":0.02474,"38":0.08659,"39":0.043295,"40":0.043295,"41":0.04948,"42":0.06185,"43":0.142255,"44":0.08659,"45":0.14844,"46":1.874055,"47":3.11724,"48":0.02474,"49":null,"50":null},"chrome":{"4":null,"5":null,"6":null,"7":null,"8":null,"9":null,"10":null,"11":0.030925,"12":null,"13":null,"14":null,"15":null,"16":null,"17":null,"18":0.01237,"19":null,"20":null,"21":0.01237,"22":0.068035,"23":null,"24":null,"25":null,"26":0.018555,"27":0.01237,"28":0.006185,"29":0.241215,"30":0.006185,"31":0.018555,"32":0.02474,"33":0.018555,"34":0.043295,"35":0.04948,"36":0.04948,"37":0.03711,"38":0.04948,"39":0.068035,"40":0.043295,"41":0.03711,"42":0.03711,"43":0.14844,"44":0.11133,"45":0.117515,"46":0.216475,"47":0.204105,"48":0.27214,"49":2.98117,"50":9.74756,"51":26.63261,"52":0.092775,"53":0.02474,"54":null},"opera":{"9":null,"9.5-9.6":null,"10.0-10.1":0,"10.5":null,"10.6":null,"11":null,"11.1":null,"11.5":null,"11.6":null,"12":null,"12.1":0.018555,"15":null,"16":null,"17":null,"18":null,"19":null,"20":null,"21":null,"22":null,"23":null,"24":null,"25":null,"26":null,"27":null,"28":null,"29":0.01237,"30":null,"31":null,"32":null,"33":null,"34":0.006185,"35":0.01237,"36":0.030925,"37":0.191735,"38":0.29688,"39":null,"40":null},"safari":{"3.1":null,"3.2":null,"4":0.006185,"5":0.04948,"5.1":0.09896,"6":0.018555,"6.1":0.08659,"7":0.055665,"7.1":0.02474,"8":0.327805,"9":0.54428,"9.1":1.68232,"10":null,"0":null},"ios_saf":{"3.2":0,"4.0-4.1":0,"4.2-4.3":0,"5.0-5.1":0,"6.0-6.1":0,"7.0-7.1":0.158607316066,"8":0,"8.1-8.4":0.317836621608,"9.0-9.2":0.686054390672,"9.3":4.86520167165},"android":{"2.1":0,"2.2":0,"2.3":0.0165458543746,"3":0,"4":0.108926874633,"4.1":0.380554650617,"4.2-4.3":0.803852758368,"4.4":2.11924818115,"4.4.3-4.4.4":1.26713668086,"50":null},"op_mob":{"10":0,"11":0,"11.1":0,"11.5":0,"12":0,"12.1":0.00203657894737,"0":0.0896094736842},"ie":{"5.5":null,"6":0.0124262272727,"7":0.0186393409091,"8":0.372786818182,"9":0.602672022727,"10":0.534327772727,"11":3.92668781818},"bb":{"7":0.03338125,"10":null},"ie_mob":{"10":0.300575757576,"11":0.843924242424},"edge":{"12":0.17318,"13":1.305035,"14":null},"and_ff":{"0":0.034335},"and_uc":{"0":0.29757},"op_mini":{"5.0-8.0":1.26267894737},"and_chr":{"0":26.454985},"samsung":{"0":1.09109}},"total":98.86494125}