{"id":"MY","name":"Malaysia","month":"2016-06","access_date":"2016-07-06","data":{"firefox":{"2":null,"3":0.018816,"3.5":null,"3.6":0.02352,"4":0.004704,"5":null,"6":0.009408,"7":0.004704,"8":null,"9":null,"10":0.004704,"11":0.014112,"12":0.018816,"13":0.009408,"14":0.004704,"15":0.004704,"16":0.018816,"17":0.004704,"18":null,"19":0.004704,"20":0.009408,"21":0.009408,"22":0.009408,"23":0.009408,"24":0.009408,"25":0.009408,"26":0.004704,"27":0.018816,"28":0.009408,"29":0.018816,"30":0.014112,"31":0.018816,"32":0.014112,"33":0.018816,"34":0.018816,"35":0.028224,"36":0.028224,"37":0.037632,"38":0.07056,"39":0.061152,"40":0.056448,"41":0.056448,"42":0.07056,"43":0.206976,"44":0.112896,"45":0.18816,"46":1.891008,"47":3.22224,"48":0.249312,"49":null,"50":null},"chrome":{"4":null,"5":0.009408,"6":0.004704,"7":null,"8":0.004704,"9":0.004704,"10":0.018816,"11":0.032928,"12":0.014112,"13":null,"14":0.004704,"15":0.009408,"16":null,"17":0.014112,"18":0.009408,"19":0.009408,"20":0.009408,"21":0.014112,"22":0.02352,"23":0.009408,"24":0.004704,"25":0.009408,"26":0.014112,"27":0.014112,"28":0.014112,"29":0.131712,"30":0.028224,"31":0.131712,"32":0.02352,"33":0.089376,"34":0.02352,"35":0.028224,"36":0.042336,"37":0.032928,"38":0.061152,"39":0.07056,"40":0.032928,"41":0.04704,"42":0.04704,"43":0.145824,"44":0.159936,"45":0.381024,"46":0.244608,"47":0.286944,"48":0.296352,"49":2.526048,"50":7.206528,"51":19.102944,"52":0.145824,"53":0.2352,"54":null},"opera":{"9":null,"9.5-9.6":null,"10.0-10.1":0,"10.5":null,"10.6":null,"11":null,"11.1":null,"11.5":null,"11.6":null,"12":null,"12.1":0.014112,"15":null,"16":null,"17":null,"18":null,"19":null,"20":null,"21":null,"22":null,"23":null,"24":null,"25":null,"26":null,"27":null,"28":0.009408,"29":null,"30":0.004704,"31":null,"32":null,"33":0.004704,"34":0.051744,"35":0.014112,"36":0.018816,"37":0.112896,"38":0.159936,"39":null,"40":null},"safari":{"3.1":null,"3.2":null,"4":0.004704,"5":0.028224,"5.1":0.051744,"6":0.018816,"6.1":0.037632,"7":0.042336,"7.1":0.018816,"8":0.178752,"9":0.25872,"9.1":0.87024,"10":null,"0":null},"ios_saf":{"3.2":0,"4.0-4.1":0,"4.2-4.3":0,"5.0-5.1":0,"6.0-6.1":0,"7.0-7.1":0.165691953359,"8":0,"8.1-8.4":0.332033679084,"9.0-9.2":0.716698919823,"9.3":5.08251944774},"android":{"2.1":0,"2.2":0,"2.3":0.028268138579,"3":0,"4":0.186098578978,"4.1":0.650167187317,"4.2-4.3":1.3733603993,"4.4":3.62067741632,"4.4.3-4.4.4":2.16486827951,"50":null},"op_mob":{"10":0,"11":0,"11.1":0,"11.5":0,"12":0,"12.1":0.00489780451128,"0":0.215503398496},"ie":{"5.5":null,"6":0.0285298328173,"7":0.0237748606811,"8":0.456477325077,"9":0.309073188854,"10":0.25201352322,"11":2.00184326935},"bb":{"7":0.0331,"10":null},"ie_mob":{"10":0.0681525656566,"11":0.191351434343},"edge":{"12":0.056448,"13":0.456288,"14":null},"and_ff":{"0":0.042368},"and_uc":{"0":7.128416},"op_mini":{"5.0-8.0":3.03663879699},"and_chr":{"0":26.645808},"samsung":{"0":3.119344}},"total":98.680172}