{"id":"MZ","name":"Mozambique","month":"2016-06","access_date":"2016-07-06","data":{"firefox":{"2":null,"3":0.011632,"3.5":0.004362,"3.6":0.02181,"4":0.013086,"5":0.002908,"6":0.013086,"7":0.004362,"8":0.00727,"9":0.004362,"10":0.011632,"11":0.018902,"12":0.024718,"13":0.017448,"14":0.01454,"15":0.018902,"16":0.00727,"17":0.00727,"18":0.00727,"19":0.008724,"20":0.013086,"21":0.00727,"22":0.00727,"23":0.002908,"24":0.013086,"25":0.004362,"26":0.008724,"27":0.002908,"28":0.008724,"29":0.024718,"30":0.017448,"31":0.011632,"32":0.004362,"33":0.015994,"34":0.017448,"35":0.01454,"36":0.008724,"37":0.017448,"38":0.023264,"39":0.020356,"40":0.020356,"41":0.030534,"42":0.023264,"43":0.155578,"44":0.055252,"45":0.081424,"46":0.804062,"47":1.08323,"48":0.053798,"49":0.002908,"50":null},"chrome":{"4":null,"5":0.001454,"6":null,"7":null,"8":null,"9":null,"10":0.002908,"11":0.027626,"12":null,"13":0.00727,"14":0.002908,"15":null,"16":0.002908,"17":null,"18":0.001454,"19":0.001454,"20":null,"21":0.011632,"22":null,"23":0.002908,"24":null,"25":0.005816,"26":0.039258,"27":0.005816,"28":0.004362,"29":0.01454,"30":0.00727,"31":0.013086,"32":0.011632,"33":0.024718,"34":0.008724,"35":0.004362,"36":0.037804,"37":0.002908,"38":0.00727,"39":0.013086,"40":0.031988,"41":0.00727,"42":0.011632,"43":0.492906,"44":0.020356,"45":0.114866,"46":0.018902,"47":0.059614,"48":0.06543,"49":0.309702,"50":1.35222,"51":3.396544,"52":0.020356,"53":0.011632,"54":null},"opera":{"9":null,"9.5-9.6":null,"10.0-10.1":0,"10.5":0.002908,"10.6":0.002908,"11":0.004362,"11.1":0.001454,"11.5":0.005816,"11.6":0.02181,"12":0.008724,"12.1":0.024718,"15":0.002908,"16":0.004362,"17":0.002908,"18":0.005816,"19":null,"20":0.005816,"21":0.001454,"22":0.005816,"23":null,"24":0.004362,"25":null,"26":null,"27":0.001454,"28":0.002908,"29":0.00727,"30":0.013086,"31":null,"32":0.010178,"33":0.027626,"34":0.02181,"35":0.06543,"36":0.059614,"37":0.215192,"38":0.23991,"39":0.002908,"40":null},"safari":{"3.1":null,"3.2":null,"4":0.004362,"5":0.005816,"5.1":0.026172,"6":0.02181,"6.1":0.008724,"7":0.004362,"7.1":0.015994,"8":0.031988,"9":0.031988,"9.1":0.120682,"10":null,"0":null},"ios_saf":{"3.2":0,"4.0-4.1":0,"4.2-4.3":0,"5.0-5.1":0,"6.0-6.1":0,"7.0-7.1":0.0231617676194,"8":0,"8.1-8.4":0.0464143657001,"9.0-9.2":0.100185998762,"9.3":0.710475867919},"android":{"2.1":0,"2.2":0,"2.3":0.0111404110393,"3":0,"4":0.0733410393423,"4.1":0.256229453905,"4.2-4.3":0.541238302995,"4.4":1.42690098062,"4.4.3-4.4.4":0.853169812096,"50":null},"op_mob":{"10":0,"11":0,"11.1":0,"11.5":0,"12":0,"12.1":0.099917518797,"0":4.39637082707},"ie":{"5.5":null,"6":0.00584196428571,"7":0.0116839285714,"8":0.568131026786,"9":0.197166294643,"10":0.229297098214,"11":1.6050796875},"bb":{"7":0.1388725,"10":null},"ie_mob":{"10":0.365837858586,"11":1.02716014141},"edge":{"12":0.081424,"13":0.27626,"14":null},"and_ff":{"0":null},"and_uc":{"0":3.350032},"op_mini":{"5.0-8.0":61.9488616541},"and_chr":{"0":7.647982},"samsung":{"0":0.94006}},"total":96.9284865}