{"id":"NA","name":"Namibia","month":"2016-06","access_date":"2016-07-06","data":{"firefox":{"2":0.015024,"3":0.007512,"3.5":0.001878,"3.6":0.013146,"4":0.005634,"5":null,"6":0.005634,"7":0.005634,"8":0.001878,"9":null,"10":0.005634,"11":0.016902,"12":0.011268,"13":0.005634,"14":0.013146,"15":0.007512,"16":0.005634,"17":0.001878,"18":0.001878,"19":null,"20":null,"21":0.003756,"22":0.00939,"23":0.005634,"24":0.003756,"25":null,"26":null,"27":0.003756,"28":0.00939,"29":0.005634,"30":0.005634,"31":0.00939,"32":0.01878,"33":0.013146,"34":0.005634,"35":0.022536,"36":0.005634,"37":0.013146,"38":0.02817,"39":0.039438,"40":0.013146,"41":0.035682,"42":0.045072,"43":0.082632,"44":0.061974,"45":0.086388,"46":0.912708,"47":1.38972,"48":0.08451,"49":0.007512,"50":null},"chrome":{"4":null,"5":null,"6":null,"7":null,"8":null,"9":null,"10":null,"11":0.01878,"12":null,"13":null,"14":null,"15":null,"16":null,"17":null,"18":0.005634,"19":null,"20":0.001878,"21":0.003756,"22":null,"23":null,"24":null,"25":0.003756,"26":0.007512,"27":0.003756,"28":null,"29":0.033804,"30":null,"31":0.024414,"32":0.013146,"33":0.016902,"34":0.013146,"35":0.00939,"36":0.030048,"37":0.001878,"38":0.005634,"39":0.003756,"40":0.048828,"41":0.003756,"42":0.00939,"43":0.153996,"44":0.048828,"45":0.200946,"46":0.026292,"47":0.10329,"48":0.135216,"49":0.428184,"50":1.893024,"51":4.837728,"52":0.086388,"53":0.07512,"54":null},"opera":{"9":null,"9.5-9.6":null,"10.0-10.1":0,"10.5":null,"10.6":0.003756,"11":null,"11.1":null,"11.5":null,"11.6":null,"12":null,"12.1":0.080754,"15":null,"16":null,"17":null,"18":null,"19":null,"20":null,"21":null,"22":null,"23":null,"24":null,"25":null,"26":null,"27":null,"28":null,"29":0.001878,"30":0.001878,"31":null,"32":0.003756,"33":0.003756,"34":0.013146,"35":0.016902,"36":0.054462,"37":0.182166,"38":0.21597,"39":null,"40":null},"safari":{"3.1":null,"3.2":null,"4":0.020658,"5":0.015024,"5.1":0.016902,"6":0.005634,"6.1":0.007512,"7":0.011268,"7.1":0.016902,"8":0.06573,"9":0.15024,"9.1":0.3756,"10":0.001878,"0":null},"ios_saf":{"3.2":0,"4.0-4.1":0,"4.2-4.3":0,"5.0-5.1":0,"6.0-6.1":0,"7.0-7.1":0.0386823764317,"8":0,"8.1-8.4":0.0775164484573,"9.0-9.2":0.167320240017,"9.3":1.18656293509},"android":{"2.1":0,"2.2":0,"2.3":0.0158529230769,"3":0,"4":0.104365076923,"4.1":0.364617230769,"4.2-4.3":0.770187846154,"4.4":2.03049523077,"4.4.3-4.4.4":1.21406969231,"50":null},"op_mob":{"10":0,"11":0,"11.1":0,"11.5":0,"12":0,"12.1":0.0889145263158,"0":3.91223915789},"ie":{"5.5":null,"6":0.0114132373792,"7":0.00570661868958,"8":0.340494915145,"9":0.353810358754,"10":0.334788296455,"11":2.4842813362},"bb":{"7":0.1441655,"10":null},"ie_mob":{"10":0.330622828283,"11":0.928287171717},"edge":{"12":0.21597,"13":0.631008,"14":null},"and_ff":{"0":0.008122},"and_uc":{"0":2.31477},"op_mini":{"5.0-8.0":55.1270063158},"and_chr":{"0":8.78196},"samsung":{"0":3.565558}},"total":98.1107302626}