{"id":"NC","name":"New Caledonia","month":"2016-06","access_date":"2016-07-06","data":{"firefox":{"2":null,"3":null,"3.5":null,"3.6":0.007309,"4":null,"5":null,"6":null,"7":null,"8":null,"9":null,"10":0.021927,"11":null,"12":0.007309,"13":null,"14":0.014618,"15":null,"16":0.014618,"17":0.043854,"18":null,"19":null,"20":null,"21":0.029236,"22":0.007309,"23":0.014618,"24":0.109635,"25":0.021927,"26":null,"27":null,"28":0.014618,"29":0.036545,"30":0.014618,"31":0.255815,"32":0.014618,"33":0.021927,"34":0.036545,"35":0.255815,"36":0.036545,"37":0.102326,"38":0.204652,"39":0.336214,"40":0.095017,"41":0.518939,"42":0.109635,"43":0.255815,"44":0.328905,"45":0.460467,"46":6.073779,"47":10.196055,"48":0.058472,"49":null,"50":null},"chrome":{"4":null,"5":null,"6":null,"7":null,"8":null,"9":null,"10":null,"11":null,"12":0.014618,"13":null,"14":null,"15":null,"16":null,"17":null,"18":null,"19":null,"20":null,"21":null,"22":0.007309,"23":null,"24":null,"25":null,"26":null,"27":0.014618,"28":0.007309,"29":0.014618,"30":null,"31":0.014618,"32":0.065781,"33":0.043854,"34":0.007309,"35":0.021927,"36":0.051163,"37":0.014618,"38":0.036545,"39":0.014618,"40":0.021927,"41":0.080399,"42":0.007309,"43":0.102326,"44":0.087708,"45":0.153489,"46":0.029236,"47":0.153489,"48":0.124253,"49":2.433897,"50":7.827939,"51":21.181482,"52":0.124253,"53":0.021927,"54":null},"opera":{"9":null,"9.5-9.6":null,"10.0-10.1":0,"10.5":null,"10.6":null,"11":null,"11.1":null,"11.5":null,"11.6":null,"12":null,"12.1":0.051163,"15":null,"16":null,"17":null,"18":null,"19":null,"20":null,"21":null,"22":null,"23":null,"24":null,"25":null,"26":null,"27":null,"28":0.036545,"29":null,"30":null,"31":null,"32":null,"33":null,"34":null,"35":null,"36":0.021927,"37":0.116944,"38":0.197343,"39":null,"40":null},"safari":{"3.1":null,"3.2":null,"4":0.014618,"5":0.211961,"5.1":0.467776,"6":0.021927,"6.1":0.380068,"7":0.043854,"7.1":0.021927,"8":0.555484,"9":1.293693,"9.1":4.838558,"10":null,"0":null},"ios_saf":{"3.2":0,"4.0-4.1":0,"4.2-4.3":0,"5.0-5.1":0,"6.0-6.1":0,"7.0-7.1":0.146927600351,"8":0,"8.1-8.4":0.29443138737,"9.0-9.2":0.635533894851,"9.3":4.50693211743},"android":{"2.1":0,"2.2":0,"2.3":0.0129224885496,"3":0,"4":0.0850730496183,"4.1":0.297217236641,"4.2-4.3":0.627817568702,"4.4":1.6551554084,"4.4.3-4.4.4":0.989647248092,"50":null},"op_mob":{"10":0,"11":0,"11.1":0,"11.5":0,"12":0,"12.1":0.000186144360902,"0":0.0081903518797},"ie":{"5.5":null,"6":0.0146345925085,"7":0.00731729625426,"8":0.34391292395,"9":0.204884295119,"10":0.431720479001,"11":5.44406841317},"bb":{"7":0.0148005,"10":null},"ie_mob":{"10":0.108836,"11":0.305578},"edge":{"12":0.131562,"13":2.762802,"14":null},"and_ff":{"0":0.075348},"and_uc":{"0":0.139932},"op_mini":{"5.0-8.0":0.115409503759},"and_chr":{"0":15.156741},"samsung":{"0":3.65976}},"total":98.8493505}