{"id":"NE","name":"Niger","month":"2016-06","access_date":"2016-07-06","data":{"firefox":{"2":0.002904,"3":0.082038,"3.5":0.002904,"3.6":0.011616,"4":0.005082,"5":0.002904,"6":0.051546,"7":0.004356,"8":0.011616,"9":null,"10":0.00363,"11":0.000726,"12":0.03267,"13":0.001452,"14":0.020328,"15":0.039204,"16":0.015972,"17":0.004356,"18":0.002178,"19":0.013068,"20":0.002178,"21":0.00363,"22":0.00726,"23":0.024684,"24":0.02541,"25":0.010164,"26":0.002904,"27":0.002178,"28":0.00363,"29":0.013068,"30":0.013794,"31":0.005082,"32":0.005082,"33":0.016698,"34":0.031944,"35":0.015246,"36":0.011616,"37":0.041382,"38":0.045012,"39":0.013068,"40":0.023958,"41":0.029766,"42":0.02904,"43":0.19602,"44":0.113256,"45":0.14157,"46":0.800052,"47":0.91476,"48":0.03993,"49":0.000726,"50":0.000726},"chrome":{"4":null,"5":null,"6":null,"7":0.001452,"8":null,"9":0.001452,"10":0.000726,"11":0.023958,"12":null,"13":0.001452,"14":null,"15":null,"16":0.001452,"17":null,"18":null,"19":0.001452,"20":0.001452,"21":0.004356,"22":0.00363,"23":null,"24":null,"25":0.00726,"26":0.001452,"27":null,"28":0.002178,"29":0.001452,"30":0.002178,"31":0.013794,"32":0.011616,"33":0.002904,"34":null,"35":null,"36":0.004356,"37":0.015972,"38":0.000726,"39":0.002904,"40":0.00726,"41":0.001452,"42":0.005082,"43":0.02904,"44":0.030492,"45":0.186582,"46":0.019602,"47":0.045738,"48":0.107448,"49":0.060258,"50":0.51183,"51":1.170312,"52":0.002904,"53":0.027588,"54":null},"opera":{"9":null,"9.5-9.6":null,"10.0-10.1":0,"10.5":null,"10.6":0.001452,"11":0.000726,"11.1":null,"11.5":0.000726,"11.6":0.001452,"12":0.001452,"12.1":0.001452,"15":0.001452,"16":null,"17":0.001452,"18":null,"19":0.005808,"20":null,"21":null,"22":0.000726,"23":null,"24":null,"25":null,"26":0.001452,"27":null,"28":null,"29":0.002904,"30":0.00363,"31":null,"32":0.002178,"33":0.005082,"34":0.005808,"35":0.01452,"36":0.023232,"37":0.055176,"38":0.060258,"39":0.002178,"40":null},"safari":{"3.1":null,"3.2":null,"4":0.000726,"5":0.005808,"5.1":0.002178,"6":0.000726,"6.1":0.00363,"7":0.001452,"7.1":0.002904,"8":0.007986,"9":0.01089,"9.1":0.034122,"10":null,"0":null},"ios_saf":{"3.2":0,"4.0-4.1":0,"4.2-4.3":0,"5.0-5.1":0,"6.0-6.1":0,"7.0-7.1":0.0122013724074,"8":0,"8.1-8.4":0.024450593334,"9.0-9.2":0.0527769167269,"9.3":0.374271117532},"android":{"2.1":0,"2.2":0,"2.3":0.0285244932472,"3":0,"4":0.187786247211,"4.1":0.656063344686,"4.2-4.3":1.38581496359,"4.4":3.65351217675,"4.4.3-4.4.4":2.18450077452,"50":null},"op_mob":{"10":0,"11":0,"11.1":0,"11.5":0,"12":0,"12.1":0.087301112782,"0":3.84124896241},"ie":{"5.5":null,"6":0.0022390990099,"7":0.00298546534653,"8":0.186591584158,"9":0.0238837227723,"10":0.118672247525,"11":0.570223881188},"bb":{"7":0.0162295,"10":null},"ie_mob":{"10":0.12177979798,"11":0.34192020202},"edge":{"12":0.042108,"13":0.075504,"14":null},"and_ff":{"0":0.88103},"and_uc":{"0":8.62482},"op_mini":{"5.0-8.0":54.1266899248},"and_chr":{"0":15.619622},"samsung":{"0":0.639906}},"total":99.3523415}