{"id":"NF","name":"Norfolk Island","month":"2016-06","access_date":"2016-07-06","data":{"firefox":{"2":null,"3":null,"3.5":null,"3.6":null,"4":null,"5":null,"6":null,"7":null,"8":null,"9":null,"10":null,"11":null,"12":null,"13":null,"14":null,"15":null,"16":null,"17":null,"18":null,"19":null,"20":3.738753,"21":7.477506,"22":null,"23":null,"24":null,"25":null,"26":null,"27":null,"28":null,"29":null,"30":null,"31":null,"32":null,"33":null,"34":null,"35":null,"36":null,"37":null,"38":null,"39":null,"40":null,"41":null,"42":null,"43":null,"44":null,"45":null,"46":0.932235,"47":25.229223,"48":null,"49":null,"50":null},"chrome":{"4":null,"5":null,"6":null,"7":null,"8":null,"9":null,"10":null,"11":null,"12":null,"13":null,"14":null,"15":null,"16":6.545271,"17":null,"18":null,"19":null,"20":null,"21":null,"22":null,"23":null,"24":null,"25":null,"26":null,"27":null,"28":null,"29":1.86447,"30":null,"31":null,"32":null,"33":null,"34":null,"35":null,"36":null,"37":0.932235,"38":null,"39":null,"40":null,"41":null,"42":null,"43":null,"44":null,"45":8.409741,"46":null,"47":null,"48":null,"49":3.738753,"50":19.626,"51":1.86447,"52":null,"53":null,"54":null},"opera":{"9":null,"9.5-9.6":null,"10.0-10.1":0,"10.5":null,"10.6":null,"11":null,"11.1":null,"11.5":null,"11.6":null,"12":null,"12.1":null,"15":null,"16":null,"17":null,"18":null,"19":null,"20":null,"21":null,"22":null,"23":null,"24":null,"25":null,"26":null,"27":null,"28":null,"29":null,"30":null,"31":null,"32":null,"33":null,"34":null,"35":null,"36":null,"37":null,"38":null,"39":null,"40":null},"safari":{"3.1":null,"3.2":null,"4":0.932235,"5":null,"5.1":0.932235,"6":null,"6.1":null,"7":null,"7.1":null,"8":null,"9":null,"9.1":null,"10":null,"0":null},"ios_saf":{"3.2":0,"4.0-4.1":0,"4.2-4.3":0,"5.0-5.1":0,"6.0-6.1":0,"7.0-7.1":0,"8":0,"8.1-8.4":0,"9.0-9.2":0,"9.3":0},"android":{"2.1":0,"2.2":0,"2.3":0.0032941867293,"3":0,"4":0.0216867293012,"4.1":0.0757662947739,"4.2-4.3":0.160042571932,"4.4":0.421930416911,"4.4.3-4.4.4":0.252279800352,"50":null},"op_mob":{"10":0,"11":0,"11.1":0,"11.5":0,"12":0,"12.1":0,"0":0},"ie":{"5.5":null,"6":null,"7":null,"8":2.806518,"9":1.86447,"10":0.932235,"11":0.932235},"bb":{"7":0,"10":null},"ie_mob":{"10":0,"11":0},"edge":{"12":null,"13":null,"14":null},"and_ff":{"0":null},"and_uc":{"0":null},"op_mini":{"5.0-8.0":0},"and_chr":{"0":0.935},"samsung":{"0":null}},"total":90.628585}