{"id":"NG","name":"Nigeria","month":"2016-06","access_date":"2016-07-06","data":{"firefox":{"2":0.001507,"3":0.088913,"3.5":0.001507,"3.6":0.033154,"4":0.025619,"5":0.003014,"6":0.007535,"7":0.033154,"8":0.006028,"9":0.006028,"10":0.028633,"11":0.028633,"12":0.033154,"13":0.054252,"14":0.016577,"15":0.081378,"16":0.013563,"17":0.010549,"18":0.019591,"19":0.039182,"20":0.009042,"21":0.01507,"22":0.012056,"23":0.007535,"24":0.007535,"25":0.013563,"26":0.010549,"27":0.012056,"28":0.009042,"29":0.037675,"30":0.03014,"31":0.024112,"32":0.01507,"33":0.024112,"34":0.025619,"35":0.042196,"36":0.03014,"37":0.037675,"38":0.061787,"39":0.054252,"40":0.078364,"41":0.078364,"42":0.088913,"43":0.372229,"44":0.253176,"45":0.227557,"46":1.226698,"47":1.651672,"48":0.230571,"49":0.003014,"50":null},"chrome":{"4":0.003014,"5":null,"6":null,"7":null,"8":null,"9":0.003014,"10":null,"11":0.018084,"12":0.003014,"13":0.003014,"14":0.001507,"15":0.024112,"16":0.001507,"17":0.003014,"18":null,"19":0.006028,"20":0.003014,"21":0.013563,"22":0.009042,"23":0.024112,"24":0.003014,"25":0.004521,"26":0.031647,"27":0.004521,"28":0.009042,"29":0.022605,"30":0.007535,"31":0.058773,"32":0.006028,"33":0.031647,"34":0.006028,"35":0.004521,"36":0.009042,"37":0.006028,"38":0.009042,"39":0.012056,"40":0.012056,"41":0.010549,"42":0.010549,"43":0.036168,"44":0.040689,"45":0.131109,"46":0.027126,"47":0.067815,"48":0.144672,"49":0.227557,"50":1.381919,"51":3.39075,"52":0.036168,"53":0.037675,"54":null},"opera":{"9":null,"9.5-9.6":0.004521,"10.0-10.1":0.001507,"10.5":null,"10.6":null,"11":0.001507,"11.1":null,"11.5":0.010549,"11.6":0.004521,"12":0.009042,"12.1":0.025619,"15":0.004521,"16":0.001507,"17":null,"18":0.006028,"19":0.006028,"20":0.003014,"21":0.003014,"22":0.001507,"23":null,"24":null,"25":null,"26":0.001507,"27":null,"28":0.004521,"29":0.009042,"30":0.016577,"31":0.001507,"32":0.016577,"33":0.028633,"34":0.028633,"35":0.043703,"36":0.033154,"37":0.147686,"38":0.21098,"39":0.001507,"40":null},"safari":{"3.1":null,"3.2":null,"4":0,"5":0.003014,"5.1":0.018084,"6":0.003014,"6.1":0.009042,"7":0.010549,"7.1":0.061787,"8":0.036168,"9":0.04521,"9.1":0.137137,"10":null,"0":null},"ios_saf":{"3.2":0,"4.0-4.1":0,"4.2-4.3":0,"5.0-5.1":0,"6.0-6.1":0,"7.0-7.1":0.0303892849035,"8":0,"8.1-8.4":0.0608977434733,"9.0-9.2":0.131448553916,"9.3":0.932176417707},"android":{"2.1":0,"2.2":0,"2.3":0.00807812096301,"3":0,"4":0.0531809630065,"4.1":0.185796782149,"4.2-4.3":0.392462043453,"4.4":1.03467266001,"4.4.3-4.4.4":0.618649430417,"50":null},"op_mob":{"10":0,"11":0,"11.1":0,"11.5":0,"12":0,"12.1":0.0913432721805,"0":4.01910397594},"ie":{"5.5":null,"6":0.00765907934132,"7":0.00306363173653,"8":0.145522507485,"9":0.0689317140719,"10":0.136331612275,"11":0.66174445509},"bb":{"7":0.836462,"10":null},"ie_mob":{"10":0.363526222222,"11":1.02066977778},"edge":{"12":0.072336,"13":0.174812,"14":null},"and_ff":{"0":0.12738},"and_uc":{"0":8.220256},"op_mini":{"5.0-8.0":56.6328287519},"and_chr":{"0":7.683918},"samsung":{"0":0.704836}},"total":96.48804}