{"id":"NI","name":"Nicaragua","month":"2016-06","access_date":"2016-07-06","data":{"firefox":{"2":null,"3":0.017922,"3.5":null,"3.6":0.023896,"4":0.011948,"5":0.005974,"6":0.053766,"7":null,"8":null,"9":null,"10":0.011948,"11":null,"12":0.017922,"13":0.011948,"14":0.041818,"15":null,"16":0.023896,"17":0.005974,"18":0.011948,"19":0.023896,"20":0.02987,"21":0.11948,"22":0.023896,"23":0.023896,"24":0.023896,"25":0.041818,"26":0.011948,"27":0.02987,"28":0.017922,"29":0.041818,"30":0.053766,"31":0.071688,"32":0.017922,"33":0.02987,"34":0.035844,"35":0.053766,"36":0.05974,"37":0.155324,"38":0.131428,"39":0.137402,"40":0.131428,"41":0.077662,"42":0.155324,"43":0.346492,"44":0.20909,"45":0.215064,"46":2.963104,"47":4.635824,"48":0.035844,"49":null,"50":null},"chrome":{"4":null,"5":null,"6":null,"7":null,"8":null,"9":null,"10":null,"11":0.035844,"12":null,"13":null,"14":0.005974,"15":null,"16":null,"17":null,"18":0.035844,"19":null,"20":null,"21":0.005974,"22":0.011948,"23":0.011948,"24":0.011948,"25":null,"26":0.023896,"27":0.05974,"28":0.023896,"29":0.495842,"30":0.035844,"31":0.065714,"32":0.035844,"33":0.023896,"34":0.02987,"35":0.05974,"36":0.077662,"37":0.083636,"38":0.047792,"39":0.05974,"40":0.071688,"41":0.23896,"42":0.071688,"43":0.203116,"44":0.14935,"45":0.20909,"46":0.274804,"47":0.38831,"48":0.436102,"49":2.29999,"50":8.787754,"51":24.88171,"52":0.191168,"53":0.035844,"54":null},"opera":{"9":null,"9.5-9.6":null,"10.0-10.1":0,"10.5":null,"10.6":null,"11":null,"11.1":null,"11.5":null,"11.6":0.011948,"12":0.023896,"12.1":0.05974,"15":null,"16":null,"17":null,"18":null,"19":null,"20":0.005974,"21":null,"22":null,"23":null,"24":null,"25":null,"26":null,"27":0.011948,"28":0.173246,"29":0.197142,"30":null,"31":null,"32":0.005974,"33":0.035844,"34":0.023896,"35":0.02987,"36":0.041818,"37":0.203116,"38":0.32857,"39":null,"40":null},"safari":{"3.1":null,"3.2":null,"4":0.005974,"5":0.035844,"5.1":0.053766,"6":null,"6.1":0.011948,"7":0.023896,"7.1":0.005974,"8":0.17922,"9":0.322596,"9.1":0.758698,"10":null,"0":null},"ios_saf":{"3.2":0,"4.0-4.1":0,"4.2-4.3":0,"5.0-5.1":0,"6.0-6.1":0,"7.0-7.1":0.0826098957796,"8":0,"8.1-8.4":0.165543751935,"9.0-9.2":0.357328294294,"9.3":2.53401805799},"android":{"2.1":0,"2.2":0,"2.3":0.0258942454492,"3":0,"4":0.170470449207,"4.1":0.595567645332,"4.2-4.3":1.25802875807,"4.4":3.31662127129,"4.4.3-4.4.4":1.98306763065,"50":null},"op_mob":{"10":0,"11":0,"11.1":0,"11.5":0,"12":0,"12.1":0.00649447368421,"0":0.285756842105},"ie":{"5.5":null,"6":0.00612839761431,"7":0.0122567952286,"8":0.428987833002,"9":0.306419880716,"10":0.392217447316,"11":1.93657364612},"bb":{"7":0.11571875,"10":null},"ie_mob":{"10":0.442912626263,"11":1.24356237374},"edge":{"12":0.185194,"13":0.519738,"14":null},"and_ff":{"0":0.0805},"and_uc":{"0":1.493275},"op_mini":{"5.0-8.0":4.02657368421},"and_chr":{"0":21.38252},"samsung":{"0":2.53575}},"total":98.06664575}