{"id":"NL","name":"Netherlands","month":"2016-06","access_date":"2016-07-06","data":{"firefox":{"2":null,"3":0.005733,"3.5":null,"3.6":0.011466,"4":null,"5":null,"6":0.005733,"7":null,"8":null,"9":null,"10":null,"11":null,"12":null,"13":null,"14":null,"15":0.005733,"16":0.011466,"17":0.011466,"18":null,"19":0.011466,"20":null,"21":null,"22":null,"23":null,"24":0.011466,"25":0.011466,"26":null,"27":0.005733,"28":0.011466,"29":0.011466,"30":0.011466,"31":0.051597,"32":0.017199,"33":0.022932,"34":0.051597,"35":0.028665,"36":0.028665,"37":0.028665,"38":0.154791,"39":0.051597,"40":0.040131,"41":0.045864,"42":0.160524,"43":0.131859,"44":0.126126,"45":0.40131,"46":2.597049,"47":4.557735,"48":0.051597,"49":0.005733,"50":0.011466},"chrome":{"4":null,"5":null,"6":null,"7":null,"8":null,"9":null,"10":null,"11":0.022932,"12":null,"13":null,"14":null,"15":null,"16":null,"17":null,"18":null,"19":null,"20":null,"21":null,"22":0.011466,"23":null,"24":0.028665,"25":null,"26":null,"27":0.005733,"28":0.005733,"29":0.74529,"30":0.005733,"31":0.040131,"32":0.017199,"33":0.028665,"34":0.017199,"35":0.028665,"36":0.022932,"37":0.028665,"38":0.034398,"39":0.063063,"40":0.045864,"41":0.068796,"42":0.045864,"43":0.103194,"44":0.085995,"45":0.120393,"46":0.11466,"47":0.137592,"48":0.292383,"49":1.484847,"50":6.93693,"51":17.760834,"52":0.080262,"53":0.045864,"54":null},"opera":{"9":null,"9.5-9.6":null,"10.0-10.1":0,"10.5":null,"10.6":null,"11":null,"11.1":null,"11.5":null,"11.6":null,"12":null,"12.1":0.040131,"15":null,"16":null,"17":null,"18":null,"19":null,"20":null,"21":null,"22":null,"23":null,"24":null,"25":null,"26":null,"27":null,"28":null,"29":null,"30":null,"31":null,"32":null,"33":null,"34":null,"35":null,"36":0.034398,"37":0.11466,"38":0.183456,"39":null,"40":null},"safari":{"3.1":null,"3.2":null,"4":0.017199,"5":0.051597,"5.1":0.154791,"6":0.011466,"6.1":0.108927,"7":0.040131,"7.1":0.022932,"8":0.321048,"9":0.722358,"9.1":3.021291,"10":null,"0":null},"ios_saf":{"3.2":0,"4.0-4.1":0,"4.2-4.3":0,"5.0-5.1":0,"6.0-6.1":0,"7.0-7.1":0.403733598184,"8":0,"8.1-8.4":0.80905046538,"9.0-9.2":1.74634572077,"9.3":12.3843302157},"android":{"2.1":0,"2.2":0,"2.3":0.0077741256606,"3":0,"4":0.0511796605989,"4.1":0.178804890194,"4.2-4.3":0.377692938344,"4.4":0.995735928362,"4.4.3-4.4.4":0.595368456841,"50":null},"op_mob":{"10":0,"11":0,"11.1":0,"11.5":0,"12":0,"12.1":0.000750911278195,"0":0.0330400962406},"ie":{"5.5":null,"6":0.0172656258993,"7":0.0172656258993,"8":0.224453136691,"9":0.402864604317,"10":0.385598978417,"11":9.35221402878},"bb":{"7":0.014938,"10":null},"ie_mob":{"10":0.132264888889,"11":0.371359111111},"edge":{"12":0.22932,"13":3.216213,"14":0.011466},"and_ff":{"0":0.06402},"and_uc":{"0":1.13102},"op_mini":{"5.0-8.0":0.465564992481},"and_chr":{"0":18.112993},"samsung":{"0":5.262444}},"total":98.960632}