{"id":"NO","name":"Norway","month":"2016-06","access_date":"2016-07-06","data":{"firefox":{"2":null,"3":null,"3.5":null,"3.6":0.0332,"4":null,"5":null,"6":null,"7":null,"8":null,"9":null,"10":null,"11":null,"12":null,"13":null,"14":null,"15":null,"16":null,"17":0.00664,"18":null,"19":null,"20":null,"21":0.03984,"22":null,"23":0.00664,"24":0.01328,"25":0.00664,"26":null,"27":null,"28":0.01328,"29":0.01328,"30":0.00664,"31":0.01992,"32":0.00664,"33":0.01992,"34":0.01992,"35":0.0332,"36":0.01328,"37":0.07304,"38":0.07968,"39":0.0332,"40":0.02656,"41":0.03984,"42":0.10624,"43":0.0996,"44":0.07304,"45":0.2656,"46":2.41032,"47":4.05704,"48":0.0332,"49":null,"50":null},"chrome":{"4":null,"5":null,"6":null,"7":null,"8":0.01328,"9":null,"10":null,"11":null,"12":null,"13":null,"14":null,"15":null,"16":null,"17":null,"18":null,"19":null,"20":null,"21":null,"22":0.00664,"23":null,"24":null,"25":null,"26":0.00664,"27":0.01328,"28":0.01328,"29":0.10624,"30":0.01328,"31":0.03984,"32":0.01992,"33":0.02656,"34":0.0332,"35":0.0332,"36":0.03984,"37":0.05976,"38":0.04648,"39":0.07304,"40":0.0332,"41":0.07968,"42":0.01992,"43":0.08632,"44":0.08632,"45":0.09296,"46":0.21912,"47":0.17264,"48":0.32536,"49":1.41432,"50":8.95736,"51":19.68096,"52":0.10624,"53":0.0996,"54":null},"opera":{"9":null,"9.5-9.6":null,"10.0-10.1":0,"10.5":0.01328,"10.6":null,"11":null,"11.1":null,"11.5":null,"11.6":null,"12":null,"12.1":0.48472,"15":null,"16":null,"17":null,"18":null,"19":null,"20":null,"21":null,"22":null,"23":null,"24":0.00664,"25":null,"26":null,"27":null,"28":0.14608,"29":null,"30":null,"31":null,"32":null,"33":0.00664,"34":null,"35":0.01992,"36":0.05312,"37":0.72376,"38":0.88312,"39":null,"40":null},"safari":{"3.1":null,"3.2":null,"4":0,"5":0.03984,"5.1":0.0996,"6":0.01328,"6.1":0.11952,"7":0.09296,"7.1":0.05312,"8":0.55776,"9":0.9296,"9.1":3.91096,"10":null,"0":null},"ios_saf":{"3.2":0,"4.0-4.1":0,"4.2-4.3":0,"5.0-5.1":0,"6.0-6.1":0,"7.0-7.1":0.441175523682,"8":0,"8.1-8.4":0.884081147456,"9.0-9.2":1.90830040244,"9.3":13.5328429264},"android":{"2.1":0,"2.2":0,"2.3":0.00345667645332,"3":0,"4":0.0227564533177,"4.1":0.0795035584263,"4.2-4.3":0.167936864357,"4.4":0.442742642396,"4.4.3-4.4.4":0.26472380505,"50":null},"op_mob":{"10":0,"11":0,"11.1":0,"11.5":0,"12":0,"12.1":0.000363789473684,"0":0.0160067368421},"ie":{"5.5":null,"6":0.0133052351544,"7":0.0133052351544,"8":0.146357586698,"9":0.312673026128,"10":0.345936114014,"11":13.1455723325},"bb":{"7":0.0126,"10":null},"ie_mob":{"10":0.120892121212,"11":0.339427878788},"edge":{"12":0.15936,"13":3.2204,"14":0.01992},"and_ff":{"0":0.05376},"and_uc":{"0":0.0504},"op_mini":{"5.0-8.0":0.225549473684},"and_chr":{"0":11.13552},"samsung":{"0":4.20336}},"total":98.9043095297}