{"id":"NP","name":"Nepal","month":"2016-06","access_date":"2016-07-06","data":{"firefox":{"2":null,"3":0.125136,"3.5":null,"3.6":0.02607,"4":0.010428,"5":0.010428,"6":0.041712,"7":null,"8":0.02607,"9":0.010428,"10":0.015642,"11":0.02607,"12":0.036498,"13":0.015642,"14":0.020856,"15":0.041712,"16":0.020856,"17":0.015642,"18":null,"19":0.020856,"20":0.020856,"21":0.010428,"22":0.010428,"23":0.010428,"24":0.005214,"25":0.010428,"26":0.010428,"27":0.015642,"28":0.015642,"29":0.041712,"30":0.031284,"31":0.062568,"32":0.031284,"33":0.046926,"34":0.031284,"35":0.036498,"36":0.036498,"37":0.031284,"38":0.072996,"39":0.067782,"40":0.062568,"41":0.062568,"42":0.088638,"43":0.354552,"44":0.187704,"45":0.177276,"46":2.132526,"47":3.712368,"48":0.636108,"49":0.010428,"50":null},"chrome":{"4":0.010428,"5":0.031284,"6":0.036498,"7":0.010428,"8":0.015642,"9":0.010428,"10":0.031284,"11":0.072996,"12":0.109494,"13":0.010428,"14":0.015642,"15":0.010428,"16":0.015642,"17":0.072996,"18":0.010428,"19":0.255486,"20":0.046926,"21":0.010428,"22":0.057354,"23":0.010428,"24":0.020856,"25":0.041712,"26":0.041712,"27":0.046926,"28":0.031284,"29":0.307626,"30":0.166848,"31":0.239844,"32":0.75603,"33":0.333696,"34":0.031284,"35":0.010428,"36":0.020856,"37":0.010428,"38":0.020856,"39":0.036498,"40":0.020856,"41":0.020856,"42":0.02607,"43":0.297198,"44":0.13035,"45":0.479688,"46":0.151206,"47":0.396264,"48":0.406692,"49":1.423422,"50":8.8638,"51":23.400432,"52":0.318054,"53":0.448404,"54":null},"opera":{"9":null,"9.5-9.6":null,"10.0-10.1":0,"10.5":null,"10.6":null,"11":null,"11.1":null,"11.5":null,"11.6":0.005214,"12":null,"12.1":0.020856,"15":null,"16":null,"17":null,"18":null,"19":null,"20":null,"21":null,"22":null,"23":null,"24":null,"25":null,"26":null,"27":0.010428,"28":null,"29":null,"30":0.005214,"31":null,"32":null,"33":0.010428,"34":0.020856,"35":0.015642,"36":0.02607,"37":0.297198,"38":0.380622,"39":null,"40":null},"safari":{"3.1":null,"3.2":null,"4":0,"5":0.005214,"5.1":0.015642,"6":null,"6.1":0.010428,"7":0.010428,"7.1":null,"8":0.041712,"9":0.067782,"9.1":0.229416,"10":null,"0":null},"ios_saf":{"3.2":0,"4.0-4.1":0,"4.2-4.3":0,"5.0-5.1":0,"6.0-6.1":0,"7.0-7.1":0.0715307233516,"8":0,"8.1-8.4":0.143341959344,"9.0-9.2":0.309405442576,"9.3":2.19416987473},"android":{"2.1":0,"2.2":0,"2.3":0.0155973576042,"3":0,"4":0.102682604228,"4.1":0.358739224897,"4.2-4.3":0.757771623605,"4.4":1.99776155314,"4.4.3-4.4.4":1.19449763652,"50":null},"op_mob":{"10":0,"11":0,"11.1":0,"11.5":0,"12":0,"12.1":0.0272406165414,"0":1.19858712782},"ie":{"5.5":null,"6":0.0215244615385,"7":null,"8":0.199101269231,"9":0.0484300384615,"10":0.102241192308,"11":0.468157038462},"bb":{"7":0.0083755,"10":null},"ie_mob":{"10":0.106838989899,"11":0.299971010101},"edge":{"12":0.177276,"13":0.213774,"14":null},"and_ff":{"0":0.019144},"and_uc":{"0":5.307674},"op_mini":{"5.0-8.0":16.8891822556},"and_chr":{"0":16.026404},"samsung":{"0":1.34008}},"total":98.6058855}