{"id":"NR","name":"Nauru","month":"2016-06","access_date":"2016-07-06","data":{"firefox":{"2":null,"3":0.031032,"3.5":null,"3.6":null,"4":null,"5":null,"6":null,"7":null,"8":null,"9":null,"10":0.442206,"11":null,"12":null,"13":null,"14":2.079144,"15":null,"16":null,"17":null,"18":null,"19":null,"20":null,"21":0.015516,"22":0.023274,"23":null,"24":0.007758,"25":null,"26":null,"27":null,"28":5.709888,"29":null,"30":2.552382,"31":null,"32":0.015516,"33":null,"34":null,"35":0.023274,"36":null,"37":null,"38":0.015516,"39":0.023274,"40":6.121062,"41":null,"42":null,"43":0.015516,"44":0.031032,"45":0.015516,"46":0.124128,"47":0.263772,"48":null,"49":null,"50":null},"chrome":{"4":null,"5":null,"6":null,"7":null,"8":null,"9":null,"10":null,"11":null,"12":null,"13":null,"14":null,"15":null,"16":null,"17":null,"18":null,"19":null,"20":null,"21":null,"22":null,"23":null,"24":null,"25":0.015516,"26":null,"27":0.015516,"28":null,"29":null,"30":null,"31":null,"32":null,"33":0.139644,"34":null,"35":0.15516,"36":null,"37":null,"38":null,"39":0.03879,"40":0.015516,"41":0.031032,"42":0.124128,"43":0.054306,"44":null,"45":0.023274,"46":0.023274,"47":0.170676,"48":0.046548,"49":0.093096,"50":1.489536,"51":4.34448,"52":null,"53":null,"54":null},"opera":{"9":null,"9.5-9.6":null,"10.0-10.1":0,"10.5":null,"10.6":null,"11":null,"11.1":null,"11.5":0.007758,"11.6":null,"12":null,"12.1":null,"15":null,"16":null,"17":null,"18":null,"19":null,"20":null,"21":null,"22":null,"23":null,"24":null,"25":null,"26":null,"27":null,"28":0.015516,"29":null,"30":null,"31":null,"32":null,"33":null,"34":null,"35":null,"36":0.007758,"37":0.07758,"38":0.031032,"39":null,"40":null},"safari":{"3.1":null,"3.2":null,"4":0,"5":null,"5.1":0.015516,"6":null,"6.1":null,"7":null,"7.1":null,"8":0.031032,"9":0.100854,"9.1":0.062064,"10":null,"0":null},"ios_saf":{"3.2":0,"4.0-4.1":0,"4.2-4.3":0,"5.0-5.1":0,"6.0-6.1":0,"7.0-7.1":0.0149844536168,"8":0,"8.1-8.4":0.0300276697967,"9.0-9.2":0.0648151072129,"9.3":0.459640769374},"android":{"2.1":0,"2.2":0,"2.3":0.0202135455079,"3":0,"4":0.133072507927,"4.1":0.464911546682,"4.2-4.3":0.98204141926,"4.4":2.58901828714,"4.4.3-4.4.4":1.54802069348,"50":null},"op_mob":{"10":0,"11":0,"11.1":0,"11.5":0,"12":0,"12.1":0.00317925714286,"0":0.139887314286},"ie":{"5.5":null,"6":null,"7":0.007758,"8":7.17615,"9":1.652454,"10":2.878218,"11":39.247722},"bb":{"7":0.0140125,"10":null},"ie_mob":{"10":0.43689559596,"11":1.22666840404},"edge":{"12":0.34911,"13":1.04733,"14":null},"and_ff":{"0":0.073986},"and_uc":{"0":2.990828},"op_mini":{"5.0-8.0":1.97113942857},"and_chr":{"0":9.098462},"samsung":{"0":0.34751}},"total":99.6074645}