{"id":"NU","name":"Niue","month":"2016-06","access_date":"2016-07-06","data":{"firefox":{"2":null,"3":null,"3.5":null,"3.6":null,"4":null,"5":null,"6":null,"7":null,"8":null,"9":null,"10":null,"11":null,"12":0.091403,"13":null,"14":null,"15":null,"16":null,"17":null,"18":null,"19":null,"20":null,"21":1.455417,"22":null,"23":null,"24":null,"25":null,"26":null,"27":null,"28":null,"29":null,"30":null,"31":null,"32":null,"33":null,"34":null,"35":0.091403,"36":0.091403,"37":null,"38":null,"39":null,"40":null,"41":null,"42":0.091403,"43":0.091403,"44":3.276446,"45":1.089805,"46":7.009907,"47":6.377117,"48":null,"49":null,"50":null},"chrome":{"4":null,"5":null,"6":null,"7":null,"8":null,"9":null,"10":null,"11":null,"12":null,"13":null,"14":null,"15":null,"16":1.181208,"17":null,"18":null,"19":null,"20":null,"21":null,"22":null,"23":null,"24":null,"25":null,"26":null,"27":null,"28":null,"29":2.826462,"30":null,"31":null,"32":null,"33":null,"34":null,"35":null,"36":null,"37":null,"38":null,"39":0.091403,"40":null,"41":null,"42":null,"43":0.182806,"44":null,"45":null,"46":0.182806,"47":null,"48":0.182806,"49":0.457015,"50":4.281879,"51":23.497602,"52":null,"53":null,"54":null},"opera":{"9":null,"9.5-9.6":null,"10.0-10.1":0,"10.5":null,"10.6":null,"11":null,"11.1":null,"11.5":null,"11.6":null,"12":null,"12.1":null,"15":null,"16":null,"17":null,"18":null,"19":null,"20":null,"21":null,"22":null,"23":null,"24":null,"25":null,"26":null,"27":null,"28":null,"29":null,"30":null,"31":null,"32":null,"33":null,"34":null,"35":null,"36":null,"37":null,"38":null,"39":null,"40":null},"safari":{"3.1":null,"3.2":null,"4":0,"5":null,"5.1":null,"6":4.373282,"6.1":null,"7":null,"7.1":null,"8":null,"9":0.274209,"9.1":1.54682,"10":null,"0":null},"ios_saf":{"3.2":0,"4.0-4.1":0,"4.2-4.3":0,"5.0-5.1":0,"6.0-6.1":0,"7.0-7.1":0.0773422814983,"8":0,"8.1-8.4":0.154987866061,"9.0-9.2":0.334543280363,"9.3":2.37243657208},"android":{"2.1":0,"2.2":0,"2.3":0.0196759448033,"3":0,"4":0.129533303288,"4.1":0.452546730476,"4.2-4.3":0.955922985026,"4.4":2.52016059689,"4.4.3-4.4.4":1.50684943952,"50":null},"op_mob":{"10":0,"11":0,"11.1":0,"11.5":0,"12":0,"12.1":0,"0":0},"ie":{"5.5":null,"6":null,"7":null,"8":0.0988879700787,"9":0.197775940157,"10":0.494439850394,"11":4.03919323937},"bb":{"7":0,"10":null},"ie_mob":{"10":0,"11":0},"edge":{"12":4.099073,"13":0.548418,"14":null},"and_ff":{"0":null},"and_uc":{"0":null},"op_mini":{"5.0-8.0":0},"and_chr":{"0":19.165927},"samsung":{"0":3.821103}},"total":99.732822}