{"id":"NZ","name":"New Zealand","month":"2016-06","access_date":"2016-07-06","data":{"firefox":{"2":null,"3":null,"3.5":null,"3.6":0.012934,"4":null,"5":null,"6":0.006467,"7":null,"8":null,"9":null,"10":null,"11":null,"12":0.006467,"13":null,"14":null,"15":null,"16":0.012934,"17":null,"18":null,"19":null,"20":null,"21":null,"22":null,"23":null,"24":0.006467,"25":null,"26":0.006467,"27":null,"28":0.012934,"29":0.012934,"30":null,"31":0.019401,"32":0.006467,"33":0.012934,"34":0.012934,"35":0.012934,"36":0.019401,"37":0.032335,"38":0.135807,"39":0.045269,"40":0.025868,"41":0.051736,"42":0.051736,"43":0.090538,"44":0.084071,"45":0.181076,"46":2.289318,"47":4.319956,"48":0.06467,"49":0.006467,"50":null},"chrome":{"4":null,"5":null,"6":null,"7":null,"8":null,"9":null,"10":null,"11":0.012934,"12":null,"13":null,"14":null,"15":null,"16":null,"17":null,"18":null,"19":null,"20":null,"21":null,"22":0.025868,"23":null,"24":null,"25":null,"26":0.019401,"27":null,"28":null,"29":0.181076,"30":0.006467,"31":0.032335,"32":0.012934,"33":0.025868,"34":0.051736,"35":0.019401,"36":0.038802,"37":0.038802,"38":0.038802,"39":0.071137,"40":0.038802,"41":0.045269,"42":0.090538,"43":0.116406,"44":0.116406,"45":0.685502,"46":0.122873,"47":0.226345,"48":0.278081,"49":2.334587,"50":8.866257,"51":22.56983,"52":0.097005,"53":0.103472,"54":null},"opera":{"9":null,"9.5-9.6":null,"10.0-10.1":0,"10.5":null,"10.6":null,"11":null,"11.1":null,"11.5":null,"11.6":null,"12":null,"12.1":0.032335,"15":null,"16":null,"17":null,"18":null,"19":null,"20":null,"21":null,"22":null,"23":null,"24":null,"25":null,"26":null,"27":null,"28":0.006467,"29":null,"30":null,"31":null,"32":null,"33":null,"34":0.012934,"35":null,"36":0.025868,"37":0.084071,"38":0.135807,"39":null,"40":null},"safari":{"3.1":null,"3.2":null,"4":0.019401,"5":0.097005,"5.1":0.19401,"6":0.025868,"6.1":0.148741,"7":0.058203,"7.1":0.032335,"8":0.478558,"9":0.743705,"9.1":3.2335,"10":null,"0":null},"ios_saf":{"3.2":0,"4.0-4.1":0,"4.2-4.3":0,"5.0-5.1":0,"6.0-6.1":0,"7.0-7.1":0.419268047673,"8":0,"8.1-8.4":0.840180283768,"9.0-9.2":1.81353982974,"9.3":12.8608418388},"android":{"2.1":0,"2.2":0,"2.3":0.00692077980035,"3":0,"4":0.0455618003523,"4.1":0.159177935408,"4.2-4.3":0.336234551967,"4.4":0.886436546095,"4.4.3-4.4.4":0.530016386377,"50":null},"op_mob":{"10":0,"11":0,"11.1":0,"11.5":0,"12":0,"12.1":0.000276264661654,"0":0.0121556451128},"ie":{"5.5":null,"6":null,"7":0.0130415592516,"8":0.299955862786,"9":0.384725997921,"10":0.345601320166,"11":8.35963948025},"bb":{"7":0.01148225,"10":null},"ie_mob":{"10":0.117838040404,"11":0.330852959596},"edge":{"12":0.174609,"13":2.955419,"14":0.006467},"and_ff":{"0":0.031797},"and_uc":{"0":0.413361},"op_mini":{"5.0-8.0":0.171284090226},"and_chr":{"0":15.063692},"samsung":{"0":3.162035}},"total":98.8886774704}