{"id":"OM","name":"Oman","month":"2016-06","access_date":"2016-07-06","data":{"firefox":{"2":null,"3":null,"3.5":null,"3.6":0.008115,"4":0.001623,"5":null,"6":0.001623,"7":null,"8":0.001623,"9":null,"10":0.003246,"11":0.003246,"12":0.004869,"13":0.003246,"14":0.003246,"15":0.001623,"16":0.004869,"17":0.001623,"18":null,"19":null,"20":null,"21":null,"22":null,"23":0.004869,"24":null,"25":null,"26":null,"27":null,"28":0.003246,"29":0.004869,"30":0.003246,"31":0.009738,"32":0.003246,"33":0.003246,"34":0.006492,"35":0.004869,"36":0.006492,"37":0.006492,"38":0.009738,"39":0.012984,"40":0.004869,"41":0.008115,"42":0.011361,"43":0.043821,"44":0.024345,"45":0.04869,"46":0.490146,"47":0.699513,"48":0.071412,"49":null,"50":null},"chrome":{"4":null,"5":0.003246,"6":null,"7":null,"8":0.001623,"9":0.003246,"10":null,"11":0.014607,"12":0.003246,"13":null,"14":0.004869,"15":0.004869,"16":0.001623,"17":null,"18":0.001623,"19":null,"20":0.003246,"21":0.003246,"22":0.011361,"23":0.008115,"24":null,"25":0.008115,"26":0.004869,"27":0.004869,"28":0.001623,"29":0.061674,"30":0.004869,"31":0.014607,"32":0.004869,"33":0.03246,"34":0.012984,"35":0.008115,"36":0.011361,"37":0.003246,"38":0.017853,"39":0.022722,"40":0.011361,"41":0.009738,"42":0.014607,"43":0.092511,"44":0.03246,"45":0.12984,"46":0.037329,"47":0.077904,"48":0.061674,"49":0.509622,"50":2.554602,"51":5.927196,"52":0.056805,"53":0.040575,"54":null},"opera":{"9":null,"9.5-9.6":null,"10.0-10.1":0,"10.5":null,"10.6":null,"11":null,"11.1":null,"11.5":0.001623,"11.6":null,"12":null,"12.1":0.003246,"15":null,"16":null,"17":null,"18":null,"19":0.001623,"20":null,"21":null,"22":null,"23":null,"24":null,"25":null,"26":null,"27":null,"28":null,"29":null,"30":null,"31":null,"32":null,"33":0.004869,"34":0.001623,"35":null,"36":0.009738,"37":0.107118,"38":0.087642,"39":null,"40":null},"safari":{"3.1":null,"3.2":null,"4":0,"5":0.009738,"5.1":0.017853,"6":0.004869,"6.1":0.01623,"7":0.009738,"7.1":0.004869,"8":0.110364,"9":0.11361,"9.1":0.348945,"10":null,"0":null},"ios_saf":{"3.2":0,"4.0-4.1":0,"4.2-4.3":0,"5.0-5.1":0,"6.0-6.1":0,"7.0-7.1":0.0987502301104,"8":0,"8.1-8.4":0.197887716025,"9.0-9.2":0.427143152203,"9.3":3.02911490166},"android":{"2.1":0,"2.2":0,"2.3":0.0563713564298,"3":0,"4":0.37111142983,"4.1":1.29654119789,"4.2-4.3":2.73870839988,"4.4":7.22023123605,"4.4.3-4.4.4":4.31710637992,"50":null},"op_mob":{"10":0,"11":0,"11.1":0,"11.5":0,"12":0,"12.1":0.000403103759398,"0":0.0177365654135},"ie":{"5.5":null,"6":null,"7":0.00162923830878,"8":0.232981078155,"9":0.182474690583,"10":0.265565844331,"11":1.86059014862},"bb":{"7":0.02303675,"10":null},"ie_mob":{"10":0.0594005454545,"11":0.166778454545},"edge":{"12":0.053559,"13":0.397635,"14":null},"and_ff":{"0":0.008377},"and_uc":{"0":0.242933},"op_mini":{"5.0-8.0":0.249924330827},"and_chr":{"0":57.74526},"samsung":{"0":4.959184}},"total":98.43026375}