{"id":"PA","name":"Panama","month":"2016-06","access_date":"2016-07-06","data":{"firefox":{"2":null,"3":0.00579,"3.5":0.01158,"3.6":0.01737,"4":null,"5":0.01737,"6":0.00579,"7":null,"8":null,"9":null,"10":0.01158,"11":null,"12":0.00579,"13":null,"14":null,"15":null,"16":0.01158,"17":null,"18":null,"19":null,"20":null,"21":null,"22":0.00579,"23":0.00579,"24":null,"25":null,"26":null,"27":0.00579,"28":0.01737,"29":0.00579,"30":0.01737,"31":0.00579,"32":0.00579,"33":0.01158,"34":0.01158,"35":0.01158,"36":0.01158,"37":0.01737,"38":0.05211,"39":0.04632,"40":0.02316,"41":0.06369,"42":0.05211,"43":0.1737,"44":0.11001,"45":0.17949,"46":1.71963,"47":2.9529,"48":0.02316,"49":null,"50":null},"chrome":{"4":0.00579,"5":null,"6":null,"7":null,"8":null,"9":null,"10":null,"11":0.02895,"12":null,"13":null,"14":null,"15":null,"16":null,"17":null,"18":0.01158,"19":null,"20":null,"21":0.01158,"22":0.02316,"23":null,"24":null,"25":0.00579,"26":0.01737,"27":null,"28":0.00579,"29":0.66006,"30":null,"31":0.06369,"32":0.01737,"33":0.01737,"34":0.02895,"35":0.07527,"36":0.05211,"37":0.0579,"38":0.04632,"39":0.06369,"40":0.03474,"41":0.05211,"42":0.0579,"43":0.13896,"44":0.11001,"45":0.16791,"46":0.24318,"47":0.21423,"48":0.2316,"49":2.35653,"50":8.47077,"51":23.41476,"52":0.06948,"53":0.02895,"54":null},"opera":{"9":null,"9.5-9.6":null,"10.0-10.1":0,"10.5":null,"10.6":null,"11":null,"11.1":null,"11.5":null,"11.6":null,"12":null,"12.1":0.01158,"15":null,"16":null,"17":null,"18":null,"19":null,"20":null,"21":null,"22":null,"23":null,"24":null,"25":null,"26":null,"27":null,"28":null,"29":0.03474,"30":null,"31":null,"32":null,"33":0.00579,"34":0.01737,"35":null,"36":0.01737,"37":0.16212,"38":0.20265,"39":null,"40":null},"safari":{"3.1":null,"3.2":null,"4":0.01737,"5":0.08685,"5.1":0.12159,"6":0.01158,"6.1":0.09843,"7":0.04632,"7.1":0.03474,"8":0.60216,"9":0.87429,"9.1":2.96448,"10":null,"0":null},"ios_saf":{"3.2":0,"4.0-4.1":0,"4.2-4.3":0,"5.0-5.1":0,"6.0-6.1":0,"7.0-7.1":0.138029439686,"8":0,"8.1-8.4":0.276600171293,"9.0-9.2":0.597044988133,"9.3":4.23398540089},"android":{"2.1":0,"2.2":0,"2.3":0.0266839342337,"3":0,"4":0.175669233705,"4.1":0.613730487375,"4.2-4.3":1.29639447152,"4.4":3.4177672431,"4.4.3-4.4.4":2.04354463006,"50":null},"op_mob":{"10":0,"11":0,"11.1":0,"11.5":0,"12":0,"12.1":0.00134213533835,"0":0.0590539548872},"ie":{"5.5":null,"6":null,"7":0.0116651470588,"8":0.542429338235,"9":0.373284705882,"10":0.408280147059,"11":4.18778779412},"bb":{"7":0.0452575,"10":null},"ie_mob":{"10":0.0486488888889,"11":0.136591111111},"edge":{"12":0.25476,"13":1.64436,"14":null},"and_ff":{"0":0.02947},"and_uc":{"0":0.27786},"op_mini":{"5.0-8.0":0.832123909774},"and_chr":{"0":23.29066},"samsung":{"0":6.15502}},"total":98.8276446324}