{"id":"PE","name":"Peru","month":"2016-06","access_date":"2016-07-06","data":{"firefox":{"2":null,"3":0.023778,"3.5":null,"3.6":0.015852,"4":null,"5":null,"6":0.031704,"7":null,"8":null,"9":null,"10":null,"11":null,"12":0.007926,"13":null,"14":0.023778,"15":null,"16":0.007926,"17":0.015852,"18":null,"19":null,"20":0.007926,"21":null,"22":null,"23":null,"24":null,"25":null,"26":0.007926,"27":null,"28":null,"29":0.015852,"30":0.015852,"31":0.023778,"32":0.007926,"33":0.015852,"34":0.031704,"35":0.031704,"36":0.023778,"37":0.03963,"38":0.047556,"39":0.055482,"40":0.03963,"41":0.063408,"42":0.087186,"43":0.206076,"44":0.095112,"45":0.142668,"46":1.252308,"47":2.187576,"48":0.023778,"49":null,"50":null},"chrome":{"4":null,"5":null,"6":null,"7":null,"8":null,"9":null,"10":null,"11":0.023778,"12":null,"13":0.007926,"14":null,"15":null,"16":null,"17":null,"18":0.023778,"19":null,"20":0.031704,"21":0.015852,"22":0.087186,"23":0.023778,"24":0.031704,"25":0.047556,"26":0.071334,"27":0.023778,"28":0.015852,"29":0.499338,"30":0.023778,"31":0.087186,"32":0.031704,"33":0.087186,"34":0.087186,"35":0.055482,"36":0.07926,"37":0.07926,"38":0.095112,"39":0.150594,"40":0.110964,"41":0.103038,"42":0.103038,"43":0.301188,"44":0.31704,"45":0.348744,"46":0.626154,"47":0.665784,"48":0.784674,"49":5.23116,"50":14.710656,"51":40.438452,"52":0.150594,"53":0.063408,"54":null},"opera":{"9":null,"9.5-9.6":null,"10.0-10.1":0,"10.5":null,"10.6":null,"11":null,"11.1":null,"11.5":null,"11.6":null,"12":null,"12.1":0.015852,"15":null,"16":null,"17":null,"18":null,"19":null,"20":null,"21":null,"22":null,"23":null,"24":null,"25":null,"26":null,"27":null,"28":null,"29":null,"30":null,"31":null,"32":null,"33":null,"34":0.007926,"35":0.007926,"36":0.031704,"37":0.134742,"38":0.253632,"39":null,"40":null},"safari":{"3.1":null,"3.2":null,"4":0.007926,"5":0.007926,"5.1":0.015852,"6":0.007926,"6.1":0.015852,"7":0.031704,"7.1":0.007926,"8":0.103038,"9":0.15852,"9.1":0.51519,"10":null,"0":null},"ios_saf":{"3.2":0,"4.0-4.1":0,"4.2-4.3":0,"5.0-5.1":0,"6.0-6.1":0,"7.0-7.1":0.0449467299556,"8":0,"8.1-8.4":0.0900697215974,"9.0-9.2":0.194416639769,"9.3":1.37871890868},"android":{"2.1":0,"2.2":0,"2.3":0.00677042043453,"3":0,"4":0.0445719345273,"4.1":0.155719669994,"4.2-4.3":0.328929592777,"4.4":0.867178017322,"4.4.3-4.4.4":0.518501364944,"50":null},"op_mob":{"10":0,"11":0,"11.1":0,"11.5":0,"12":0,"12.1":0.00184232030075,"0":0.0810620932331},"ie":{"5.5":null,"6":0.0327945552826,"7":null,"8":0.614897911548,"9":0.221363248157,"10":0.368938746929,"11":2.09065289926},"bb":{"7":0.02073,"10":null},"ie_mob":{"10":0.264045757576,"11":0.741359242424},"edge":{"12":0.126816,"13":0.55482,"14":null},"and_ff":{"0":0.058044},"and_uc":{"0":0.180351},"op_mini":{"5.0-8.0":1.14223858647},"and_chr":{"0":15.76512},"samsung":{"0":0.652995}},"total":98.0562663612}