{"id":"PF","name":"French Polynesia","month":"2016-06","access_date":"2016-07-06","data":{"firefox":{"2":null,"3":0.013692,"3.5":0.013692,"3.6":0.047922,"4":null,"5":0.027384,"6":0.013692,"7":null,"8":null,"9":0.027384,"10":0.027384,"11":null,"12":0.027384,"13":null,"14":null,"15":null,"16":0.027384,"17":0.06846,"18":null,"19":null,"20":null,"21":0.041076,"22":0.047922,"23":0.061614,"24":0.054768,"25":0.03423,"26":0.013692,"27":null,"28":0.061614,"29":0.013692,"30":0.047922,"31":0.061614,"32":0.157458,"33":0.020538,"34":0.027384,"35":0.06846,"36":0.047922,"37":0.075306,"38":0.438144,"39":0.054768,"40":0.095844,"41":0.095844,"42":0.23961,"43":0.246456,"44":0.116382,"45":0.335454,"46":6.051864,"47":10.282692,"48":0.061614,"49":0.027384,"50":null},"chrome":{"4":null,"5":null,"6":null,"7":null,"8":null,"9":null,"10":null,"11":0.013692,"12":null,"13":null,"14":null,"15":null,"16":null,"17":null,"18":0.013692,"19":null,"20":null,"21":0.006846,"22":0.047922,"23":null,"24":0.006846,"25":0.047922,"26":0.061614,"27":0.013692,"28":0.020538,"29":0.013692,"30":0.006846,"31":0.109536,"32":0.041076,"33":0.013692,"34":0.03423,"35":0.020538,"36":0.095844,"37":0.041076,"38":0.013692,"39":0.027384,"40":0.013692,"41":0.109536,"42":0.013692,"43":0.095844,"44":0.082152,"45":0.3423,"46":0.047922,"47":0.123228,"48":0.150612,"49":2.66994,"50":7.66752,"51":19.40841,"52":0.082152,"53":0.047922,"54":null},"opera":{"9":null,"9.5-9.6":null,"10.0-10.1":0,"10.5":null,"10.6":null,"11":null,"11.1":null,"11.5":null,"11.6":null,"12":0.013692,"12.1":0.027384,"15":null,"16":null,"17":null,"18":null,"19":null,"20":null,"21":null,"22":null,"23":null,"24":null,"25":null,"26":null,"27":0.013692,"28":0.061614,"29":null,"30":null,"31":null,"32":0.006846,"33":null,"34":null,"35":null,"36":0.027384,"37":0.355992,"38":0.51345,"39":null,"40":null},"safari":{"3.1":null,"3.2":null,"4":0.027384,"5":0.116382,"5.1":0.622986,"6":0.020538,"6.1":0.177996,"7":0.075306,"7.1":0.020538,"8":0.472374,"9":0.965286,"9.1":4.34721,"10":null,"0":null},"ios_saf":{"3.2":0,"4.0-4.1":0,"4.2-4.3":0,"5.0-5.1":0,"6.0-6.1":0,"7.0-7.1":0.240917505933,"8":0,"8.1-8.4":0.4827797864,"9.0-9.2":1.04208630998,"9.3":7.39002639769},"android":{"2.1":0,"2.2":0,"2.3":0.0107933235467,"3":0,"4":0.0710560466823,"4.1":0.248246441574,"4.2-4.3":0.524375635643,"4.4":1.3824448576,"4.4.3-4.4.4":0.82658869495,"50":null},"op_mob":{"10":0,"11":0,"11.1":0,"11.5":0,"12":0,"12.1":0.000275172932331,"0":0.0121076090226},"ie":{"5.5":null,"6":null,"7":0.020538,"8":0.369684,"9":0.177996,"10":0.403914,"11":3.97068},"bb":{"7":0.06231125,"10":null},"ie_mob":{"10":0.301605252525,"11":0.846814747475},"edge":{"12":0.383376,"13":2.101722,"14":null},"and_ff":{"0":0.337585},"and_uc":{"0":0.160905},"op_mini":{"5.0-8.0":0.170607218045},"and_chr":{"0":14.524478},"samsung":{"0":3.461035}},"total":98.07194125}