{"id":"PG","name":"Papua New Guinea","month":"2016-06","access_date":"2016-07-06","data":{"firefox":{"2":null,"3":0.150294,"3.5":0.006093,"3.6":0.006093,"4":0.004062,"5":null,"6":0.018279,"7":null,"8":0.004062,"9":null,"10":0.006093,"11":0.022341,"12":0.022341,"13":0.004062,"14":0.006093,"15":0.012186,"16":0.004062,"17":0.042651,"18":0.008124,"19":0.008124,"20":0.010155,"21":0.014217,"22":0.014217,"23":0.004062,"24":0.004062,"25":null,"26":0.006093,"27":0.004062,"28":0.008124,"29":0.008124,"30":0.010155,"31":0.119829,"32":0.085302,"33":0.010155,"34":0.024372,"35":0.046713,"36":0.032496,"37":0.032496,"38":0.034527,"39":0.036558,"40":0.046713,"41":0.160449,"42":0.056868,"43":0.34527,"44":0.322929,"45":0.140139,"46":1.212507,"47":1.115019,"48":0.08124,"49":null,"50":0.004062},"chrome":{"4":null,"5":null,"6":null,"7":null,"8":null,"9":null,"10":null,"11":0.046713,"12":0.014217,"13":null,"14":null,"15":null,"16":null,"17":null,"18":0.014217,"19":null,"20":0.002031,"21":null,"22":0.008124,"23":null,"24":null,"25":0.004062,"26":0.026403,"27":0.004062,"28":0.012186,"29":0.012186,"30":0.004062,"31":0.073116,"32":0.012186,"33":0.024372,"34":null,"35":0.004062,"36":0.022341,"37":0.018279,"38":null,"39":0.008124,"40":0.010155,"41":0.075147,"42":0.018279,"43":0.050775,"44":0.042651,"45":0.146232,"46":0.026403,"47":0.042651,"48":0.16248,"49":0.473223,"50":2.008659,"51":4.417425,"52":0.008124,"53":0.006093,"54":null},"opera":{"9":null,"9.5-9.6":null,"10.0-10.1":0,"10.5":null,"10.6":null,"11":null,"11.1":null,"11.5":0.004062,"11.6":null,"12":null,"12.1":0.004062,"15":null,"16":null,"17":null,"18":null,"19":null,"20":null,"21":null,"22":null,"23":null,"24":null,"25":null,"26":null,"27":null,"28":null,"29":0.006093,"30":null,"31":0.002031,"32":0.006093,"33":0.006093,"34":0.008124,"35":0.016248,"36":0.006093,"37":0.062961,"38":0.077178,"39":null,"40":null},"safari":{"3.1":null,"3.2":null,"4":0,"5":0.012186,"5.1":0.014217,"6":0.012186,"6.1":0.012186,"7":0.018279,"7.1":0.008124,"8":0.02031,"9":0.067023,"9.1":0.12186,"10":null,"0":null},"ios_saf":{"3.2":0,"4.0-4.1":0,"4.2-4.3":0,"5.0-5.1":0,"6.0-6.1":0,"7.0-7.1":0.0159363553813,"8":0,"8.1-8.4":0.0319352062739,"9.0-9.2":0.068932548963,"9.3":0.488839889382},"android":{"2.1":0,"2.2":0,"2.3":0.00940557251908,"3":0,"4":0.061920019084,"4.1":0.216328167939,"4.2-4.3":0.456954064885,"4.4":1.20469708015,"4.4.3-4.4.4":0.72031009542,"50":null},"op_mob":{"10":0,"11":0,"11.1":0,"11.5":0,"12":0,"12.1":0.00782519849624,"0":0.344308733835},"ie":{"5.5":null,"6":0.00813685443038,"7":0.00406842721519,"8":0.443458566456,"9":0.652982568038,"10":1.60499453639,"11":3.71447404747},"bb":{"7":0.0278915,"10":null},"ie_mob":{"10":0.102550565657,"11":0.287930434343},"edge":{"12":0.12186,"13":0.188883,"14":null},"and_ff":{"0":0.023907},"and_uc":{"0":64.277954},"op_mini":{"5.0-8.0":4.85162306767},"and_chr":{"0":6.337103},"samsung":{"0":0.63752}},"total":99.5130545}