{"id":"PH","name":"Philippines","month":"2016-06","access_date":"2016-07-06","data":{"firefox":{"2":null,"3":0.018438,"3.5":null,"3.6":0.036876,"4":0.012292,"5":null,"6":0.012292,"7":null,"8":null,"9":null,"10":0.012292,"11":0.018438,"12":0.043022,"13":0.012292,"14":0.012292,"15":0.012292,"16":0.018438,"17":0.012292,"18":0.012292,"19":0.012292,"20":0.018438,"21":0.055314,"22":0.024584,"23":0.024584,"24":0.018438,"25":0.018438,"26":0.03073,"27":0.018438,"28":0.018438,"29":0.043022,"30":0.043022,"31":0.043022,"32":0.03073,"33":0.067606,"34":0.043022,"35":0.049168,"36":0.049168,"37":0.086044,"38":0.141358,"39":0.110628,"40":0.09219,"41":0.104482,"42":0.110628,"43":0.344176,"44":0.172088,"45":0.264278,"46":1.745464,"47":2.986956,"48":0.264278,"49":0.006146,"50":null},"chrome":{"4":null,"5":0.006146,"6":0.012292,"7":0.012292,"8":0.006146,"9":null,"10":0.018438,"11":0.036876,"12":0.018438,"13":0.018438,"14":0.012292,"15":0.006146,"16":0.018438,"17":0.012292,"18":0.043022,"19":0.018438,"20":0.012292,"21":0.018438,"22":0.049168,"23":0.03073,"24":0.024584,"25":0.049168,"26":0.073752,"27":0.06146,"28":0.06146,"29":0.190526,"30":0.055314,"31":0.190526,"32":0.073752,"33":0.165942,"34":0.073752,"35":0.086044,"36":0.110628,"37":0.079898,"38":0.079898,"39":0.129066,"40":0.110628,"41":0.141358,"42":0.098336,"43":0.313446,"44":0.319592,"45":0.479388,"46":0.540848,"47":0.596162,"48":0.669914,"49":3.84125,"50":10.190068,"51":26.05904,"52":0.239694,"53":0.27657,"54":null},"opera":{"9":null,"9.5-9.6":null,"10.0-10.1":0,"10.5":null,"10.6":null,"11":null,"11.1":null,"11.5":null,"11.6":null,"12":0.006146,"12.1":0.018438,"15":null,"16":0.012292,"17":null,"18":null,"19":null,"20":null,"21":null,"22":null,"23":null,"24":null,"25":null,"26":null,"27":null,"28":0.06146,"29":null,"30":null,"31":null,"32":null,"33":null,"34":0.036876,"35":0.012292,"36":0.024584,"37":0.116774,"38":0.190526,"39":null,"40":null},"safari":{"3.1":null,"3.2":null,"4":0,"5":0.03073,"5.1":0.049168,"6":0.006146,"6.1":0.024584,"7":0.043022,"7.1":0.012292,"8":0.147504,"9":0.21511,"9.1":0.596162,"10":null,"0":null},"ios_saf":{"3.2":0,"4.0-4.1":0,"4.2-4.3":0,"5.0-5.1":0,"6.0-6.1":0,"7.0-7.1":0.19592525436,"8":0,"8.1-8.4":0.39261884305,"9.0-9.2":0.847472766897,"9.3":6.00991113569},"android":{"2.1":0,"2.2":0,"2.3":0.0188739635937,"3":0,"4":0.124253593658,"4.1":0.434101162654,"4.2-4.3":0.916960064592,"4.4":2.41744017029,"4.4.3-4.4.4":1.44543104521,"50":null},"op_mob":{"10":0,"11":0,"11.1":0,"11.5":0,"12":0,"12.1":0.00485082406015,"0":0.213436258647},"ie":{"5.5":null,"6":0.0436824254386,"7":0.0124806929825,"8":0.973494052632,"9":0.143527969298,"10":0.180970048246,"11":1.47272177193},"bb":{"7":0.042394,"10":null},"ie_mob":{"10":0.123483717172,"11":0.346704282828},"edge":{"12":0.110628,"13":0.43022,"14":null},"and_ff":{"0":0.030832},"and_uc":{"0":1.938562},"op_mini":{"5.0-8.0":3.00751091729},"and_chr":{"0":20.670654},"samsung":{"0":1.553162}},"total":98.7095129605}