{"id":"PK","name":"Pakistan","month":"2016-06","access_date":"2016-07-06","data":{"firefox":{"2":null,"3":0.168584,"3.5":0.006484,"3.6":0.022694,"4":0.006484,"5":0.006484,"6":0.03242,"7":0.003242,"8":0.006484,"9":0.003242,"10":0.009726,"11":0.009726,"12":0.012968,"13":0.006484,"14":0.009726,"15":0.009726,"16":0.009726,"17":0.012968,"18":0.01621,"19":0.009726,"20":0.009726,"21":0.006484,"22":0.006484,"23":0.006484,"24":0.009726,"25":0.009726,"26":0.009726,"27":0.009726,"28":0.009726,"29":0.035662,"30":0.022694,"31":0.01621,"32":0.019452,"33":0.025936,"34":0.022694,"35":0.025936,"36":0.019452,"37":0.022694,"38":0.035662,"39":0.035662,"40":0.038904,"41":0.042146,"42":0.06484,"43":0.201004,"44":0.116712,"45":0.123196,"46":0.9726,"47":1.70205,"48":0.298264,"49":null,"50":null},"chrome":{"4":null,"5":0.003242,"6":null,"7":null,"8":0.006484,"9":null,"10":0.009726,"11":0.019452,"12":0.01621,"13":0.009726,"14":0.012968,"15":0.009726,"16":0.022694,"17":0.01621,"18":0.006484,"19":0.012968,"20":0.012968,"21":0.01621,"22":0.029178,"23":0.035662,"24":0.025936,"25":0.058356,"26":0.022694,"27":0.029178,"28":0.025936,"29":0.230182,"30":0.029178,"31":0.12968,"32":0.042146,"33":0.175068,"34":0.045388,"35":0.025936,"36":0.019452,"37":0.012968,"38":0.025936,"39":0.035662,"40":0.029178,"41":0.022694,"42":0.025936,"43":0.314474,"44":0.103744,"45":0.188036,"46":0.136164,"47":0.25936,"48":0.427944,"49":1.81552,"50":4.370216,"51":13.207908,"52":0.337168,"53":0.327442,"54":null},"opera":{"9":null,"9.5-9.6":null,"10.0-10.1":0.009726,"10.5":null,"10.6":null,"11":null,"11.1":null,"11.5":0.003242,"11.6":0.006484,"12":0.006484,"12.1":0.022694,"15":null,"16":null,"17":null,"18":0.003242,"19":null,"20":0.003242,"21":null,"22":null,"23":null,"24":null,"25":0.003242,"26":null,"27":null,"28":0.006484,"29":0.003242,"30":0.006484,"31":0.003242,"32":0.003242,"33":0.009726,"34":0.019452,"35":0.019452,"36":0.04863,"37":0.282054,"38":0.50251,"39":null,"40":null},"safari":{"3.1":null,"3.2":null,"4":0.006484,"5":0.003242,"5.1":0.009726,"6":null,"6.1":0.006484,"7":0.006484,"7.1":0.006484,"8":0.029178,"9":0.058356,"9.1":0.106986,"10":null,"0":null},"ios_saf":{"3.2":0,"4.0-4.1":0,"4.2-4.3":0,"5.0-5.1":0,"6.0-6.1":0,"7.0-7.1":0.0929880616035,"8":0,"8.1-8.4":0.186340782272,"9.0-9.2":0.402218948818,"9.3":2.85236320731},"android":{"2.1":0,"2.2":0,"2.3":0.028638887845,"3":0,"4":0.188539344979,"4.1":0.658694420435,"4.2-4.3":1.39137263447,"4.4":3.66816421814,"4.4.3-4.4.4":2.19326149413,"50":null},"op_mob":{"10":0,"11":0,"11.1":0,"11.5":0,"12":0,"12.1":0.0147434691729,"0":0.648712643609},"ie":{"5.5":null,"6":0.0713137405063,"7":0.0101876772152,"8":0.312422101266,"9":0.0475424936709,"10":0.101876772152,"11":0.52975921519},"bb":{"7":0.0439205,"10":null},"ie_mob":{"10":0.29457789899,"11":0.82708410101},"edge":{"12":0.077808,"13":0.191278,"14":null},"and_ff":{"0":0.047299},"and_uc":{"0":15.453259},"op_mini":{"5.0-8.0":9.14095088722},"and_chr":{"0":28.558873},"samsung":{"0":1.567624}},"total":97.8201825}