{"id":"PL","name":"Poland","month":"2016-06","access_date":"2016-07-06","data":{"firefox":{"2":null,"3":0.008366,"3.5":0.004183,"3.6":0.012549,"4":null,"5":null,"6":0.004183,"7":null,"8":null,"9":null,"10":0.004183,"11":0.004183,"12":0.016732,"13":null,"14":0.004183,"15":0.012549,"16":0.020915,"17":0.008366,"18":0.012549,"19":null,"20":0.008366,"21":0.004183,"22":null,"23":0.004183,"24":0.033464,"25":null,"26":0.008366,"27":0.008366,"28":0.012549,"29":0.008366,"30":0.012549,"31":0.025098,"32":0.012549,"33":0.016732,"34":0.020915,"35":0.033464,"36":0.025098,"37":0.029281,"38":0.138039,"39":0.054379,"40":0.046013,"41":0.058562,"42":0.079477,"43":0.25098,"44":0.138039,"45":0.317908,"46":3.89019,"47":6.927048,"48":0.029281,"49":null,"50":null},"chrome":{"4":null,"5":null,"6":null,"7":null,"8":null,"9":null,"10":null,"11":0.029281,"12":null,"13":null,"14":null,"15":null,"16":null,"17":null,"18":0.008366,"19":null,"20":null,"21":null,"22":0.016732,"23":null,"24":null,"25":null,"26":0.020915,"27":null,"28":null,"29":0.246797,"30":0.008366,"31":0.050196,"32":0.008366,"33":0.033464,"34":0.050196,"35":0.037647,"36":0.020915,"37":0.025098,"38":0.033464,"39":0.054379,"40":0.050196,"41":0.016732,"42":0.058562,"43":0.066928,"44":0.054379,"45":0.054379,"46":0.058562,"47":0.121307,"48":0.158954,"49":2.074768,"50":4.212281,"51":12.00521,"52":0.04183,"53":0.020915,"54":null},"opera":{"9":null,"9.5-9.6":null,"10.0-10.1":0,"10.5":null,"10.6":null,"11":null,"11.1":null,"11.5":null,"11.6":0.004183,"12":0.008366,"12.1":0.192418,"15":null,"16":null,"17":null,"18":0.008366,"19":null,"20":0.008366,"21":null,"22":null,"23":null,"24":null,"25":null,"26":0.008366,"27":null,"28":0.012549,"29":0.008366,"30":0.020915,"31":0.012549,"32":0.012549,"33":0.012549,"34":0.020915,"35":0.033464,"36":0.338823,"37":0.681829,"38":1.300913,"39":0.025098,"40":null},"safari":{"3.1":null,"3.2":null,"4":0,"5":0.008366,"5.1":0.025098,"6":null,"6.1":0.012549,"7":0.008366,"7.1":0.004183,"8":0.050196,"9":0.08366,"9.1":0.426666,"10":null,"0":null},"ios_saf":{"3.2":0,"4.0-4.1":0,"4.2-4.3":0,"5.0-5.1":0,"6.0-6.1":0,"7.0-7.1":0.0208165885873,"8":0,"8.1-8.4":0.0417148108554,"9.0-9.2":0.0900419498504,"9.3":0.638538650707},"android":{"2.1":0,"2.2":0,"2.3":0.0317253646506,"3":0,"4":0.208858650617,"4.1":0.729683386964,"4.2-4.3":1.54132396594,"4.4":4.06349045567,"4.4.3-4.4.4":2.42963417616,"50":null},"op_mob":{"10":0,"11":0,"11.1":0,"11.5":0,"12":0,"12.1":0.00243176842105,"0":0.106997810526},"ie":{"5.5":null,"6":null,"7":0.00420722586873,"8":0.113595098456,"9":0.0883517432432,"10":0.105180646718,"11":1.86800828571},"bb":{"7":0.01017975,"10":null},"ie_mob":{"10":0.832594848485,"11":2.33767015152},"edge":{"12":0.08366,"13":0.648365,"14":null},"and_ff":{"0":0.040719},"and_uc":{"0":0.052353},"op_mini":{"5.0-8.0":1.50769642105},"and_chr":{"0":40.865463},"samsung":{"0":4.868829}},"total":98.60736975}