{"id":"PM","name":"Saint Pierre and Miquelon","month":"2016-06","access_date":"2016-07-06","data":{"firefox":{"2":null,"3":null,"3.5":null,"3.6":null,"4":null,"5":null,"6":0.117375,"7":null,"8":null,"9":null,"10":null,"11":0.07825,"12":0.01565,"13":0.039125,"14":null,"15":0.007825,"16":null,"17":null,"18":null,"19":null,"20":null,"21":null,"22":null,"23":null,"24":null,"25":null,"26":null,"27":null,"28":null,"29":null,"30":null,"31":0.117375,"32":null,"33":null,"34":0.007825,"35":null,"36":null,"37":null,"38":0.414725,"39":null,"40":0.313,"41":0.007825,"42":0.039125,"43":0.14085,"44":0.0626,"45":1.252,"46":5.6027,"47":9.194375,"48":0.01565,"49":null,"50":null},"chrome":{"4":null,"5":null,"6":null,"7":null,"8":null,"9":null,"10":null,"11":null,"12":null,"13":null,"14":null,"15":null,"16":0.04695,"17":null,"18":null,"19":null,"20":null,"21":null,"22":null,"23":null,"24":null,"25":null,"26":null,"27":null,"28":null,"29":null,"30":null,"31":0.007825,"32":null,"33":null,"34":0.007825,"35":null,"36":0.2817,"37":null,"38":null,"39":null,"40":null,"41":null,"42":0.01565,"43":0.007825,"44":0.01565,"45":0.01565,"46":0.26605,"47":0.17215,"48":0.10955,"49":2.17535,"50":11.369725,"51":28.146525,"52":null,"53":0.117375,"54":null},"opera":{"9":null,"9.5-9.6":null,"10.0-10.1":0,"10.5":null,"10.6":null,"11":null,"11.1":null,"11.5":null,"11.6":null,"12":null,"12.1":0.007825,"15":null,"16":null,"17":null,"18":null,"19":null,"20":null,"21":null,"22":null,"23":null,"24":null,"25":null,"26":null,"27":null,"28":null,"29":null,"30":null,"31":0.007825,"32":null,"33":null,"34":0.039125,"35":null,"36":null,"37":0.0939,"38":0.289525,"39":null,"40":null},"safari":{"3.1":null,"3.2":null,"4":0,"5":null,"5.1":0.20345,"6":0.007825,"6.1":0.1252,"7":0.007825,"7.1":null,"8":0.2817,"9":0.4695,"9.1":6.299125,"10":null,"0":null},"ios_saf":{"3.2":0,"4.0-4.1":0,"4.2-4.3":0,"5.0-5.1":0,"6.0-6.1":0,"7.0-7.1":0.345274236405,"8":0,"8.1-8.4":0.691902489423,"9.0-9.2":1.49348032453,"9.3":10.5911179496},"android":{"2.1":0,"2.2":0,"2.3":0.00571655901351,"3":0,"4":0.0376340135056,"4.1":0.131480857311,"4.2-4.3":0.277729492073,"4.4":0.732195933647,"4.4.3-4.4.4":0.437793144451,"50":null},"op_mob":{"10":0,"11":0,"11.1":0,"11.5":0,"12":0,"12.1":0.000179887218045,"0":0.00791503759398},"ie":{"5.5":null,"6":0.023475,"7":0.023475,"8":0.29735,"9":0.0939,"10":0.696425,"11":3.591675},"bb":{"7":0.01305,"10":null},"ie_mob":{"10":0.0359863636364,"11":0.101038636364},"edge":{"12":0.04695,"13":3.920325,"14":null},"and_ff":{"0":0.0348},"and_uc":{"0":null},"op_mini":{"5.0-8.0":0.111530075188},"and_chr":{"0":6.294075},"samsung":{"0":0.9222}},"total":98.973575}