{"id":"PR","name":"Puerto Rico","month":"2016-06","access_date":"2016-07-06","data":{"firefox":{"2":null,"3":null,"3.5":null,"3.6":0.013944,"4":null,"5":null,"6":null,"7":null,"8":null,"9":null,"10":0.004648,"11":null,"12":0.004648,"13":null,"14":null,"15":null,"16":0.013944,"17":null,"18":null,"19":null,"20":null,"21":null,"22":null,"23":null,"24":null,"25":null,"26":null,"27":null,"28":null,"29":null,"30":0.004648,"31":0.041832,"32":null,"33":0.009296,"34":0.009296,"35":0.02324,"36":0.013944,"37":0.02324,"38":0.060424,"39":0.027888,"40":0.018592,"41":0.02324,"42":0.04648,"43":0.074368,"44":0.051128,"45":0.125496,"46":1.775536,"47":2.83528,"48":0.037184,"49":null,"50":null},"chrome":{"4":null,"5":null,"6":null,"7":null,"8":null,"9":null,"10":null,"11":0.037184,"12":null,"13":null,"14":null,"15":null,"16":null,"17":null,"18":0.009296,"19":null,"20":0.004648,"21":0.009296,"22":0.009296,"23":null,"24":null,"25":0.013944,"26":0.004648,"27":null,"28":0.004648,"29":0.167328,"30":null,"31":0.013944,"32":0.018592,"33":0.04648,"34":0.032536,"35":0.032536,"36":0.04648,"37":0.02324,"38":0.037184,"39":0.074368,"40":0.018592,"41":0.037184,"42":0.032536,"43":0.06972,"44":0.060424,"45":0.09296,"46":0.065072,"47":0.097608,"48":0.111552,"49":1.552432,"50":5.898312,"51":13.744136,"52":0.065072,"53":0.04648,"54":null},"opera":{"9":null,"9.5-9.6":null,"10.0-10.1":0,"10.5":null,"10.6":null,"11":null,"11.1":null,"11.5":null,"11.6":null,"12":null,"12.1":0.018592,"15":null,"16":null,"17":null,"18":null,"19":null,"20":null,"21":null,"22":null,"23":null,"24":null,"25":null,"26":null,"27":0.004648,"28":null,"29":0.041832,"30":null,"31":null,"32":null,"33":0.013944,"34":null,"35":0.009296,"36":0.018592,"37":0.130144,"38":0.171976,"39":null,"40":null},"safari":{"3.1":null,"3.2":null,"4":0.02324,"5":0.04648,"5.1":0.16268,"6":0.009296,"6.1":0.09296,"7":0.041832,"7.1":0.02324,"8":0.320712,"9":0.562408,"9.1":2.268224,"10":null,"0":null},"ios_saf":{"3.2":0,"4.0-4.1":0,"4.2-4.3":0,"5.0-5.1":0,"6.0-6.1":0,"7.0-7.1":0.406786020019,"8":0,"8.1-8.4":0.815167279331,"9.0-9.2":1.75954894149,"9.3":12.4779617592},"android":{"2.1":0,"2.2":0,"2.3":0.014880271286,"3":0,"4":0.0979617859659,"4.1":0.342246239577,"4.2-4.3":0.722933179977,"4.4":1.90591474721,"4.4.3-4.4.4":1.13958077598,"50":null},"op_mob":{"10":0,"11":0,"11.1":0,"11.5":0,"12":0,"12.1":0.000201240601504,"0":0.00885458646617},"ie":{"5.5":null,"6":null,"7":0.018592,"8":0.218456,"9":0.427616,"10":0.390432,"11":5.242944},"bb":{"7":0.0080295,"10":null},"ie_mob":{"10":0.22352830303,"11":0.62759869697},"edge":{"12":0.32536,"13":2.965424,"14":0.004648},"and_ff":{"0":0.026765},"and_uc":{"0":0.080295},"op_mini":{"5.0-8.0":0.124769172932},"and_chr":{"0":29.959723},"samsung":{"0":6.728721}},"total":98.7410585}