{"id":"PS","name":"Palestinian Territory","month":"2016-06","access_date":"2016-07-06","data":{"firefox":{"2":null,"3":0.006845,"3.5":null,"3.6":0.04107,"4":0.006845,"5":null,"6":0.034225,"7":null,"8":null,"9":0.01369,"10":0.006845,"11":0.006845,"12":0.061605,"13":null,"14":null,"15":0.006845,"16":0.020535,"17":0.020535,"18":0.006845,"19":0.006845,"20":null,"21":null,"22":null,"23":null,"24":null,"25":0.020535,"26":0.01369,"27":0.006845,"28":0.006845,"29":0.01369,"30":0.020535,"31":0.01369,"32":0.05476,"33":0.02738,"34":0.02738,"35":0.034225,"36":0.061605,"37":0.04107,"38":0.12321,"39":0.116365,"40":0.12321,"41":0.04107,"42":0.102675,"43":0.431235,"44":0.15059,"45":0.73926,"46":3.032335,"47":4.96947,"48":0.17797,"49":null,"50":null},"chrome":{"4":null,"5":0.006845,"6":null,"7":null,"8":null,"9":null,"10":0.01369,"11":0.02738,"12":0.01369,"13":null,"14":0.006845,"15":0.01369,"16":null,"17":null,"18":0.006845,"19":null,"20":null,"21":0.01369,"22":0.034225,"23":null,"24":0.01369,"25":0.02738,"26":0.02738,"27":0.02738,"28":0.020535,"29":0.47915,"30":0.05476,"31":0.12321,"32":0.034225,"33":0.130055,"34":0.034225,"35":0.01369,"36":0.05476,"37":0.225885,"38":0.116365,"39":0.061605,"40":0.06845,"41":0.047915,"42":0.21904,"43":1.088355,"44":0.26011,"45":0.732415,"46":0.42439,"47":0.60236,"48":1.280015,"49":4.346575,"50":9.3092,"51":27.33893,"52":0.102675,"53":0.08214,"54":null},"opera":{"9":null,"9.5-9.6":null,"10.0-10.1":0,"10.5":null,"10.6":null,"11":null,"11.1":null,"11.5":null,"11.6":null,"12":null,"12.1":3.98379,"15":null,"16":null,"17":null,"18":null,"19":null,"20":null,"21":null,"22":null,"23":null,"24":null,"25":null,"26":null,"27":null,"28":null,"29":null,"30":null,"31":null,"32":null,"33":0.01369,"34":0.006845,"35":0.01369,"36":0.02738,"37":0.266955,"38":0.50653,"39":null,"40":null},"safari":{"3.1":null,"3.2":null,"4":0.01369,"5":null,"5.1":0.01369,"6":null,"6.1":0.006845,"7":0.01369,"7.1":null,"8":0.06845,"9":0.08214,"9.1":0.444925,"10":null,"0":null},"ios_saf":{"3.2":0,"4.0-4.1":0,"4.2-4.3":0,"5.0-5.1":0,"6.0-6.1":0,"7.0-7.1":0.0846781033949,"8":0,"8.1-8.4":0.169688277784,"9.0-9.2":0.366274306057,"9.3":2.59745931276},"android":{"2.1":0,"2.2":0,"2.3":0.0157398003523,"3":0,"4":0.103620352319,"4.1":0.362015408103,"4.2-4.3":0.764691967117,"4.4":2.01600609513,"4.4.3-4.4.4":1.20540637698,"50":null},"op_mob":{"10":0,"11":0,"11.1":0,"11.5":0,"12":0,"12.1":0.00181709022556,"0":0.0799519699248},"ie":{"5.5":null,"6":0.00722178899083,"7":null,"8":0.70051353211,"9":0.137213990826,"10":0.144435779817,"11":1.36491811927},"bb":{"7":0.0047325,"10":null},"ie_mob":{"10":0.0422578787879,"11":0.118647121212},"edge":{"12":0.116365,"13":0.36963,"14":null},"and_ff":{"0":0.028395},"and_uc":{"0":0.24609},"op_mini":{"5.0-8.0":1.12659593985},"and_chr":{"0":19.82262},"samsung":{"0":2.79533}},"total":98.327605711}