{"id":"PT","name":"Portugal","month":"2016-06","access_date":"2016-07-06","data":{"firefox":{"2":null,"3":null,"3.5":null,"3.6":0.016572,"4":null,"5":null,"6":0.008286,"7":null,"8":null,"9":null,"10":null,"11":null,"12":0.008286,"13":null,"14":null,"15":null,"16":0.024858,"17":null,"18":null,"19":null,"20":null,"21":null,"22":null,"23":null,"24":null,"25":null,"26":null,"27":null,"28":null,"29":null,"30":0.008286,"31":0.008286,"32":0.008286,"33":0.016572,"34":0.016572,"35":0.016572,"36":0.016572,"37":0.024858,"38":0.091146,"39":0.058002,"40":0.049716,"41":0.049716,"42":0.066288,"43":0.16572,"44":0.12429,"45":0.265152,"46":3.198396,"47":6.554226,"48":0.04143,"49":0.008286,"50":0.016572},"chrome":{"4":null,"5":null,"6":null,"7":null,"8":null,"9":null,"10":null,"11":0.033144,"12":null,"13":null,"14":null,"15":null,"16":null,"17":null,"18":null,"19":null,"20":null,"21":0.008286,"22":0.08286,"23":null,"24":null,"25":null,"26":0.016572,"27":null,"28":null,"29":0.836886,"30":null,"31":0.04143,"32":0.058002,"33":0.016572,"34":0.04143,"35":0.091146,"36":0.223722,"37":0.049716,"38":0.074574,"39":0.12429,"40":0.058002,"41":0.04143,"42":0.033144,"43":0.198864,"44":0.132576,"45":0.182292,"46":0.12429,"47":0.281724,"48":0.265152,"49":4.026996,"50":11.086668,"51":35.679516,"52":0.132576,"53":0.08286,"54":null},"opera":{"9":null,"9.5-9.6":null,"10.0-10.1":0,"10.5":null,"10.6":null,"11":null,"11.1":null,"11.5":null,"11.6":null,"12":null,"12.1":0.04143,"15":null,"16":null,"17":null,"18":null,"19":null,"20":null,"21":null,"22":null,"23":null,"24":null,"25":null,"26":null,"27":null,"28":null,"29":null,"30":null,"31":null,"32":null,"33":null,"34":null,"35":0.008286,"36":0.058002,"37":0.215436,"38":0.488874,"39":0.008286,"40":null},"safari":{"3.1":null,"3.2":null,"4":0.016572,"5":0.066288,"5.1":0.132576,"6":null,"6.1":0.099432,"7":0.033144,"7.1":0.016572,"8":0.215436,"9":0.505446,"9.1":2.353224,"10":null,"0":null},"ios_saf":{"3.2":0,"4.0-4.1":0,"4.2-4.3":0,"5.0-5.1":0,"6.0-6.1":0,"7.0-7.1":0.100754760087,"8":0,"8.1-8.4":0.20190463688,"9.0-9.2":0.435813726963,"9.3":3.09060287607},"android":{"2.1":0,"2.2":0,"2.3":0.00561000352319,"3":0,"4":0.0369325231944,"4.1":0.129030081033,"4.2-4.3":0.272552671169,"4.4":0.718547951262,"4.4.3-4.4.4":0.429632769818,"50":null},"op_mob":{"10":0,"11":0,"11.1":0,"11.5":0,"12":0,"12.1":0.000231969924812,"0":0.0102066766917},"ie":{"5.5":null,"6":0.0166247770701,"7":0.0332495541401,"8":0.457181369427,"9":0.540305254777,"10":0.349120318471,"11":6.31741528662},"bb":{"7":0.0107125,"10":null},"ie_mob":{"10":0.144495393939,"11":0.405698606061},"edge":{"12":0.223722,"13":2.916672,"14":0.008286},"and_ff":{"0":0.020568},"and_uc":{"0":0.161116},"op_mini":{"5.0-8.0":0.143821353383},"and_chr":{"0":10.609028},"samsung":{"0":1.07982}},"total":98.0163270605}