{"id":"PW","name":"Palau","month":"2016-06","access_date":"2016-07-06","data":{"firefox":{"2":0.0231,"3":null,"3.5":null,"3.6":0.01155,"4":null,"5":null,"6":0.1155,"7":null,"8":null,"9":0.01155,"10":0.01155,"11":null,"12":0.017325,"13":null,"14":null,"15":null,"16":null,"17":null,"18":null,"19":null,"20":null,"21":null,"22":0.306075,"23":null,"24":0.017325,"25":null,"26":0.017325,"27":null,"28":null,"29":0.017325,"30":0.075075,"31":0.086625,"32":0.0231,"33":0.28875,"34":null,"35":0.132825,"36":0.017325,"37":0.0462,"38":0.075075,"39":0.063525,"40":null,"41":0.01155,"42":0.01155,"43":0.38115,"44":0.65835,"45":0.248325,"46":2.823975,"47":3.1878,"48":0.58905,"49":0.1155,"50":null},"chrome":{"4":null,"5":null,"6":null,"7":null,"8":0.144375,"9":null,"10":0.1155,"11":0.051975,"12":0.01155,"13":null,"14":0.10395,"15":null,"16":0.12705,"17":null,"18":null,"19":0.028875,"20":null,"21":0.24255,"22":null,"23":0.017325,"24":null,"25":null,"26":null,"27":null,"28":null,"29":0.0231,"30":null,"31":null,"32":null,"33":0.860475,"34":null,"35":null,"36":null,"37":null,"38":0.155925,"39":0.0231,"40":0.063525,"41":null,"42":0.040425,"43":0.08085,"44":0.075075,"45":0.51975,"46":1.368675,"47":0.086625,"48":0.3234,"49":4.129125,"50":5.353425,"51":15.656025,"52":0.3003,"53":null,"54":null},"opera":{"9":null,"9.5-9.6":null,"10.0-10.1":0,"10.5":null,"10.6":null,"11":null,"11.1":null,"11.5":null,"11.6":null,"12":null,"12.1":null,"15":null,"16":null,"17":0.017325,"18":null,"19":null,"20":null,"21":null,"22":null,"23":null,"24":null,"25":null,"26":null,"27":null,"28":null,"29":0.0693,"30":null,"31":null,"32":null,"33":null,"34":null,"35":0.01155,"36":null,"37":0.0231,"38":null,"39":null,"40":null},"safari":{"3.1":null,"3.2":null,"4":0,"5":0.01155,"5.1":0.063525,"6":0.1386,"6.1":null,"7":0.017325,"7.1":0.10395,"8":0.24255,"9":0.5775,"9.1":1.8249,"10":null,"0":null},"ios_saf":{"3.2":0,"4.0-4.1":0,"4.2-4.3":0,"5.0-5.1":0,"6.0-6.1":0,"7.0-7.1":0.11584199257,"8":0,"8.1-8.4":0.232138267465,"9.0-9.2":0.501073403158,"9.3":3.55339633681},"android":{"2.1":0,"2.2":0,"2.3":0.0173564885496,"3":0,"4":0.114263549618,"4.1":0.399199236641,"4.2-4.3":0.843236068702,"4.4":2.2230769084,"4.4.3-4.4.4":1.32921774809,"50":null},"op_mob":{"10":0,"11":0,"11.1":0,"11.5":0,"12":0,"12.1":0.0098795112782,"0":0.434698496241},"ie":{"5.5":null,"6":0.08085,"7":null,"8":1.726725,"9":0.652575,"10":0.513975,"11":6.08685},"bb":{"7":0,"10":null},"ie_mob":{"10":0.113178787879,"11":0.317771212121},"edge":{"12":0.3696,"13":0.47355,"14":null},"and_ff":{"0":0.02535},"and_uc":{"0":4.68975},"op_mini":{"5.0-8.0":6.12529699248},"and_chr":{"0":21.894675},"samsung":{"0":3.6166}},"total":98.848625}