{"id":"PY","name":"Paraguay","month":"2016-06","access_date":"2016-07-06","data":{"firefox":{"2":0.009284,"3":0.037136,"3.5":0.013926,"3.6":0.032494,"4":0.02321,"5":0.004642,"6":0.004642,"7":null,"8":null,"9":null,"10":0.013926,"11":0.02321,"12":0.02321,"13":0.004642,"14":0.018568,"15":0.02321,"16":0.009284,"17":0.018568,"18":null,"19":null,"20":0.009284,"21":0.004642,"22":0.02321,"23":0.009284,"24":0.018568,"25":0.009284,"26":0.013926,"27":0.004642,"28":0.018568,"29":0.009284,"30":0.013926,"31":0.018568,"32":0.018568,"33":0.02321,"34":0.02321,"35":0.04642,"36":0.032494,"37":0.027852,"38":0.134618,"39":0.074272,"40":0.032494,"41":0.074272,"42":0.051062,"43":0.218174,"44":0.078914,"45":0.250668,"46":2.265296,"47":3.657896,"48":0.037136,"49":0.009284,"50":null},"chrome":{"4":null,"5":null,"6":null,"7":null,"8":0.004642,"9":null,"10":0.009284,"11":0.051062,"12":0.004642,"13":null,"14":null,"15":null,"16":null,"17":null,"18":0.018568,"19":null,"20":null,"21":null,"22":0.013926,"23":0.009284,"24":0.004642,"25":0.009284,"26":0.009284,"27":0.009284,"28":0.009284,"29":0.143902,"30":0.013926,"31":0.060346,"32":0.02321,"33":0.051062,"34":0.027852,"35":0.02321,"36":0.060346,"37":0.041778,"38":0.032494,"39":0.06963,"40":0.037136,"41":0.051062,"42":0.02321,"43":0.125334,"44":0.153186,"45":0.064988,"46":0.078914,"47":0.167112,"48":0.194964,"49":2.093542,"50":7.719646,"51":20.615122,"52":0.088198,"53":0.032494,"54":null},"opera":{"9":null,"9.5-9.6":null,"10.0-10.1":0,"10.5":null,"10.6":null,"11":null,"11.1":null,"11.5":null,"11.6":0.009284,"12":null,"12.1":0.009284,"15":null,"16":null,"17":null,"18":null,"19":null,"20":null,"21":null,"22":null,"23":null,"24":null,"25":null,"26":null,"27":0.009284,"28":null,"29":0.120692,"30":null,"31":null,"32":null,"33":0.018568,"34":0.018568,"35":0.018568,"36":0.02321,"37":0.11605,"38":0.2321,"39":null,"40":null},"safari":{"3.1":null,"3.2":null,"4":0,"5":0.018568,"5.1":0.009284,"6":null,"6.1":0.004642,"7":0.013926,"7.1":0.009284,"8":0.09284,"9":0.204248,"9.1":0.473484,"10":null,"0":null},"ios_saf":{"3.2":0,"4.0-4.1":0,"4.2-4.3":0,"5.0-5.1":0,"6.0-6.1":0,"7.0-7.1":0.0714929640904,"8":0,"8.1-8.4":0.143266292746,"9.0-9.2":0.309242115262,"9.3":2.1930116279},"android":{"2.1":0,"2.2":0,"2.3":0.0366476300646,"3":0,"4":0.241263564592,"4.1":0.842895491486,"4.2-4.3":1.7804640273,"4.4":4.69395061744,"4.4.3-4.4.4":2.80659766911,"50":null},"op_mob":{"10":0,"11":0,"11.1":0,"11.5":0,"12":0,"12.1":0.0100491323308,"0":0.442161822556},"ie":{"5.5":null,"6":0.00942944125326,"7":null,"8":0.334745164491,"9":0.155585780679,"10":0.155585780679,"11":1.1503918329},"bb":{"7":0.0509105,"10":null},"ie_mob":{"10":0.394075959596,"11":1.1064440404},"edge":{"12":0.064988,"13":0.362076,"14":null},"and_ff":{"0":0.016077},"and_uc":{"0":0.852081},"op_mini":{"5.0-8.0":6.23046204511},"and_chr":{"0":28.768005},"samsung":{"0":4.319354}},"total":98.5579665}