{"id":"QA","name":"Qatar","month":"2016-06","access_date":"2016-07-06","data":{"firefox":{"2":null,"3":0.016288,"3.5":null,"3.6":0.008144,"4":0.012216,"5":null,"6":0.012216,"7":null,"8":null,"9":null,"10":0.004072,"11":null,"12":null,"13":null,"14":null,"15":0.004072,"16":0.004072,"17":0.008144,"18":null,"19":null,"20":null,"21":0.004072,"22":null,"23":null,"24":0.008144,"25":null,"26":null,"27":null,"28":0.004072,"29":null,"30":null,"31":0.004072,"32":null,"33":0.008144,"34":0.008144,"35":0.008144,"36":0.008144,"37":0.012216,"38":0.052936,"39":0.016288,"40":0.012216,"41":0.02036,"42":0.024432,"43":0.06108,"44":0.04072,"45":0.089584,"46":0.89584,"47":1.596224,"48":0.077368,"49":null,"50":null},"chrome":{"4":null,"5":null,"6":null,"7":null,"8":null,"9":null,"10":0.004072,"11":0.008144,"12":0.024432,"13":null,"14":null,"15":null,"16":null,"17":null,"18":null,"19":0.004072,"20":null,"21":null,"22":0.048864,"23":null,"24":0.008144,"25":0.012216,"26":0.012216,"27":0.004072,"28":0.008144,"29":0.199528,"30":0.016288,"31":0.044792,"32":0.028504,"33":0.057008,"34":0.032576,"35":0.02036,"36":0.032576,"37":0.024432,"38":0.02036,"39":0.06108,"40":0.028504,"41":0.016288,"42":0.028504,"43":0.166952,"44":0.16288,"45":0.232104,"46":0.1018,"47":0.158808,"48":0.14252,"49":1.237888,"50":7.500624,"51":16.26764,"52":0.085512,"53":0.187312,"54":null},"opera":{"9":null,"9.5-9.6":null,"10.0-10.1":0,"10.5":null,"10.6":null,"11":null,"11.1":null,"11.5":null,"11.6":null,"12":null,"12.1":0.02036,"15":null,"16":null,"17":null,"18":null,"19":null,"20":null,"21":null,"22":null,"23":null,"24":null,"25":null,"26":null,"27":null,"28":null,"29":0.004072,"30":null,"31":null,"32":0.004072,"33":null,"34":null,"35":0.012216,"36":0.016288,"37":0.22396,"38":0.240248,"39":null,"40":null},"safari":{"3.1":null,"3.2":null,"4":0,"5":0.02036,"5.1":0.036648,"6":0.004072,"6.1":0.04072,"7":0.032576,"7.1":0.024432,"8":0.179168,"9":0.350192,"9.1":1.225672,"10":null,"0":null},"ios_saf":{"3.2":0,"4.0-4.1":0,"4.2-4.3":0,"5.0-5.1":0,"6.0-6.1":0,"7.0-7.1":0.259089262202,"8":0,"8.1-8.4":0.519194560726,"9.0-9.2":1.12068806356,"9.3":7.94743611351},"android":{"2.1":0,"2.2":0,"2.3":0.0110693129771,"3":0,"4":0.0728729770992,"4.1":0.254594198473,"4.2-4.3":0.537784122137,"4.4":1.41779450382,"4.4.3-4.4.4":0.847724885496,"50":null},"op_mob":{"10":0,"11":0,"11.1":0,"11.5":0,"12":0,"12.1":0.0154662857143,"0":0.680516571429},"ie":{"5.5":null,"6":0.0040787641196,"7":0.0081575282392,"8":0.236568318937,"9":0.318143601329,"10":0.326301129568,"11":4.00942512957},"bb":{"7":0.038532,"10":null},"ie_mob":{"10":0.121434181818,"11":0.340949818182},"edge":{"12":0.219888,"13":1.453704,"14":null},"and_ff":{"0":0.011856},"and_uc":{"0":11.192064},"op_mini":{"5.0-8.0":9.58909714286},"and_chr":{"0":20.935472},"samsung":{"0":3.479736}},"total":98.4153344718}