{"id":"RE","name":"Reunion","month":"2016-06","access_date":"2016-07-06","data":{"firefox":{"2":null,"3":0.007143,"3.5":null,"3.6":0.064287,"4":0.014286,"5":null,"6":0.064287,"7":0.014286,"8":null,"9":null,"10":0.007143,"11":0.021429,"12":0.014286,"13":0.014286,"14":0.035715,"15":0.050001,"16":0.064287,"17":0.028572,"18":0.014286,"19":null,"20":0.042858,"21":0.014286,"22":null,"23":0.200004,"24":0.192861,"25":0.035715,"26":0.035715,"27":0.014286,"28":0.042858,"29":0.014286,"30":0.050001,"31":0.314292,"32":0.407151,"33":0.07143,"34":0.092859,"35":0.092859,"36":0.042858,"37":0.100002,"38":0.171432,"39":0.150003,"40":0.235719,"41":0.635727,"42":0.235719,"43":0.392865,"44":0.328578,"45":0.457152,"46":5.435823,"47":8.64303,"48":0.064287,"49":0.014286,"50":null},"chrome":{"4":null,"5":null,"6":null,"7":null,"8":null,"9":null,"10":null,"11":0.007143,"12":null,"13":null,"14":null,"15":null,"16":null,"17":null,"18":null,"19":null,"20":null,"21":0.007143,"22":0.042858,"23":0.014286,"24":null,"25":0.014286,"26":0.014286,"27":null,"28":0.035715,"29":0.278577,"30":0.092859,"31":0.021429,"32":0.028572,"33":0.028572,"34":0.050001,"35":0.050001,"36":0.100002,"37":0.057144,"38":0.042858,"39":0.085716,"40":0.078573,"41":0.028572,"42":0.035715,"43":0.114288,"44":0.464295,"45":0.221433,"46":0.250005,"47":0.21429,"48":0.292863,"49":2.121471,"50":8.178735,"51":21.457572,"52":0.078573,"53":0.057144,"54":null},"opera":{"9":null,"9.5-9.6":null,"10.0-10.1":0,"10.5":null,"10.6":null,"11":null,"11.1":null,"11.5":null,"11.6":null,"12":null,"12.1":0.028572,"15":null,"16":null,"17":null,"18":null,"19":null,"20":null,"21":null,"22":null,"23":null,"24":null,"25":null,"26":null,"27":null,"28":null,"29":null,"30":null,"31":null,"32":null,"33":null,"34":null,"35":null,"36":0.171432,"37":0.228576,"38":0.307149,"39":null,"40":null},"safari":{"3.1":null,"3.2":null,"4":0.028572,"5":0.100002,"5.1":0.392865,"6":0.035715,"6.1":0.135717,"7":0.057144,"7.1":0.028572,"8":0.328578,"9":0.757158,"9.1":3.242922,"10":0.007143,"0":null},"ios_saf":{"3.2":0,"4.0-4.1":0,"4.2-4.3":0,"5.0-5.1":0,"6.0-6.1":0,"7.0-7.1":0.138926083995,"8":0,"8.1-8.4":0.278396976163,"9.0-9.2":0.600923414302,"9.3":4.26148952554},"android":{"2.1":0,"2.2":0,"2.3":0.0092504392249,"3":0,"4":0.0608987248972,"4.1":0.212760102173,"4.2-4.3":0.449417172343,"4.4":1.18482709072,"4.4.3-4.4.4":0.70842947064,"50":null},"op_mob":{"10":0,"11":0,"11.1":0,"11.5":0,"12":0,"12.1":0.000738953383459,"0":0.0325139488722},"ie":{"5.5":null,"6":null,"7":null,"8":0.261153420561,"9":0.13057671028,"10":0.29017046729,"11":3.97533540187},"bb":{"7":0.005714,"10":null},"ie_mob":{"10":0.162820141414,"11":0.457148858586},"edge":{"12":0.307149,"13":2.671482,"14":null},"and_ff":{"0":0.054283},"and_uc":{"0":0.128565},"op_mini":{"5.0-8.0":0.458151097744},"and_chr":{"0":18.607852},"samsung":{"0":3.051276}},"total":97.858579}