{"id":"RO","name":"Romania","month":"2016-06","access_date":"2016-07-06","data":{"firefox":{"2":0.01513,"3":0.037825,"3.5":0.007565,"3.6":0.03026,"4":0.007565,"5":0.007565,"6":0.037825,"7":null,"8":null,"9":null,"10":0.007565,"11":0.007565,"12":0.01513,"13":null,"14":null,"15":null,"16":0.007565,"17":0.007565,"18":0.007565,"19":null,"20":0.01513,"21":null,"22":null,"23":null,"24":0.007565,"25":null,"26":0.007565,"27":null,"28":0.022695,"29":0.01513,"30":0.01513,"31":0.03026,"32":0.01513,"33":0.03026,"34":0.03026,"35":0.04539,"36":0.03026,"37":0.04539,"38":0.204255,"39":0.068085,"40":0.083215,"41":0.068085,"42":0.12104,"43":0.89267,"44":0.27234,"45":0.688415,"46":5.12907,"47":6.649635,"48":0.113475,"49":0.01513,"50":null},"chrome":{"4":null,"5":null,"6":null,"7":null,"8":null,"9":null,"10":null,"11":0.03026,"12":null,"13":null,"14":null,"15":null,"16":null,"17":null,"18":0.01513,"19":null,"20":null,"21":null,"22":0.037825,"23":null,"24":null,"25":null,"26":0.022695,"27":null,"28":0.01513,"29":2.322455,"30":0.01513,"31":0.03026,"32":0.007565,"33":0.037825,"34":0.068085,"35":0.03026,"36":0.03026,"37":0.037825,"38":0.04539,"39":0.083215,"40":0.06052,"41":0.03026,"42":0.03026,"43":0.506855,"44":0.09078,"45":0.128605,"46":0.1513,"47":0.33286,"48":0.370685,"49":4.834035,"50":10.734735,"51":27.47608,"52":0.113475,"53":0.068085,"54":null},"opera":{"9":null,"9.5-9.6":null,"10.0-10.1":0,"10.5":null,"10.6":null,"11":null,"11.1":null,"11.5":null,"11.6":null,"12":null,"12.1":0.113475,"15":null,"16":null,"17":null,"18":null,"19":null,"20":null,"21":null,"22":null,"23":null,"24":null,"25":null,"26":0.007565,"27":null,"28":0.01513,"29":0.007565,"30":0.01513,"31":null,"32":0.007565,"33":0.01513,"34":0.03026,"35":0.03026,"36":0.22695,"37":1.22553,"38":1.58865,"39":0.01513,"40":null},"safari":{"3.1":null,"3.2":null,"4":0.01513,"5":0.01513,"5.1":0.03026,"6":null,"6.1":0.01513,"7":0.007565,"7.1":null,"8":0.04539,"9":0.083215,"9.1":0.567375,"10":null,"0":null},"ios_saf":{"3.2":0,"4.0-4.1":0,"4.2-4.3":0,"5.0-5.1":0,"6.0-6.1":0,"7.0-7.1":0.093865971004,"8":0,"8.1-8.4":0.188100043855,"9.0-9.2":0.406016337323,"9.3":2.87929264782},"android":{"2.1":0,"2.2":0,"2.3":0.0110068291251,"3":0,"4":0.0724616250734,"4.1":0.253157069877,"4.2-4.3":0.534748448326,"4.4":1.40979136377,"4.4.3-4.4.4":0.842939663829,"50":null},"op_mob":{"10":0,"11":0,"11.1":0,"11.5":0,"12":0,"12.1":0.00127791729323,"0":0.0562283609023},"ie":{"5.5":null,"6":0.0470175298805,"7":0.0313450199203,"8":0.673917928287,"9":0.203742629482,"10":0.219415139442,"11":2.75836175299},"bb":{"7":0.0206975,"10":null},"ie_mob":{"10":0.22766020202,"11":0.63919979798},"edge":{"12":0.10591,"13":0.95319,"14":null},"and_ff":{"0":0.094965},"and_uc":{"0":0.182625},"op_mini":{"5.0-8.0":0.792308721805},"and_chr":{"0":14.75869},"samsung":{"0":2.14767}},"total":97.2532525}