{"id":"RS","name":"Serbia","month":"2016-06","access_date":"2016-07-06","data":{"firefox":{"2":null,"3":0.021993,"3.5":0.007331,"3.6":0.043986,"4":0.007331,"5":null,"6":0.021993,"7":null,"8":0.007331,"9":0.007331,"10":0.007331,"11":0.014662,"12":0.021993,"13":0.007331,"14":0.007331,"15":0.014662,"16":0.014662,"17":null,"18":0.007331,"19":0.007331,"20":0.014662,"21":0.007331,"22":0.007331,"23":0.007331,"24":0.014662,"25":0.014662,"26":0.014662,"27":0.014662,"28":0.021993,"29":0.021993,"30":0.021993,"31":0.029324,"32":0.021993,"33":0.036655,"34":0.029324,"35":0.036655,"36":0.043986,"37":0.065979,"38":0.131958,"39":0.095303,"40":0.087972,"41":0.109965,"42":0.117296,"43":0.329895,"44":0.175944,"45":0.403205,"46":4.655185,"47":8.760545,"48":0.241923,"49":0.014662,"50":null},"chrome":{"4":null,"5":null,"6":null,"7":null,"8":null,"9":null,"10":0.014662,"11":0.036655,"12":0.014662,"13":null,"14":0.007331,"15":null,"16":null,"17":null,"18":0.029324,"19":null,"20":null,"21":null,"22":0.07331,"23":null,"24":null,"25":0.014662,"26":0.065979,"27":0.014662,"28":0.007331,"29":0.417867,"30":0.014662,"31":0.058648,"32":0.021993,"33":0.051317,"34":0.117296,"35":0.021993,"36":0.043986,"37":0.036655,"38":0.058648,"39":0.095303,"40":0.058648,"41":0.029324,"42":0.043986,"43":0.117296,"44":0.131958,"45":0.131958,"46":0.124627,"47":0.307902,"48":0.300571,"49":5.505581,"50":9.757561,"51":29.25069,"52":0.161282,"53":0.175944,"54":null},"opera":{"9":null,"9.5-9.6":null,"10.0-10.1":0,"10.5":null,"10.6":null,"11":null,"11.1":null,"11.5":null,"11.6":0.021993,"12":0.014662,"12.1":0.329895,"15":null,"16":null,"17":null,"18":null,"19":null,"20":0.014662,"21":null,"22":null,"23":null,"24":null,"25":null,"26":0.014662,"27":null,"28":0.014662,"29":0.014662,"30":0.021993,"31":0.014662,"32":0.014662,"33":0.021993,"34":0.021993,"35":0.051317,"36":0.322564,"37":0.901713,"38":1.788764,"39":0.014662,"40":null},"safari":{"3.1":null,"3.2":null,"4":0.007331,"5":0.014662,"5.1":0.043986,"6":null,"6.1":0.014662,"7":0.007331,"7.1":null,"8":0.051317,"9":0.095303,"9.1":0.395874,"10":null,"0":null},"ios_saf":{"3.2":0,"4.0-4.1":0,"4.2-4.3":0,"5.0-5.1":0,"6.0-6.1":0,"7.0-7.1":0.0720987699928,"8":0,"8.1-8.4":0.14448028026,"9.0-9.2":0.311862522753,"9.3":2.21159442699},"android":{"2.1":0,"2.2":0,"2.3":0.0145604180857,"3":0,"4":0.0958560857311,"4.1":0.334889615972,"4.2-4.3":0.707393645332,"4.4":1.86494688315,"4.4.3-4.4.4":1.11508535173,"50":null},"op_mob":{"10":0,"11":0,"11.1":0,"11.5":0,"12":0,"12.1":0.00175325714286,"0":0.0771433142857},"ie":{"5.5":null,"6":0.0300530497238,"7":0.00751326243094,"8":0.420742696133,"9":0.225397872928,"10":0.150265248619,"11":1.88582887017},"bb":{"7":0.01334,"10":null},"ie_mob":{"10":0.313207030303,"11":0.879388969697},"edge":{"12":0.087972,"13":0.65979,"14":null},"and_ff":{"0":0.018676},"and_uc":{"0":0.09338},"op_mini":{"5.0-8.0":1.08701942857},"and_chr":{"0":16.643442},"samsung":{"0":1.317992}},"total":98.098915}