{"id":"RU","name":"Russian Federation","month":"2016-06","access_date":"2016-07-06","data":{"firefox":{"2":0.024882,"3":0.08294,"3.5":0.107822,"3.6":0.389818,"4":0.033176,"5":0.016588,"6":0.04147,"7":0.008294,"8":0.033176,"9":0.024882,"10":0.024882,"11":0.024882,"12":0.049764,"13":0.016588,"14":0.024882,"15":0.04147,"16":0.033176,"17":0.033176,"18":0.024882,"19":0.033176,"20":0.024882,"21":0.058058,"22":0.04147,"23":0.04147,"24":0.074646,"25":1.642212,"26":0.132704,"27":0.016588,"28":0.033176,"29":0.024882,"30":0.033176,"31":0.058058,"32":0.033176,"33":0.074646,"34":0.099528,"35":0.066352,"36":0.058058,"37":0.049764,"38":0.174174,"39":0.058058,"40":0.074646,"41":0.074646,"42":0.116116,"43":0.240526,"44":0.140998,"45":0.273702,"46":2.69555,"47":4.346056,"48":0.033176,"49":null,"50":null},"chrome":{"4":0.024882,"5":0.016588,"6":0.016588,"7":0.016588,"8":0.016588,"9":0.016588,"10":0.024882,"11":0.04147,"12":0.04147,"13":0.024882,"14":0.04147,"15":0.049764,"16":0.04147,"17":0.091234,"18":0.058058,"19":0.04147,"20":0.049764,"21":0.116116,"22":0.074646,"23":0.049764,"24":0.132704,"25":0.049764,"26":0.074646,"27":0.091234,"28":0.174174,"29":1.53439,"30":0.058058,"31":3.010722,"32":0.049764,"33":0.058058,"34":0.04147,"35":0.058058,"36":0.049764,"37":0.04147,"38":0.058058,"39":0.107822,"40":0.116116,"41":0.132704,"42":0.08294,"43":0.340054,"44":0.12441,"45":0.24882,"46":0.215644,"47":0.464464,"48":0.62205,"49":2.662374,"50":8.04518,"51":19.03473,"52":0.099528,"53":0.215644,"54":null},"opera":{"9":null,"9.5-9.6":0.008294,"10.0-10.1":0.024882,"10.5":0.016588,"10.6":0.058058,"11":0.024882,"11.1":0.033176,"11.5":0.058058,"11.6":0.190762,"12":0.24882,"12.1":2.438436,"15":0.024882,"16":0.04147,"17":0.074646,"18":0.66352,"19":0.016588,"20":0.033176,"21":0.016588,"22":0.016588,"23":0.008294,"24":0.016588,"25":0.024882,"26":0.024882,"27":0.091234,"28":0.12441,"29":0.058058,"30":0.04147,"31":0.033176,"32":0.033176,"33":0.049764,"34":0.066352,"35":0.107822,"36":0.563992,"37":1.592448,"38":2.720432,"39":0.016588,"40":null},"safari":{"3.1":0.008294,"3.2":null,"4":0.058058,"5":0.091234,"5.1":0.091234,"6":0.024882,"6.1":0.04147,"7":0.04147,"7.1":0.016588,"8":0.140998,"9":0.265408,"9.1":1.20263,"10":null,"0":null},"ios_saf":{"3.2":0,"4.0-4.1":0,"4.2-4.3":0,"5.0-5.1":0,"6.0-6.1":0,"7.0-7.1":0.102528998039,"8":0,"8.1-8.4":0.205460070581,"9.0-9.2":0.443488175833,"9.3":3.14502675555},"android":{"2.1":0,"2.2":0,"2.3":0.00564392483852,"3":0,"4":0.0371558385203,"4.1":0.129810271286,"4.2-4.3":0.274200681738,"4.4":0.7228927064,"4.4.3-4.4.4":0.432230577217,"50":null},"op_mob":{"10":0,"11":0,"11.1":0,"11.5":0,"12":0,"12.1":0.00220369022556,"0":0.0969623699248},"ie":{"5.5":null,"6":0.0683186185567,"7":0.0512389639175,"8":1.08455806959,"9":0.845442904639,"10":0.947920832474,"11":3.60380712887},"bb":{"7":0.0166335,"10":null},"ie_mob":{"10":0.132171919192,"11":0.371098080808},"edge":{"12":0.08294,"13":0.796224,"14":null},"and_ff":{"0":0.032414},"and_uc":{"0":1.008246},"op_mini":{"5.0-8.0":1.36628793985},"and_chr":{"0":7.763744},"samsung":{"0":0.86153}},"total":86.884944018}