{"id":"RW","name":"Rwanda","month":"2016-06","access_date":"2016-07-06","data":{"firefox":{"2":0.002025,"3":0.11745,"3.5":0.00405,"3.6":0.042525,"4":0.038475,"5":0.010125,"6":0.022275,"7":0.00405,"8":0.0243,"9":0.0081,"10":0.0243,"11":0.026325,"12":0.04455,"13":0.026325,"14":0.034425,"15":0.0162,"16":0.05265,"17":0.0081,"18":0.018225,"19":0.018225,"20":0.050625,"21":0.0729,"22":0.014175,"23":0.022275,"24":0.0081,"25":0.0162,"26":0.002025,"27":0.0162,"28":0.010125,"29":0.046575,"30":0.034425,"31":0.0324,"32":0.030375,"33":0.018225,"34":0.034425,"35":0.06885,"36":0.0243,"37":0.030375,"38":0.054675,"39":0.054675,"40":0.087075,"41":0.034425,"42":0.034425,"43":0.330075,"44":0.176175,"45":0.19035,"46":2.140425,"47":3.347325,"48":0.3159,"49":0.006075,"50":null},"chrome":{"4":null,"5":0.002025,"6":null,"7":null,"8":null,"9":0.00405,"10":null,"11":0.014175,"12":null,"13":null,"14":null,"15":0.002025,"16":0.00405,"17":null,"18":null,"19":null,"20":0.00405,"21":null,"22":0.00405,"23":0.0081,"24":null,"25":0.010125,"26":0.006075,"27":null,"28":0.00405,"29":0.02025,"30":null,"31":0.00405,"32":0.0162,"33":0.022275,"34":0.00405,"35":0.00405,"36":0.026325,"37":null,"38":0.010125,"39":0.006075,"40":0.026325,"41":0.006075,"42":0.0081,"43":0.232875,"44":0.018225,"45":0.243,"46":0.03645,"47":0.107325,"48":0.08505,"49":0.326025,"50":1.958175,"51":5.2326,"52":0.0729,"53":0.091125,"54":null},"opera":{"9":null,"9.5-9.6":null,"10.0-10.1":0,"10.5":null,"10.6":null,"11":null,"11.1":null,"11.5":null,"11.6":0.070875,"12":null,"12.1":0.0243,"15":0.00405,"16":null,"17":0.002025,"18":null,"19":0.002025,"20":null,"21":null,"22":null,"23":null,"24":null,"25":null,"26":null,"27":null,"28":0.0081,"29":0.014175,"30":0.00405,"31":null,"32":0.00405,"33":0.010125,"34":0.02025,"35":0.02025,"36":0.018225,"37":0.172125,"38":0.297675,"39":null,"40":null},"safari":{"3.1":null,"3.2":null,"4":0.002025,"5":0.00405,"5.1":0.0243,"6":0.00405,"6.1":0.002025,"7":0.0081,"7.1":0.006075,"8":0.1458,"9":0.095175,"9.1":0.269325,"10":null,"0":null},"ios_saf":{"3.2":0,"4.0-4.1":0,"4.2-4.3":0,"5.0-5.1":0,"6.0-6.1":0,"7.0-7.1":0.0216142167991,"8":0,"8.1-8.4":0.0433131952327,"9.0-9.2":0.0934920828604,"9.3":0.663005505108},"android":{"2.1":0,"2.2":0,"2.3":0.00716485613623,"3":0,"4":0.0471686362302,"4.1":0.164791691133,"4.2-4.3":0.348092593952,"4.4":0.917698656782,"4.4.3-4.4.4":0.548708565766,"50":null},"op_mob":{"10":0,"11":0,"11.1":0,"11.5":0,"12":0,"12.1":0.10108462406,"0":4.44772345865},"ie":{"5.5":null,"6":0.00414174757282,"7":null,"8":0.273355339806,"9":0.0683388349515,"10":0.115968932039,"11":0.817995145631},"bb":{"7":0.071775,"10":null},"ie_mob":{"10":0.127761111111,"11":0.358713888889},"edge":{"12":0.095175,"13":0.220725,"14":null},"and_ff":{"0":0.01595},"and_uc":{"0":3.006575},"op_mini":{"5.0-8.0":62.6724669173},"and_chr":{"0":5.291125},"samsung":{"0":0.638}},"total":98.88245}