{"id":"SA","name":"Saudi Arabia","month":"2016-06","access_date":"2016-07-06","data":{"firefox":{"2":null,"3":0.019425,"3.5":0.003885,"3.6":0.011655,"4":null,"5":null,"6":0.00777,"7":null,"8":null,"9":null,"10":0.003885,"11":0.003885,"12":0.003885,"13":null,"14":null,"15":null,"16":0.003885,"17":null,"18":0.011655,"19":null,"20":null,"21":null,"22":0.003885,"23":0.003885,"24":null,"25":null,"26":0.003885,"27":0.003885,"28":0.00777,"29":0.003885,"30":0.011655,"31":0.02331,"32":0.00777,"33":0.00777,"34":0.011655,"35":0.019425,"36":0.01554,"37":0.011655,"38":0.02331,"39":0.027195,"40":0.02331,"41":0.03108,"42":0.03108,"43":0.11655,"44":0.073815,"45":0.112665,"46":1.25874,"47":1.853145,"48":0.09324,"49":null,"50":null},"chrome":{"4":null,"5":0.003885,"6":null,"7":null,"8":null,"9":null,"10":null,"11":0.011655,"12":0.003885,"13":null,"14":null,"15":null,"16":null,"17":null,"18":null,"19":null,"20":null,"21":0.00777,"22":0.02331,"23":0.003885,"24":0.003885,"25":0.011655,"26":0.011655,"27":0.01554,"28":0.00777,"29":0.29526,"30":0.011655,"31":0.073815,"32":0.01554,"33":0.135975,"34":0.034965,"35":0.019425,"36":0.027195,"37":0.019425,"38":0.034965,"39":0.050505,"40":0.03885,"41":0.03108,"42":0.050505,"43":0.726495,"44":0.08547,"45":0.22533,"46":0.104895,"47":0.2331,"48":0.221445,"49":1.35975,"50":6.421905,"51":15.644895,"52":0.128205,"53":0.167055,"54":null},"opera":{"9":null,"9.5-9.6":null,"10.0-10.1":0,"10.5":null,"10.6":null,"11":null,"11.1":null,"11.5":null,"11.6":null,"12":null,"12.1":0.011655,"15":null,"16":null,"17":null,"18":null,"19":null,"20":null,"21":null,"22":null,"23":null,"24":null,"25":null,"26":null,"27":0.003885,"28":null,"29":null,"30":null,"31":null,"32":null,"33":0.003885,"34":0.00777,"35":0.02331,"36":0.02331,"37":0.027195,"38":0.00777,"39":null,"40":null},"safari":{"3.1":null,"3.2":null,"4":0.003885,"5":0.00777,"5.1":0.03108,"6":0.00777,"6.1":0.02331,"7":0.03885,"7.1":0.011655,"8":0.205905,"9":0.27195,"9.1":0.959595,"10":null,"0":null},"ios_saf":{"3.2":0,"4.0-4.1":0,"4.2-4.3":0,"5.0-5.1":0,"6.0-6.1":0,"7.0-7.1":0.418190658859,"8":0,"8.1-8.4":0.838021281086,"9.0-9.2":1.80887959499,"9.3":12.8277934651},"android":{"2.1":0,"2.2":0,"2.3":0.017795619495,"3":0,"4":0.117154495009,"4.1":0.409299248385,"4.2-4.3":0.864570513799,"4.4":2.27932226365,"4.4.3-4.4.4":1.36284785966,"50":null},"op_mob":{"10":0,"11":0,"11.1":0,"11.5":0,"12":0,"12.1":0.00010115037594,"0":0.00445061654135},"ie":{"5.5":null,"6":0.0117848607242,"7":0.00785657381616,"8":0.361402395543,"9":0.353545821727,"10":0.373187256267,"11":3.12298809192},"bb":{"7":0.055035,"10":null},"ie_mob":{"10":0.0465728282828,"11":0.130762171717},"edge":{"12":0.120435,"13":0.819735,"14":0.003885},"and_ff":{"0":0.02446},"and_uc":{"0":8.897325},"op_mini":{"5.0-8.0":0.0627132330827},"and_chr":{"0":26.362525},"samsung":{"0":4.947035}},"total":98.43286}