{"id":"SB","name":"Solomon Islands","month":"2016-06","access_date":"2016-07-06","data":{"firefox":{"2":0.004852,"3":0.140708,"3.5":null,"3.6":0.007278,"4":0.026686,"5":0.009704,"6":0.014556,"7":0.007278,"8":null,"9":0.002426,"10":0.002426,"11":0.009704,"12":0.002426,"13":null,"14":null,"15":0.026686,"16":0.041242,"17":null,"18":null,"19":0.019408,"20":null,"21":0.007278,"22":0.021834,"23":0.004852,"24":0.01213,"25":0.009704,"26":0.02426,"27":0.002426,"28":null,"29":0.004852,"30":0.004852,"31":null,"32":0.009704,"33":0.014556,"34":0.01213,"35":0.007278,"36":0.002426,"37":0.016982,"38":0.043668,"39":0.009704,"40":0.009704,"41":0.041242,"42":0.016982,"43":0.225618,"44":0.067928,"45":0.080058,"46":0.917028,"47":1.16448,"48":0.378456,"49":null,"50":null},"chrome":{"4":null,"5":null,"6":null,"7":null,"8":0.021834,"9":null,"10":null,"11":0.026686,"12":null,"13":null,"14":null,"15":null,"16":null,"17":null,"18":0.007278,"19":null,"20":0.002426,"21":null,"22":0.019408,"23":null,"24":null,"25":null,"26":0.004852,"27":0.03639,"28":null,"29":null,"30":null,"31":0.002426,"32":0.046094,"33":0.02426,"34":0.004852,"35":null,"36":0.01213,"37":0.004852,"38":0.009704,"39":0.04852,"40":0.033964,"41":0.004852,"42":0.06065,"43":0.041242,"44":0.02426,"45":0.1213,"46":0.162542,"47":0.016982,"48":0.07278,"49":0.213488,"50":2.290144,"51":5.659858,"52":0.007278,"53":0.014556,"54":null},"opera":{"9":null,"9.5-9.6":null,"10.0-10.1":0,"10.5":null,"10.6":null,"11":null,"11.1":null,"11.5":null,"11.6":null,"12":null,"12.1":null,"15":null,"16":null,"17":null,"18":null,"19":0.135856,"20":0.002426,"21":null,"22":null,"23":null,"24":null,"25":null,"26":0.002426,"27":0.101892,"28":null,"29":0.349344,"30":null,"31":null,"32":null,"33":0.02426,"34":0.065502,"35":0.077632,"36":null,"37":0.065502,"38":0.329936,"39":null,"40":null},"safari":{"3.1":null,"3.2":null,"4":0.004852,"5":null,"5.1":0.041242,"6":0.009704,"6.1":null,"7":0.002426,"7.1":0.02426,"8":0.177098,"9":0.031538,"9.1":0.342066,"10":null,"0":null},"ios_saf":{"3.2":0,"4.0-4.1":0,"4.2-4.3":0,"5.0-5.1":0,"6.0-6.1":0,"7.0-7.1":0.0350759591373,"8":0,"8.1-8.4":0.0702894710556,"9.0-9.2":0.151720717367,"9.3":1.07593785244},"android":{"2.1":0,"2.2":0,"2.3":0.0128086435702,"3":0,"4":0.0843235701703,"4.1":0.294598802114,"4.2-4.3":0.622286600117,"4.4":1.64057376395,"4.4.3-4.4.4":0.980928620082,"50":null},"op_mob":{"10":0,"11":0,"11.1":0,"11.5":0,"12":0,"12.1":0.0406376421053,"0":1.78805625263},"ie":{"5.5":null,"6":0.0024269841785,"7":0.0218428576065,"8":0.400452389452,"9":0.189304765923,"10":0.495104772414,"11":4.87338423043},"bb":{"7":0,"10":null},"ie_mob":{"10":0.650445939394,"11":1.82625206061},"edge":{"12":0.104318,"13":0.295972,"14":null},"and_ff":{"0":0.015148},"and_uc":{"0":24.668518},"op_mini":{"5.0-8.0":25.1953381053},"and_chr":{"0":16.223918},"samsung":{"0":1.878352}},"total":97.847098}