{"id":"SC","name":"Seychelles","month":"2016-06","access_date":"2016-07-06","data":{"firefox":{"2":null,"3":0.011584,"3.5":0.005792,"3.6":0.063712,"4":null,"5":0.133216,"6":0.040544,"7":null,"8":null,"9":null,"10":null,"11":0.017376,"12":0.011584,"13":0.011584,"14":0.011584,"15":0.011584,"16":0.02896,"17":0.1448,"18":0.011584,"19":null,"20":null,"21":0.034752,"22":0.005792,"23":null,"24":0.023168,"25":0.341728,"26":0.330144,"27":0.324352,"28":0.254848,"29":0.388064,"30":0.399648,"31":0.2896,"32":0.312768,"33":0.34752,"34":0.312768,"35":0.417024,"36":0.411232,"37":0.399648,"38":0.724,"39":0.718208,"40":0.46336,"41":0.469152,"42":0.596576,"43":0.561824,"44":0.301184,"45":3.000256,"46":8.850176,"47":2.681696,"48":0.254848,"49":null,"50":null},"chrome":{"4":null,"5":null,"6":null,"7":null,"8":null,"9":null,"10":null,"11":0.005792,"12":0.052128,"13":null,"14":null,"15":0.005792,"16":0.005792,"17":null,"18":0.011584,"19":null,"20":0.005792,"21":0.017376,"22":0.005792,"23":null,"24":0.005792,"25":null,"26":null,"27":null,"28":0.005792,"29":0.02896,"30":null,"31":0.023168,"32":0.011584,"33":0.017376,"34":0.011584,"35":0.011584,"36":0.081088,"37":null,"38":0.005792,"39":0.081088,"40":0.011584,"41":0.017376,"42":0.092672,"43":0.156384,"44":0.075296,"45":0.335936,"46":0.017376,"47":0.469152,"48":0.127424,"49":4.042816,"50":5.41552,"51":10.88896,"52":0.139008,"53":0.104256,"54":null},"opera":{"9":null,"9.5-9.6":null,"10.0-10.1":0,"10.5":null,"10.6":null,"11":null,"11.1":null,"11.5":null,"11.6":null,"12":null,"12.1":0.052128,"15":null,"16":null,"17":null,"18":null,"19":null,"20":null,"21":null,"22":null,"23":null,"24":null,"25":0.017376,"26":0.005792,"27":null,"28":null,"29":null,"30":0.005792,"31":0.02896,"32":0.017376,"33":null,"34":0.005792,"35":null,"36":0.034752,"37":0.121632,"38":0.150592,"39":null,"40":null},"safari":{"3.1":null,"3.2":null,"4":0,"5":0.011584,"5.1":0.02896,"6":null,"6.1":0.017376,"7":0.023168,"7.1":0.005792,"8":0.283808,"9":0.208512,"9.1":0.602368,"10":0.011584,"0":null},"ios_saf":{"3.2":0,"4.0-4.1":0,"4.2-4.3":0,"5.0-5.1":0,"6.0-6.1":0,"7.0-7.1":0.0867880961717,"8":0,"8.1-8.4":0.173916537819,"9.0-9.2":0.375401059127,"9.3":2.66218230688},"android":{"2.1":0,"2.2":0,"2.3":0.0169119917792,"3":0,"4":0.111337279213,"4.1":0.388975810922,"4.2-4.3":0.82164093394,"4.4":2.16614428039,"4.4.3-4.4.4":1.29517670376,"50":null},"op_mob":{"10":0,"11":0,"11.1":0,"11.5":0,"12":0,"12.1":0.00766116842105,"0":0.337091410526},"ie":{"5.5":null,"6":0.0232210767468,"7":0.0116105383734,"8":1.39326460481,"9":0.301873997709,"10":0.307679266896,"11":3.03035051546},"bb":{"7":0.067312,"10":null},"ie_mob":{"10":0.29279020202,"11":0.82206479798},"edge":{"12":0.243264,"13":0.886176,"14":null},"and_ff":{"0":0.008414},"and_uc":{"0":6.638646},"op_mini":{"5.0-8.0":4.74992442105},"and_chr":{"0":19.968419},"samsung":{"0":3.474982}},"total":98.30242}