{"id":"SD","name":"Sudan","month":"2016-06","access_date":"2016-07-06","data":{"firefox":{"2":null,"3":0.261972,"3.5":0.006894,"3.6":0.035619,"4":0.016086,"5":0.01149,"6":0.014937,"7":0.004596,"8":0.017235,"9":0.017235,"10":0.013788,"11":0.012639,"12":0.027576,"13":0.008043,"14":0.018384,"15":0.016086,"16":0.026427,"17":0.017235,"18":0.021831,"19":0.020682,"20":0.01149,"21":0.02298,"22":0.008043,"23":0.009192,"24":0.016086,"25":0.013788,"26":0.013788,"27":0.012639,"28":0.006894,"29":0.031023,"30":0.031023,"31":0.019533,"32":0.021831,"33":0.040215,"34":0.03447,"35":0.041364,"36":0.037917,"37":0.029874,"38":0.052854,"39":0.051705,"40":0.040215,"41":0.060897,"42":0.054003,"43":0.319422,"44":0.157413,"45":0.180393,"46":1.120275,"47":1.778652,"48":0.20682,"49":0.001149,"50":0.001149},"chrome":{"4":0.008043,"5":0.013788,"6":0.006894,"7":0.002298,"8":0.008043,"9":0.025278,"10":0.013788,"11":0.050556,"12":0.008043,"13":0.004596,"14":0.003447,"15":0.003447,"16":0.008043,"17":0.01149,"18":0.009192,"19":0.013788,"20":0.006894,"21":0.003447,"22":0.041364,"23":0.035619,"24":0.016086,"25":0.021831,"26":0.035619,"27":0.040215,"28":0.04596,"29":0.095367,"30":0.040215,"31":0.134433,"32":0.025278,"33":0.101112,"34":0.027576,"35":0.029874,"36":0.025278,"37":0.02298,"38":0.036768,"39":0.065493,"40":0.071238,"41":0.039066,"42":0.04596,"43":0.419385,"44":0.166605,"45":0.26427,"46":0.095367,"47":0.128688,"48":0.242439,"49":0.290697,"50":0.440067,"51":0.376872,"52":0.010341,"53":0.006894,"54":null},"opera":{"9":null,"9.5-9.6":null,"10.0-10.1":0,"10.5":null,"10.6":0.009192,"11":0.003447,"11.1":0.001149,"11.5":0.050556,"11.6":0.008043,"12":0.006894,"12.1":0.055152,"15":0.002298,"16":0.001149,"17":0.001149,"18":0.003447,"19":0.008043,"20":0.003447,"21":0.002298,"22":0.002298,"23":null,"24":0.002298,"25":0.001149,"26":0.004596,"27":0.009192,"28":0.006894,"29":0.006894,"30":0.004596,"31":0.002298,"32":0.003447,"33":0.010341,"34":0.035619,"35":0.025278,"36":0.043662,"37":0.125241,"38":0.290697,"39":0.003447,"40":null},"safari":{"3.1":null,"3.2":null,"4":0,"5":0.003447,"5.1":0.010341,"6":null,"6.1":0.001149,"7":0.005745,"7.1":0.001149,"8":0.010341,"9":0.009192,"9.1":0.042513,"10":null,"0":null},"ios_saf":{"3.2":0,"4.0-4.1":0,"4.2-4.3":0,"5.0-5.1":0,"6.0-6.1":0,"7.0-7.1":0.0302731916211,"8":0,"8.1-8.4":0.0606651016407,"9.0-9.2":0.130946393561,"9.3":0.928615313177},"android":{"2.1":0,"2.2":0,"2.3":0.0335811509102,"3":0,"4":0.221075910159,"4.1":0.772366470934,"4.2-4.3":1.63148424839,"4.4":4.30118574574,"4.4.3-4.4.4":2.57175647387,"50":null},"op_mob":{"10":0,"11":0,"11.1":0,"11.5":0,"12":0,"12.1":0.0674330075188,"0":2.96705233083},"ie":{"5.5":null,"6":0.00582369863014,"7":0.00582369863014,"8":0.292349671233,"9":0.0931791780822,"10":0.0885202191781,"11":0.704667534247},"bb":{"7":0.0066375,"10":null},"ie_mob":{"10":0.0395121212121,"11":0.110937878788},"edge":{"12":0.059748,"13":0.093069,"14":null},"and_ff":{"0":0.0531},"and_uc":{"0":16.4256},"op_mini":{"5.0-8.0":41.8084646617},"and_chr":{"0":12.519537},"samsung":{"0":3.2745}},"total":98.7518775}