{"id":"SE","name":"Sweden","month":"2016-06","access_date":"2016-07-06","data":{"firefox":{"2":null,"3":null,"3.5":null,"3.6":0.011504,"4":null,"5":null,"6":null,"7":null,"8":null,"9":null,"10":null,"11":0.005752,"12":null,"13":null,"14":null,"15":null,"16":0.011504,"17":0.023008,"18":null,"19":null,"20":null,"21":null,"22":null,"23":null,"24":0.011504,"25":null,"26":0.017256,"27":null,"28":0.005752,"29":0.005752,"30":0.011504,"31":0.023008,"32":null,"33":0.011504,"34":0.08628,"35":0.023008,"36":0.011504,"37":0.02876,"38":0.103536,"39":0.040264,"40":0.02876,"41":0.040264,"42":0.08628,"43":0.11504,"44":0.109288,"45":0.276096,"46":2.479112,"47":4.492312,"48":0.02876,"49":null,"50":null},"chrome":{"4":null,"5":null,"6":null,"7":null,"8":null,"9":null,"10":null,"11":0.011504,"12":null,"13":null,"14":null,"15":null,"16":null,"17":null,"18":null,"19":null,"20":null,"21":null,"22":0.023008,"23":0.005752,"24":0.005752,"25":0.011504,"26":0.005752,"27":null,"28":0.005752,"29":0.299104,"30":null,"31":0.092032,"32":0.011504,"33":0.023008,"34":0.034512,"35":0.034512,"36":0.017256,"37":0.120792,"38":0.02876,"39":0.074776,"40":0.046016,"41":0.02876,"42":0.02876,"43":0.069024,"44":0.063272,"45":0.092032,"46":0.103536,"47":0.109288,"48":0.270344,"49":1.530032,"50":7.552376,"51":18.642232,"52":0.069024,"53":0.034512,"54":null},"opera":{"9":null,"9.5-9.6":null,"10.0-10.1":0,"10.5":null,"10.6":null,"11":null,"11.1":null,"11.5":null,"11.6":null,"12":null,"12.1":0.040264,"15":null,"16":null,"17":null,"18":null,"19":null,"20":null,"21":null,"22":null,"23":null,"24":null,"25":null,"26":null,"27":null,"28":0.005752,"29":null,"30":null,"31":null,"32":null,"33":null,"34":null,"35":null,"36":0.023008,"37":0.161056,"38":0.224328,"39":null,"40":null},"safari":{"3.1":null,"3.2":null,"4":0.011504,"5":0.040264,"5.1":0.1438,"6":0.023008,"6.1":0.1438,"7":0.103536,"7.1":0.034512,"8":0.454408,"9":0.736256,"9.1":3.169352,"10":null,"0":null},"ios_saf":{"3.2":0,"4.0-4.1":0,"4.2-4.3":0,"5.0-5.1":0,"6.0-6.1":0,"7.0-7.1":0.553952806212,"8":0,"8.1-8.4":1.11007797637,"9.0-9.2":2.39611743236,"9.3":16.9922307851},"android":{"2.1":0,"2.2":0,"2.3":0.00486297709924,"3":0,"4":0.0320145992366,"4.1":0.111848473282,"4.2-4.3":0.236259637405,"4.4":0.622866316794,"4.4.3-4.4.4":0.372422996183,"50":null},"op_mob":{"10":0,"11":0,"11.1":0,"11.5":0,"12":0,"12.1":0.000249072180451,"0":0.0109591759398},"ie":{"5.5":null,"6":null,"7":0.0115174314069,"8":0.161244039696,"9":0.345522942207,"10":0.397351383538,"11":8.94904420315},"bb":{"7":0.0063705,"10":null},"ie_mob":{"10":0.0892298989899,"11":0.25053010101},"edge":{"12":0.17256,"13":3.13484,"14":0.011504},"and_ff":{"0":0.059458},"and_uc":{"0":0.101928},"op_mini":{"5.0-8.0":0.15442475188},"and_chr":{"0":14.71604},"samsung":{"0":5.121882}},"total":98.9739575}