{"id":"SG","name":"Singapore","month":"2016-06","access_date":"2016-07-06","data":{"firefox":{"2":0.010106,"3":0.010106,"3.5":null,"3.6":0.010106,"4":0.005053,"5":null,"6":0.020212,"7":null,"8":null,"9":null,"10":0.005053,"11":null,"12":0.005053,"13":null,"14":null,"15":0.005053,"16":0.020212,"17":0.015159,"18":null,"19":null,"20":0.005053,"21":0.005053,"22":null,"23":null,"24":0.010106,"25":null,"26":null,"27":null,"28":null,"29":0.005053,"30":0.005053,"31":0.025265,"32":0.005053,"33":0.010106,"34":0.055583,"35":0.015159,"36":0.015159,"37":0.025265,"38":0.075795,"39":0.035371,"40":0.025265,"41":0.035371,"42":0.055583,"43":0.106113,"44":0.070742,"45":0.15159,"46":1.723073,"47":2.870104,"48":0.05053,"49":null,"50":null},"chrome":{"4":null,"5":null,"6":null,"7":null,"8":null,"9":null,"10":null,"11":0.025265,"12":null,"13":null,"14":null,"15":null,"16":null,"17":null,"18":null,"19":null,"20":null,"21":0.010106,"22":0.015159,"23":0.005053,"24":null,"25":null,"26":0.015159,"27":0.015159,"28":0.005053,"29":0.732685,"30":0.010106,"31":0.045477,"32":0.010106,"33":0.05053,"34":0.045477,"35":0.035371,"36":0.025265,"37":0.020212,"38":0.030318,"39":0.070742,"40":0.035371,"41":0.060636,"42":0.080848,"43":0.146537,"44":0.15159,"45":0.313286,"46":0.186961,"47":0.242544,"48":0.242544,"49":1.687702,"50":7.665401,"51":18.655676,"52":0.090954,"53":0.065689,"54":null},"opera":{"9":null,"9.5-9.6":null,"10.0-10.1":0,"10.5":null,"10.6":null,"11":null,"11.1":null,"11.5":null,"11.6":null,"12":null,"12.1":0.025265,"15":null,"16":null,"17":null,"18":null,"19":null,"20":null,"21":null,"22":null,"23":null,"24":null,"25":null,"26":null,"27":null,"28":0.010106,"29":null,"30":null,"31":null,"32":null,"33":null,"34":0.035371,"35":0.005053,"36":0.015159,"37":0.10106,"38":0.156643,"39":0.015159,"40":null},"safari":{"3.1":null,"3.2":null,"4":0.015159,"5":0.040424,"5.1":0.111166,"6":0.020212,"6.1":0.090954,"7":0.060636,"7.1":0.025265,"8":0.394134,"9":0.55583,"9.1":2.152578,"10":null,"0":null},"ios_saf":{"3.2":0,"4.0-4.1":0,"4.2-4.3":0,"5.0-5.1":0,"6.0-6.1":0,"7.0-7.1":0.484235290476,"8":0,"8.1-8.4":0.970369542875,"9.0-9.2":2.09455500155,"9.3":14.8536801651},"android":{"2.1":0,"2.2":0,"2.3":0.00874947974163,"3":0,"4":0.0576007416324,"4.1":0.201238034058,"4.2-4.3":0.425078890781,"4.4":1.12066253024,"4.4.3-4.4.4":0.670064323547,"50":null},"op_mob":{"10":0,"11":0,"11.1":0,"11.5":0,"12":0,"12.1":0.000691836090226,"0":0.0304407879699},"ie":{"5.5":null,"6":null,"7":0.015395859375,"8":0.384896484375,"9":0.282257421875,"10":0.323313046875,"11":5.2345921875},"bb":{"7":0.03833925,"10":null},"ie_mob":{"10":0.0402755757576,"11":0.113081424242},"edge":{"12":0.106113,"13":1.596748,"14":null},"and_ff":{"0":0.059364},"and_uc":{"0":3.586575},"op_mini":{"5.0-8.0":0.42893837594},"and_chr":{"0":19.345347},"samsung":{"0":6.337107}},"total":98.92042425}