{"id":"SH","name":"Saint Helena","month":"2016-06","access_date":"2016-07-06","data":{"firefox":{"2":null,"3":null,"3.5":null,"3.6":null,"4":null,"5":null,"6":0.016872,"7":null,"8":null,"9":null,"10":null,"11":0.067488,"12":null,"13":null,"14":null,"15":null,"16":null,"17":null,"18":null,"19":null,"20":null,"21":null,"22":null,"23":null,"24":null,"25":null,"26":null,"27":null,"28":null,"29":0.46398,"30":0.194028,"31":0.202464,"32":0.016872,"33":null,"34":null,"35":0.067488,"36":null,"37":null,"38":0.067488,"39":null,"40":0.067488,"41":0.016872,"42":null,"43":0.177156,"44":0.033744,"45":0.016872,"46":1.09668,"47":3.340656,"48":0.016872,"49":null,"50":null},"chrome":{"4":null,"5":null,"6":null,"7":null,"8":null,"9":null,"10":null,"11":null,"12":null,"13":null,"14":null,"15":null,"16":0.219336,"17":null,"18":null,"19":null,"20":null,"21":null,"22":null,"23":null,"24":null,"25":0.033744,"26":null,"27":null,"28":null,"29":null,"30":null,"31":null,"32":0.362748,"33":null,"34":null,"35":null,"36":0.016872,"37":0.016872,"38":0.480852,"39":null,"40":0.202464,"41":null,"42":null,"43":10.857132,"44":0.286824,"45":0.033744,"46":0.919524,"47":0.075924,"48":0.12654,"49":3.509376,"50":22.026396,"51":6.436668,"52":null,"53":null,"54":null},"opera":{"9":null,"9.5-9.6":null,"10.0-10.1":0,"10.5":null,"10.6":null,"11":null,"11.1":null,"11.5":null,"11.6":null,"12":null,"12.1":null,"15":null,"16":null,"17":null,"18":null,"19":null,"20":null,"21":null,"22":null,"23":null,"24":null,"25":null,"26":null,"27":null,"28":null,"29":null,"30":null,"31":null,"32":0.413364,"33":null,"34":null,"35":0.160284,"36":null,"37":null,"38":null,"39":null,"40":null},"safari":{"3.1":null,"3.2":null,"4":0,"5":null,"5.1":0.075924,"6":0.033744,"6.1":null,"7":0.016872,"7.1":0.033744,"8":0.092796,"9":0.160284,"9.1":0.345876,"10":null,"0":null},"ios_saf":{"3.2":0,"4.0-4.1":0,"4.2-4.3":0,"5.0-5.1":0,"6.0-6.1":0,"7.0-7.1":0.0637470003096,"8":0,"8.1-8.4":0.127743988856,"9.0-9.2":0.275737024868,"9.3":1.95540798597},"android":{"2.1":0,"2.2":0,"2.3":0.00548823487962,"3":0,"4":0.0361308796242,"4.1":0.126229402231,"4.2-4.3":0.266636744568,"4.4":0.702951417499,"4.4.3-4.4.4":0.420307321198,"50":null},"op_mob":{"10":0,"11":0,"11.1":0,"11.5":0,"12":0,"12.1":0,"0":0},"ie":{"5.5":null,"6":null,"7":0.0338175965104,"8":1.98678379498,"9":12.9352306652,"10":4.10883797601,"11":11.9460659673},"bb":{"7":0.005474,"10":null},"ie_mob":{"10":1.44870634343,"11":4.06752165657},"edge":{"12":0.033744,"13":0.25308,"14":null},"and_ff":{"0":null},"and_uc":{"0":0.433228},"op_mini":{"5.0-8.0":0},"and_chr":{"0":5.70016},"samsung":{"0":0.237728}},"total":99.971682}