{"id":"SI","name":"Slovenia","month":"2016-06","access_date":"2016-07-06","data":{"firefox":{"2":null,"3":0.007711,"3.5":0.030844,"3.6":0.015422,"4":0.015422,"5":0.015422,"6":0.015422,"7":0.015422,"8":0.015422,"9":0.015422,"10":0.007711,"11":0.015422,"12":0.015422,"13":0.007711,"14":0.007711,"15":null,"16":0.015422,"17":0.100243,"18":0.015422,"19":0.015422,"20":0.023133,"21":0.015422,"22":0.007711,"23":0.015422,"24":0.023133,"25":0.015422,"26":0.030844,"27":null,"28":0.023133,"29":0.015422,"30":0.023133,"31":0.061688,"32":0.030844,"33":0.053977,"34":0.030844,"35":0.046266,"36":0.038555,"37":0.053977,"38":0.146509,"39":0.107954,"40":0.061688,"41":0.131087,"42":0.100243,"43":0.316151,"44":0.177353,"45":0.370128,"46":6.253621,"47":10.87251,"48":0.061688,"49":0.015422,"50":0.015422},"chrome":{"4":null,"5":null,"6":null,"7":null,"8":null,"9":0.007711,"10":0.007711,"11":0.023133,"12":0.015422,"13":null,"14":0.007711,"15":0.007711,"16":0.007711,"17":null,"18":null,"19":0.015422,"20":0.015422,"21":0.015422,"22":0.030844,"23":0.015422,"24":0.015422,"25":0.015422,"26":0.007711,"27":null,"28":null,"29":0.909898,"30":0.030844,"31":0.07711,"32":0.023133,"33":0.038555,"34":0.092532,"35":0.046266,"36":0.07711,"37":0.030844,"38":0.038555,"39":0.100243,"40":0.046266,"41":0.038555,"42":0.030844,"43":0.069399,"44":0.069399,"45":0.115665,"46":0.061688,"47":0.115665,"48":0.215908,"49":2.868492,"50":9.584773,"51":26.279088,"52":0.138798,"53":0.084821,"54":null},"opera":{"9":null,"9.5-9.6":null,"10.0-10.1":0,"10.5":null,"10.6":null,"11":null,"11.1":null,"11.5":null,"11.6":null,"12":null,"12.1":0.084821,"15":null,"16":null,"17":null,"18":null,"19":null,"20":null,"21":null,"22":null,"23":null,"24":null,"25":null,"26":null,"27":null,"28":null,"29":null,"30":null,"31":null,"32":null,"33":null,"34":null,"35":null,"36":0.046266,"37":0.285307,"38":0.516637,"39":null,"40":null},"safari":{"3.1":null,"3.2":null,"4":0,"5":0.030844,"5.1":0.084821,"6":null,"6.1":0.084821,"7":0.015422,"7.1":0.015422,"8":0.192775,"9":0.38555,"9.1":1.580755,"10":null,"0":null},"ios_saf":{"3.2":0,"4.0-4.1":0,"4.2-4.3":0,"5.0-5.1":0,"6.0-6.1":0,"7.0-7.1":0.107632129295,"8":0,"8.1-8.4":0.215686345372,"9.0-9.2":0.46556172005,"9.3":3.30156280528},"android":{"2.1":0,"2.2":0,"2.3":0.00657264239577,"3":0,"4":0.0432698957722,"4.1":0.151170775103,"4.2-4.3":0.319320876395,"4.4":0.841845946858,"4.4.3-4.4.4":0.503354863476,"50":null},"op_mob":{"10":0,"11":0,"11.1":0,"11.5":0,"12":0,"12.1":0.000296021052632,"0":0.0130249263158},"ie":{"5.5":null,"6":0.0155253299832,"7":0.0155253299832,"8":0.395895914573,"9":0.364845254606,"10":0.489047894472,"11":7.98778227638},"bb":{"7":0.01201725,"10":null},"ie_mob":{"10":0.15990630303,"11":0.44896769697},"edge":{"12":0.15422,"13":1.788952,"14":0.007711},"and_ff":{"0":0.025179},"and_uc":{"0":0.038913},"op_mini":{"5.0-8.0":0.183533052632},"and_chr":{"0":13.855625},"samsung":{"0":2.707887}},"total":98.82261825}