{"id":"SK","name":"Slovakia (Slovak Republic)","month":"2016-06","access_date":"2016-07-06","data":{"firefox":{"2":null,"3":0.015568,"3.5":0.015568,"3.6":0.046704,"4":0.007784,"5":null,"6":null,"7":0.007784,"8":null,"9":0.015568,"10":0.015568,"11":0.015568,"12":0.031136,"13":null,"14":null,"15":null,"16":0.015568,"17":0.031136,"18":null,"19":null,"20":0.007784,"21":0.015568,"22":0.015568,"23":null,"24":0.031136,"25":null,"26":0.015568,"27":0.007784,"28":0.031136,"29":0.015568,"30":0.023352,"31":0.03892,"32":0.023352,"33":0.07784,"34":0.046704,"35":0.054488,"36":0.07784,"37":0.03892,"38":0.202384,"39":0.163464,"40":0.062272,"41":0.085624,"42":0.280224,"43":0.27244,"44":0.186816,"45":0.848456,"46":6.522992,"47":9.955736,"48":0.054488,"49":0.007784,"50":0.015568},"chrome":{"4":null,"5":null,"6":null,"7":null,"8":null,"9":null,"10":null,"11":0.054488,"12":0.015568,"13":null,"14":null,"15":null,"16":null,"17":null,"18":null,"19":null,"20":null,"21":null,"22":0.03892,"23":null,"24":null,"25":null,"26":0.015568,"27":0.007784,"28":0.007784,"29":0.459256,"30":null,"31":0.046704,"32":0.015568,"33":0.031136,"34":0.062272,"35":0.031136,"36":0.03892,"37":0.046704,"38":0.03892,"39":0.07784,"40":0.031136,"41":0.031136,"42":0.031136,"43":0.11676,"44":0.093408,"45":0.101192,"46":0.093408,"47":0.163464,"48":0.249088,"49":3.627344,"50":10.134768,"51":26.123104,"52":0.11676,"53":0.085624,"54":null},"opera":{"9":null,"9.5-9.6":null,"10.0-10.1":0,"10.5":null,"10.6":null,"11":null,"11.1":null,"11.5":0.007784,"11.6":0.023352,"12":0.015568,"12.1":0.474824,"15":null,"16":null,"17":null,"18":null,"19":null,"20":0.015568,"21":null,"22":null,"23":null,"24":null,"25":null,"26":null,"27":null,"28":0.023352,"29":0.007784,"30":0.015568,"31":0.015568,"32":0.007784,"33":0.015568,"34":0.023352,"35":0.031136,"36":0.280224,"37":1.12868,"38":1.914864,"39":0.031136,"40":null},"safari":{"3.1":null,"3.2":null,"4":0,"5":0.03892,"5.1":0.093408,"6":0.015568,"6.1":0.046704,"7":0.085624,"7.1":0.007784,"8":0.163464,"9":0.373632,"9.1":1.696912,"10":0.007784,"0":null},"ios_saf":{"3.2":0,"4.0-4.1":0,"4.2-4.3":0,"5.0-5.1":0,"6.0-6.1":0,"7.0-7.1":0.0935710803839,"8":0,"8.1-8.4":0.187509106181,"9.0-9.2":0.404740790837,"9.3":2.8702470226},"android":{"2.1":0,"2.2":0,"2.3":0.00801400587199,"3":0,"4":0.0527588719906,"4.1":0.184322135056,"4.2-4.3":0.389347118614,"4.4":1.02646058544,"4.4.3-4.4.4":0.61373928303,"50":null},"op_mob":{"10":0,"11":0,"11.1":0,"11.5":0,"12":0,"12.1":0.00136687218045,"0":0.0601423759398},"ie":{"5.5":null,"6":0.0235056315789,"7":0.0156704210526,"8":0.423101368421,"9":0.305573210526,"10":0.250726736842,"11":4.93618263158},"bb":{"7":0.02217,"10":null},"ie_mob":{"10":0.175254969697,"11":0.492062030303},"edge":{"12":0.101192,"13":1.59572,"14":0.023352},"and_ff":{"0":0.079812},"and_uc":{"0":0.095331},"op_mini":{"5.0-8.0":0.84746075188},"and_chr":{"0":13.486293},"samsung":{"0":1.454352}},"total":98.166515}