{"id":"SL","name":"Sierra Leone","month":"2016-06","access_date":"2016-07-06","data":{"firefox":{"2":0.005637,"3":0.050733,"3.5":null,"3.6":0.015032,"4":0.015032,"5":0.009395,"6":0.005637,"7":null,"8":0.009395,"9":0.003758,"10":0.011274,"11":0.01879,"12":0.065765,"13":0.028185,"14":0.001879,"15":0.009395,"16":0.05637,"17":0.011274,"18":0.015032,"19":0.026306,"20":0.024427,"21":0.020669,"22":0.001879,"23":0.01879,"24":0.028185,"25":0.039459,"26":0.003758,"27":0.003758,"28":0.001879,"29":0.031943,"30":0.01879,"31":0.013153,"32":0.015032,"33":0.016911,"34":0.015032,"35":0.013153,"36":0.01879,"37":0.022548,"38":0.050733,"39":0.031943,"40":0.030064,"41":0.013153,"42":0.058249,"43":0.381437,"44":0.176626,"45":0.114619,"46":1.311542,"47":2.589262,"48":0.428412,"49":null,"50":null},"chrome":{"4":null,"5":null,"6":null,"7":null,"8":null,"9":null,"10":null,"11":0.016911,"12":0.003758,"13":null,"14":null,"15":0.005637,"16":0.043217,"17":null,"18":null,"19":null,"20":null,"21":null,"22":0.001879,"23":0.001879,"24":0.003758,"25":0.005637,"26":0.003758,"27":null,"28":null,"29":0.003758,"30":null,"31":0.031943,"32":0.009395,"33":0.251786,"34":0.011274,"35":null,"36":0.009395,"37":null,"38":0.005637,"39":0.003758,"40":0.005637,"41":0.001879,"42":0.067644,"43":0.217964,"44":0.028185,"45":0.650134,"46":0.024427,"47":0.148441,"48":0.152199,"49":0.22548,"50":1.429919,"51":4.5096,"52":0.063886,"53":0.016911,"54":null},"opera":{"9":null,"9.5-9.6":null,"10.0-10.1":0.003758,"10.5":null,"10.6":null,"11":0.005637,"11.1":null,"11.5":0.001879,"11.6":0.011274,"12":null,"12.1":0.009395,"15":0.001879,"16":0.016911,"17":null,"18":null,"19":0.003758,"20":null,"21":null,"22":null,"23":null,"24":0.001879,"25":null,"26":null,"27":0.003758,"28":null,"29":0.039459,"30":null,"31":null,"32":0.003758,"33":0.003758,"34":0.005637,"35":0.022548,"36":0.011274,"37":0.174747,"38":0.419017,"39":null,"40":null},"safari":{"3.1":null,"3.2":null,"4":0,"5":0.005637,"5.1":0.005637,"6":0.003758,"6.1":0.039459,"7":0.003758,"7.1":0.009395,"8":0.054491,"9":0.069523,"9.1":0.289366,"10":0.011274,"0":null},"ios_saf":{"3.2":0,"4.0-4.1":0,"4.2-4.3":0,"5.0-5.1":0,"6.0-6.1":0,"7.0-7.1":0.0305574517594,"8":0,"8.1-8.4":0.0612347366629,"9.0-9.2":0.132175958002,"9.3":0.937334853575},"android":{"2.1":0,"2.2":0,"2.3":0.00895551262478,"3":0,"4":0.0589571247798,"4.1":0.20597679037,"4.2-4.3":0.435088655021,"4.4":1.14705190869,"4.4.3-4.4.4":0.685843008514,"50":null},"op_mob":{"10":0,"11":0,"11.1":0,"11.5":0,"12":0,"12.1":0.0943012962406,"0":4.14925703459},"ie":{"5.5":null,"6":0.00377378991597,"7":0.00377378991597,"8":0.286808033613,"9":0.0603806386555,"10":0.422664470588,"11":1.42083190336},"bb":{"7":0.02233275,"10":null},"ie_mob":{"10":0.149295151515,"11":0.419174848485},"edge":{"12":0.199174,"13":0.571216,"14":null},"and_ff":{"0":0.024363},"and_uc":{"0":5.051262},"op_mini":{"5.0-8.0":58.4668036692},"and_chr":{"0":7.512885},"samsung":{"0":0.982641}},"total":98.5855093761}