{"id":"SM","name":"San Marino","month":"2016-06","access_date":"2016-07-06","data":{"firefox":{"2":null,"3":null,"3.5":null,"3.6":0.057974,"4":null,"5":null,"6":null,"7":null,"8":0.008282,"9":null,"10":null,"11":null,"12":1.308556,"13":null,"14":null,"15":null,"16":null,"17":null,"18":null,"19":null,"20":null,"21":null,"22":null,"23":null,"24":null,"25":0.049692,"26":null,"27":null,"28":null,"29":null,"30":0.074538,"31":null,"32":null,"33":0.182204,"34":0.008282,"35":0.008282,"36":0.016564,"37":0.057974,"38":0.074538,"39":0.049692,"40":0.140794,"41":0.08282,"42":0.016564,"43":0.182204,"44":0.115948,"45":0.240178,"46":8.149488,"47":9.350378,"48":0.016564,"49":null,"50":null},"chrome":{"4":null,"5":null,"6":null,"7":null,"8":null,"9":null,"10":null,"11":null,"12":null,"13":null,"14":null,"15":null,"16":null,"17":null,"18":null,"19":null,"20":null,"21":null,"22":0.016564,"23":null,"24":null,"25":null,"26":0.049692,"27":null,"28":null,"29":null,"30":null,"31":null,"32":null,"33":0.033128,"34":0.024846,"35":null,"36":0.256742,"37":null,"38":0.033128,"39":0.016564,"40":null,"41":0.04141,"42":0.016564,"43":0.099384,"44":0.04141,"45":0.173922,"46":0.074538,"47":0.223614,"48":0.447228,"49":3.875976,"50":10.824574,"51":25.972352,"52":0.033128,"53":0.04141,"54":null},"opera":{"9":null,"9.5-9.6":null,"10.0-10.1":0,"10.5":null,"10.6":null,"11":null,"11.1":null,"11.5":null,"11.6":null,"12":null,"12.1":null,"15":null,"16":null,"17":null,"18":null,"19":null,"20":null,"21":null,"22":null,"23":null,"24":null,"25":null,"26":null,"27":null,"28":null,"29":null,"30":null,"31":null,"32":null,"33":null,"34":null,"35":null,"36":null,"37":0.08282,"38":0.099384,"39":null,"40":null},"safari":{"3.1":null,"3.2":null,"4":0,"5":0.024846,"5.1":0.49692,"6":0.049692,"6.1":0.157358,"7":0.033128,"7.1":0.016564,"8":0.438946,"9":1.681246,"9.1":7.486928,"10":null,"0":null},"ios_saf":{"3.2":0,"4.0-4.1":0,"4.2-4.3":0,"5.0-5.1":0,"6.0-6.1":0,"7.0-7.1":0.183852237127,"8":0,"8.1-8.4":0.36842546342,"9.0-9.2":0.795251049221,"9.3":5.63957725023},"android":{"2.1":0,"2.2":0,"2.3":0.00351670463887,"3":0,"4":0.0231516388726,"4.1":0.0808842066941,"4.2-4.3":0.170853233705,"4.4":0.450431252496,"4.4.3-4.4.4":0.269320963594,"50":null},"op_mob":{"10":0,"11":0,"11.1":0,"11.5":0,"12":0,"12.1":3.61684210526e-5,"0":0.00159141052632},"ie":{"5.5":null,"6":null,"7":0.016564,"8":0.819918,"9":0.20705,"10":0.173922,"11":5.623478},"bb":{"7":0.0073015,"10":null},"ie_mob":{"10":0.0843728888889,"11":0.236893111111},"edge":{"12":0.099384,"13":1.61499,"14":null},"and_ff":{"0":0.018898},"and_uc":{"0":0.013744},"op_mini":{"5.0-8.0":0.0224244210526},"and_chr":{"0":7.043944},"samsung":{"0":1.965392}},"total":98.9906895}