{"id":"SN","name":"Senegal","month":"2016-06","access_date":"2016-07-06","data":{"firefox":{"2":0.010278,"3":0.041112,"3.5":0.015417,"3.6":0.061668,"4":0.020556,"5":0.010278,"6":0.010278,"7":0.005139,"8":0.010278,"9":null,"10":0.015417,"11":0.030834,"12":0.066807,"13":0.010278,"14":0.035973,"15":0.077085,"16":0.015417,"17":0.020556,"18":0.010278,"19":0.030834,"20":0.020556,"21":0.030834,"22":0.015417,"23":0.025695,"24":0.015417,"25":0.020556,"26":0.020556,"27":0.020556,"28":0.020556,"29":0.041112,"30":0.05139,"31":0.066807,"32":0.035973,"33":0.035973,"34":0.035973,"35":0.118197,"36":0.056529,"37":0.107919,"38":0.169587,"39":0.118197,"40":0.087363,"41":0.123336,"42":0.138753,"43":0.698904,"44":0.200421,"45":0.395703,"46":3.581883,"47":6.62931,"48":0.200421,"49":0.010278,"50":null},"chrome":{"4":0.010278,"5":0.030834,"6":0.035973,"7":0.005139,"8":0.010278,"9":0.015417,"10":0.035973,"11":0.113058,"12":0.066807,"13":0.015417,"14":0.020556,"15":0.010278,"16":0.025695,"17":0.035973,"18":0.010278,"19":0.015417,"20":0.005139,"21":0.005139,"22":0.010278,"23":null,"24":null,"25":0.020556,"26":0.030834,"27":0.015417,"28":0.025695,"29":0.174726,"30":0.041112,"31":0.056529,"32":0.041112,"33":0.046251,"34":0.035973,"35":0.133614,"36":0.025695,"37":0.025695,"38":0.025695,"39":0.113058,"40":0.056529,"41":0.020556,"42":0.030834,"43":0.354591,"44":0.056529,"45":0.673209,"46":0.061668,"47":0.313479,"48":0.267228,"49":2.081295,"50":5.462757,"51":16.979256,"52":0.071946,"53":0.030834,"54":null},"opera":{"9":null,"9.5-9.6":null,"10.0-10.1":0,"10.5":null,"10.6":null,"11":null,"11.1":null,"11.5":null,"11.6":0.010278,"12":null,"12.1":0.020556,"15":0.005139,"16":null,"17":null,"18":0.020556,"19":null,"20":null,"21":null,"22":null,"23":null,"24":null,"25":null,"26":null,"27":0.005139,"28":null,"29":0.015417,"30":0.025695,"31":0.015417,"32":0.005139,"33":0.010278,"34":0.025695,"35":0.030834,"36":0.087363,"37":0.318618,"38":0.626958,"39":0.010278,"40":null},"safari":{"3.1":null,"3.2":null,"4":0.015417,"5":0.025695,"5.1":0.061668,"6":0.020556,"6.1":0.030834,"7":0.030834,"7.1":0.020556,"8":0.15417,"9":0.179865,"9.1":0.549873,"10":null,"0":null},"ios_saf":{"3.2":0,"4.0-4.1":0,"4.2-4.3":0,"5.0-5.1":0,"6.0-6.1":0,"7.0-7.1":0.0908145753792,"8":0,"8.1-8.4":0.181985286348,"9.0-9.2":0.392817555464,"9.3":2.78569258281},"android":{"2.1":0,"2.2":0,"2.3":0.0406577122725,"3":0,"4":0.26766327246,"4.1":0.935127382267,"4.2-4.3":1.9752871879,"4.4":5.20757531356,"4.4.3-4.4.4":3.11370313153,"50":null},"op_mob":{"10":0,"11":0,"11.1":0,"11.5":0,"12":0,"12.1":0.00732439398496,"0":0.322273335338},"ie":{"5.5":null,"6":0.0154374469496,"7":0.0257290782493,"8":0.40651943634,"9":0.169811916446,"10":0.535164827586,"11":2.72728229443},"bb":{"7":0.07656075,"10":null},"ie_mob":{"10":0.818317434343,"11":2.29758356566},"edge":{"12":0.164448,"13":0.765711,"14":null},"and_ff":{"0":0.918729},"and_uc":{"0":1.152057},"op_mini":{"5.0-8.0":4.54112427068},"and_chr":{"0":20.196447},"samsung":{"0":3.835329}},"total":97.63325675}