{"id":"SO","name":"Somalia","month":"2016-06","access_date":"2016-07-06","data":{"firefox":{"2":null,"3":0.021686,"3.5":null,"3.6":0.018588,"4":0.003098,"5":null,"6":null,"7":null,"8":null,"9":null,"10":0.009294,"11":0.010843,"12":0.009294,"13":0.007745,"14":0.004647,"15":0.01549,"16":0.003098,"17":0.003098,"18":null,"19":0.007745,"20":null,"21":0.013941,"22":0.001549,"23":0.007745,"24":0.003098,"25":0.007745,"26":0.035627,"27":0.001549,"28":0.001549,"29":0.023235,"30":0.023235,"31":0.010843,"32":0.006196,"33":0.007745,"34":0.012392,"35":0.018588,"36":0.071254,"37":0.057313,"38":0.09294,"39":0.040274,"40":0.018588,"41":0.013941,"42":0.01549,"43":0.159547,"44":0.060411,"45":0.102234,"46":0.783794,"47":0.946439,"48":0.130116,"49":null,"50":null},"chrome":{"4":null,"5":null,"6":null,"7":null,"8":0.003098,"9":0.024784,"10":0.024784,"11":0.029431,"12":null,"13":null,"14":null,"15":null,"16":0.003098,"17":0.003098,"18":0.003098,"19":null,"20":0.018588,"21":0.013941,"22":null,"23":0.035627,"24":null,"25":0.009294,"26":0.032529,"27":0.001549,"28":0.004647,"29":0.010843,"30":0.01549,"31":0.057313,"32":0.010843,"33":0.224605,"34":0.012392,"35":0.003098,"36":0.013941,"37":0.004647,"38":0.020137,"39":0.023235,"40":0.017039,"41":0.017039,"42":0.024784,"43":1.976524,"44":0.027882,"45":0.119273,"46":0.020137,"47":0.057313,"48":0.103783,"49":0.255585,"50":2.036935,"51":5.035799,"52":0.063509,"53":0.10843,"54":null},"opera":{"9":null,"9.5-9.6":null,"10.0-10.1":0,"10.5":null,"10.6":0.003098,"11":null,"11.1":null,"11.5":null,"11.6":0.003098,"12":null,"12.1":0.003098,"15":0.003098,"16":null,"17":null,"18":null,"19":null,"20":null,"21":null,"22":null,"23":null,"24":null,"25":null,"26":null,"27":null,"28":0.004647,"29":0.001549,"30":null,"31":null,"32":null,"33":0.004647,"34":0.010843,"35":0.001549,"36":0.009294,"37":0.134763,"38":0.176586,"39":null,"40":null},"safari":{"3.1":null,"3.2":null,"4":0.001549,"5":null,"5.1":0.006196,"6":0.003098,"6.1":0.003098,"7":0.004647,"7.1":null,"8":0.029431,"9":0.032529,"9.1":0.105332,"10":null,"0":null},"ios_saf":{"3.2":0,"4.0-4.1":0,"4.2-4.3":0,"5.0-5.1":0,"6.0-6.1":0,"7.0-7.1":0.0251280120731,"8":0,"8.1-8.4":0.0503545653699,"9.0-9.2":0.108690969869,"9.3":0.770789452688},"android":{"2.1":0,"2.2":0,"2.3":0.0365631051086,"3":0,"4":0.240707108632,"4.1":0.840951417499,"4.2-4.3":1.77635752319,"4.4":4.68312437933,"4.4.3-4.4.4":2.80012446624,"50":null},"op_mob":{"10":0,"11":0,"11.1":0,"11.5":0,"12":0,"12.1":0.0486853849624,"0":2.14215693835},"ie":{"5.5":null,"6":null,"7":null,"8":0.0879744113475,"9":0.0125677730496,"10":0.0785485815603,"11":0.480717319149},"bb":{"7":0.016902,"10":null},"ie_mob":{"10":0.102094909091,"11":0.286651090909},"edge":{"12":0.072803,"13":0.142508,"14":null},"and_ff":{"0":0.016902},"and_uc":{"0":20.527479},"op_mini":{"5.0-8.0":30.1849386767},"and_chr":{"0":18.219134},"samsung":{"0":1.115532}},"total":98.6606820851}