{"id":"SR","name":"Suriname","month":"2016-06","access_date":"2016-07-06","data":{"firefox":{"2":null,"3":0.035763,"3.5":null,"3.6":null,"4":0.010218,"5":null,"6":null,"7":null,"8":null,"9":null,"10":0.005109,"11":null,"12":null,"13":null,"14":null,"15":0.005109,"16":null,"17":null,"18":null,"19":0.005109,"20":null,"21":null,"22":null,"23":null,"24":0.005109,"25":0.010218,"26":null,"27":null,"28":null,"29":0.015327,"30":null,"31":null,"32":null,"33":0.015327,"34":null,"35":0.020436,"36":0.015327,"37":0.015327,"38":0.025545,"39":0.040872,"40":0.030654,"41":0.045981,"42":0.05109,"43":0.071526,"44":0.061308,"45":0.158379,"46":1.966965,"47":3.969693,"48":0.633516,"49":0.020436,"50":null},"chrome":{"4":null,"5":null,"6":null,"7":null,"8":null,"9":null,"10":null,"11":0.066417,"12":0.015327,"13":null,"14":null,"15":null,"16":null,"17":null,"18":0.020436,"19":null,"20":0.010218,"21":null,"22":0.158379,"23":null,"24":null,"25":0.005109,"26":0.025545,"27":0.010218,"28":0.020436,"29":0.132834,"30":null,"31":0.061308,"32":0.015327,"33":0.010218,"34":0.035763,"35":0.015327,"36":0.061308,"37":0.015327,"38":0.030654,"39":0.020436,"40":0.010218,"41":0.005109,"42":0.056199,"43":0.107289,"44":0.081744,"45":0.434265,"46":0.025545,"47":0.20436,"48":0.091962,"49":1.859676,"50":6.963567,"51":18.683613,"52":0.045981,"53":0.061308,"54":null},"opera":{"9":null,"9.5-9.6":null,"10.0-10.1":0,"10.5":null,"10.6":null,"11":null,"11.1":null,"11.5":null,"11.6":null,"12":null,"12.1":0.020436,"15":null,"16":null,"17":null,"18":null,"19":null,"20":null,"21":null,"22":null,"23":null,"24":null,"25":null,"26":null,"27":0.025545,"28":null,"29":0.117507,"30":0.020436,"31":0.025545,"32":null,"33":0.015327,"34":0.005109,"35":0.020436,"36":0.015327,"37":0.347412,"38":0.372957,"39":0.010218,"40":null},"safari":{"3.1":null,"3.2":null,"4":0,"5":null,"5.1":0.010218,"6":0.005109,"6.1":0.020436,"7":null,"7.1":0.035763,"8":0.076635,"9":0.056199,"9.1":0.597753,"10":null,"0":null},"ios_saf":{"3.2":0,"4.0-4.1":0,"4.2-4.3":0,"5.0-5.1":0,"6.0-6.1":0,"7.0-7.1":0.127898906202,"8":0,"8.1-8.4":0.256299376741,"9.0-9.2":0.553225464864,"9.3":3.92323625219},"android":{"2.1":0,"2.2":0,"2.3":0.0369721902525,"3":0,"4":0.243400252496,"4.1":0.850360375807,"4.2-4.3":1.7962322431,"4.4":4.73552136817,"4.4.3-4.4.4":2.83145357017,"50":null},"op_mob":{"10":0,"11":0,"11.1":0,"11.5":0,"12":0,"12.1":0.0025075037594,"0":0.110330165414},"ie":{"5.5":null,"6":0.005109,"7":0.020436,"8":0.56199,"9":0.352521,"10":0.434265,"11":5.05791},"bb":{"7":0.6907125,"10":null},"ie_mob":{"10":0.165667272727,"11":0.465142727273},"edge":{"12":0.393393,"13":1.880112,"14":null},"and_ff":{"0":0.01467},"and_uc":{"0":1.09047},"op_mini":{"5.0-8.0":1.55465233083},"and_chr":{"0":23.024043},"samsung":{"0":6.83622}},"total":96.4088865}