{"id":"ST","name":"Sao Tome and Principe","month":"2016-06","access_date":"2016-07-06","data":{"firefox":{"2":null,"3":0.013676,"3.5":null,"3.6":null,"4":null,"5":null,"6":null,"7":null,"8":null,"9":null,"10":null,"11":0.006838,"12":0.013676,"13":null,"14":0.013676,"15":null,"16":0.006838,"17":null,"18":null,"19":null,"20":0.218816,"21":null,"22":null,"23":null,"24":null,"25":null,"26":null,"27":null,"28":0.06838,"29":null,"30":0.027352,"31":null,"32":null,"33":null,"34":null,"35":null,"36":null,"37":null,"38":0.013676,"39":0.041028,"40":0.061542,"41":0.047866,"42":0.013676,"43":0.075218,"44":0.013676,"45":0.20514,"46":1.018862,"47":2.618954,"48":0.06838,"49":null,"50":null},"chrome":{"4":null,"5":null,"6":null,"7":null,"8":null,"9":null,"10":null,"11":0.013676,"12":null,"13":null,"14":null,"15":null,"16":0.020514,"17":null,"18":1.141946,"19":null,"20":null,"21":null,"22":0.109408,"23":null,"24":null,"25":null,"26":0.027352,"27":null,"28":null,"29":null,"30":null,"31":0.020514,"32":0.03419,"33":0.280358,"34":0.020514,"35":null,"36":0.417118,"37":0.020514,"38":0.191464,"39":null,"40":0.30771,"41":0.047866,"42":0.088894,"43":8.191924,"44":0.061542,"45":0.41028,"46":0.54704,"47":1.894126,"48":0.294034,"49":2.167646,"50":8.226114,"51":24.54842,"52":0.437632,"53":0.321386,"54":null},"opera":{"9":null,"9.5-9.6":null,"10.0-10.1":0,"10.5":null,"10.6":null,"11":null,"11.1":null,"11.5":null,"11.6":null,"12":null,"12.1":null,"15":null,"16":null,"17":null,"18":null,"19":null,"20":null,"21":0.047866,"22":null,"23":null,"24":null,"25":null,"26":null,"27":null,"28":null,"29":null,"30":null,"31":null,"32":null,"33":null,"34":null,"35":null,"36":0.10257,"37":0.109408,"38":0.355576,"39":null,"40":null},"safari":{"3.1":null,"3.2":null,"4":0.095732,"5":null,"5.1":null,"6":null,"6.1":0.006838,"7":null,"7.1":0.03419,"8":0.041028,"9":0.211978,"9.1":0.642772,"10":null,"0":null},"ios_saf":{"3.2":0,"4.0-4.1":0,"4.2-4.3":0,"5.0-5.1":0,"6.0-6.1":0,"7.0-7.1":0.0355384640388,"8":0,"8.1-8.4":0.0712162946032,"9.0-9.2":0.153721277784,"9.3":1.09012496357},"android":{"2.1":0,"2.2":0,"2.3":0.0318937381092,"3":0,"4":0.209967109219,"4.1":0.733555976512,"4.2-4.3":1.54950410981,"4.4":4.08505628949,"4.4.3-4.4.4":2.44252877686,"50":null},"op_mob":{"10":0,"11":0,"11.1":0,"11.5":0,"12":0,"12.1":0.00451381503759,"0":0.198607861654},"ie":{"5.5":null,"6":null,"7":0.152833386454,"8":2.04032570916,"9":0.305666772908,"10":0.191041733068,"11":4.98236839841},"bb":{"7":0.02135025,"10":null},"ie_mob":{"10":0.128756464646,"11":0.361508535354},"edge":{"12":0.150436,"13":1.012024,"14":null},"and_ff":{"0":0.022141},"and_uc":{"0":3.887327},"op_mini":{"5.0-8.0":2.79856532331},"and_chr":{"0":13.088791},"samsung":{"0":0.724327}},"total":96.51110125}