{"id":"SV","name":"El Salvador","month":"2016-06","access_date":"2016-07-06","data":{"firefox":{"2":null,"3":0.110751,"3.5":0.005829,"3.6":0.017487,"4":0.005829,"5":null,"6":null,"7":0.005829,"8":null,"9":null,"10":0.011658,"11":0.005829,"12":0.011658,"13":null,"14":0.005829,"15":0.005829,"16":0.011658,"17":0.011658,"18":null,"19":null,"20":0.023316,"21":0.017487,"22":0.011658,"23":0.005829,"24":0.005829,"25":0.005829,"26":0.023316,"27":0.005829,"28":0.023316,"29":0.017487,"30":0.017487,"31":0.046632,"32":0.017487,"33":0.034974,"34":0.017487,"35":0.034974,"36":0.023316,"37":0.046632,"38":0.064119,"39":0.075777,"40":0.046632,"41":0.064119,"42":0.087435,"43":0.297279,"44":0.104922,"45":0.244818,"46":2.646366,"47":4.144419,"48":0.034974,"49":0.005829,"50":null},"chrome":{"4":null,"5":null,"6":null,"7":null,"8":null,"9":null,"10":0.011658,"11":0.017487,"12":null,"13":null,"14":null,"15":null,"16":null,"17":null,"18":null,"19":null,"20":null,"21":0.011658,"22":0.052461,"23":null,"24":0.011658,"25":0.005829,"26":0.011658,"27":0.017487,"28":0.017487,"29":0.448833,"30":0.011658,"31":0.05829,"32":0.017487,"33":0.023316,"34":0.029145,"35":0.034974,"36":0.046632,"37":0.05829,"38":0.064119,"39":0.11658,"40":0.05829,"41":0.064119,"42":0.034974,"43":0.151554,"44":0.11658,"45":0.104922,"46":0.122409,"47":0.314766,"48":0.244818,"49":2.838723,"50":9.285597,"51":24.341904,"52":0.122409,"53":0.023316,"54":null},"opera":{"9":null,"9.5-9.6":null,"10.0-10.1":0,"10.5":null,"10.6":null,"11":null,"11.1":null,"11.5":null,"11.6":null,"12":null,"12.1":0.017487,"15":null,"16":null,"17":null,"18":null,"19":null,"20":null,"21":null,"22":null,"23":null,"24":null,"25":null,"26":null,"27":null,"28":0.017487,"29":0.011658,"30":null,"31":null,"32":null,"33":null,"34":0.005829,"35":0.017487,"36":0.040803,"37":0.332253,"38":0.542097,"39":null,"40":null},"safari":{"3.1":null,"3.2":null,"4":0.011658,"5":0.05829,"5.1":0.046632,"6":0.011658,"6.1":0.029145,"7":0.011658,"7.1":null,"8":0.303108,"9":0.338082,"9.1":1.154142,"10":null,"0":null},"ios_saf":{"3.2":0,"4.0-4.1":0,"4.2-4.3":0,"5.0-5.1":0,"6.0-6.1":0,"7.0-7.1":0.0736258229285,"8":0,"8.1-8.4":0.147540374574,"9.0-9.2":0.318467775255,"9.3":2.25843602724},"android":{"2.1":0,"2.2":0,"2.3":0.0251522254844,"3":0,"4":0.165585484439,"4.1":0.578501186142,"4.2-4.3":1.22197895479,"4.4":3.2215808808,"4.4.3-4.4.4":1.92624126835,"50":null},"op_mob":{"10":0,"11":0,"11.1":0,"11.5":0,"12":0,"12.1":0.00966938345865,"0":0.42545287218},"ie":{"5.5":null,"6":null,"7":0.0117132511848,"8":0.298687905213,"9":0.163985516588,"10":0.275261402844,"11":1.72184792417},"bb":{"7":0.089655,"10":null},"ie_mob":{"10":0.197127272727,"11":0.553472727273},"edge":{"12":0.139896,"13":0.652848,"14":null},"and_ff":{"0":0.03336},"and_uc":{"0":2.93985},"op_mini":{"5.0-8.0":5.99501774436},"and_chr":{"0":23.480799},"samsung":{"0":1.53873}},"total":98.710464}