{"id":"SY","name":"Syrian Arab Republic","month":"2016-06","access_date":"2016-07-06","data":{"firefox":{"2":null,"3":0.070564,"3.5":0.021476,"3.6":0.033748,"4":0.018408,"5":0.018408,"6":0.012272,"7":0.006136,"8":0.01534,"9":0.039884,"10":0.018408,"11":0.021476,"12":0.052156,"13":0.095108,"14":0.01534,"15":0.036816,"16":0.033748,"17":0.01534,"18":0.01534,"19":0.009204,"20":0.01534,"21":0.01534,"22":0.006136,"23":0.01534,"24":0.01534,"25":0.018408,"26":0.033748,"27":0.027612,"28":0.018408,"29":0.039884,"30":0.039884,"31":0.036816,"32":0.052156,"33":0.04602,"34":0.036816,"35":0.088972,"36":0.12272,"37":0.064428,"38":0.119652,"39":0.119652,"40":0.095108,"41":0.144196,"42":0.09204,"43":0.622804,"44":0.457132,"45":0.346684,"46":3.018912,"47":4.040556,"48":0.233168,"49":0.006136,"50":null},"chrome":{"4":0.003068,"5":0.009204,"6":0.006136,"7":null,"8":0.021476,"9":0.006136,"10":0.006136,"11":0.079768,"12":0.012272,"13":0.006136,"14":0.006136,"15":0.036816,"16":null,"17":0.003068,"18":0.003068,"19":0.009204,"20":0.012272,"21":0.006136,"22":0.012272,"23":0.006136,"24":0.009204,"25":0.009204,"26":0.012272,"27":0.021476,"28":0.012272,"29":0.239304,"30":0.018408,"31":0.110448,"32":0.027612,"33":0.128856,"34":0.024544,"35":0.012272,"36":0.058292,"37":0.024544,"38":0.082836,"39":0.082836,"40":0.085904,"41":0.042952,"42":0.039884,"43":0.95108,"44":0.128856,"45":0.392704,"46":0.156468,"47":0.196352,"48":0.35282,"49":0.963352,"50":3.273556,"51":7.943052,"52":0.058292,"53":0.049088,"54":null},"opera":{"9":null,"9.5-9.6":null,"10.0-10.1":0,"10.5":null,"10.6":null,"11":0.006136,"11.1":null,"11.5":0.003068,"11.6":0.021476,"12":0.06136,"12.1":0.033748,"15":null,"16":null,"17":null,"18":0.003068,"19":null,"20":null,"21":null,"22":null,"23":null,"24":null,"25":null,"26":null,"27":null,"28":null,"29":0.003068,"30":0.003068,"31":null,"32":0.003068,"33":null,"34":0.006136,"35":0.009204,"36":0.027612,"37":0.131924,"38":0.254644,"39":0.006136,"40":null},"safari":{"3.1":null,"3.2":null,"4":0,"5":0.006136,"5.1":0.009204,"6":0.003068,"6.1":0.012272,"7":0.018408,"7.1":null,"8":0.009204,"9":0.01534,"9.1":0.049088,"10":null,"0":null},"ios_saf":{"3.2":0,"4.0-4.1":0,"4.2-4.3":0,"5.0-5.1":0,"6.0-6.1":0,"7.0-7.1":0.0547127747394,"8":0,"8.1-8.4":0.10964010938,"9.0-9.2":0.236659570736,"9.3":1.67828754514},"android":{"2.1":0,"2.2":0,"2.3":0.0662006142102,"3":0,"4":0.435820710217,"4.1":1.52261412683,"4.2-4.3":3.21624650705,"4.4":8.47919533676,"4.4.3-4.4.4":5.06986370493,"50":null},"op_mob":{"10":0,"11":0,"11.1":0,"11.5":0,"12":0,"12.1":0.0130594631579,"0":0.574616378947},"ie":{"5.5":null,"6":0.0505409217759,"7":0.00947642283298,"8":0.448550680761,"9":0.129511112051,"10":0.0979230359408,"11":0.754955019027},"bb":{"7":0.00519825,"10":null},"ie_mob":{"10":0.0273039393939,"11":0.0766610606061},"edge":{"12":0.082836,"13":0.12272,"14":null},"and_ff":{"0":0.06931},"and_uc":{"0":6.993379},"op_mini":{"5.0-8.0":8.09686715789},"and_chr":{"0":26.994844},"samsung":{"0":5.787385}},"total":98.1935744424}