{"id":"SZ","name":"Swaziland","month":"2016-06","access_date":"2016-07-06","data":{"firefox":{"2":0.002902,"3":0.04353,"3.5":0.001451,"3.6":0.010157,"4":0.004353,"5":0.007255,"6":null,"7":null,"8":null,"9":0.008706,"10":0.027569,"11":null,"12":0.027569,"13":null,"14":0.004353,"15":0.008706,"16":0.007255,"17":0.002902,"18":null,"19":0.002902,"20":null,"21":0.010157,"22":null,"23":0.011608,"24":0.001451,"25":null,"26":0.002902,"27":0.002902,"28":0.002902,"29":0.002902,"30":0.008706,"31":0.004353,"32":0.008706,"33":0.011608,"34":0.004353,"35":0.063844,"36":0.01451,"37":0.037726,"38":0.114629,"39":0.008706,"40":0.018863,"41":0.059491,"42":0.056589,"43":0.108825,"44":0.103021,"45":0.142198,"46":0.831423,"47":1.184016,"48":0.037726,"49":null,"50":null},"chrome":{"4":null,"5":null,"6":null,"7":null,"8":null,"9":0.007255,"10":null,"11":0.004353,"12":0.010157,"13":0.010157,"14":null,"15":null,"16":null,"17":null,"18":0.010157,"19":null,"20":null,"21":null,"22":null,"23":0.002902,"24":null,"25":0.001451,"26":0.008706,"27":null,"28":0.002902,"29":null,"30":null,"31":0.008706,"32":0.005804,"33":0.005804,"34":0.005804,"35":0.018863,"36":0.015961,"37":0.002902,"38":0.002902,"39":0.004353,"40":0.040628,"41":0.001451,"42":0.010157,"43":0.018863,"44":0.017412,"45":0.063844,"46":0.030471,"47":0.040628,"48":0.060942,"49":0.282945,"50":1.522099,"51":3.353261,"52":0.007255,"53":0.004353,"54":null},"opera":{"9":null,"9.5-9.6":null,"10.0-10.1":0.001451,"10.5":null,"10.6":null,"11":null,"11.1":null,"11.5":null,"11.6":0.004353,"12":0.002902,"12.1":0.018863,"15":0.002902,"16":null,"17":null,"18":null,"19":null,"20":0.001451,"21":null,"22":0.001451,"23":null,"24":null,"25":null,"26":null,"27":null,"28":0.001451,"29":0.037726,"30":0.002902,"31":null,"32":0.001451,"33":0.002902,"34":0.053687,"35":0.011608,"36":0.020314,"37":0.139296,"38":0.245219,"39":null,"40":null},"safari":{"3.1":null,"3.2":null,"4":0,"5":null,"5.1":0.121884,"6":0.023216,"6.1":0.002902,"7":0.01451,"7.1":0.002902,"8":0.416437,"9":0.039177,"9.1":0.136394,"10":null,"0":null},"ios_saf":{"3.2":0,"4.0-4.1":0,"4.2-4.3":0,"5.0-5.1":0,"6.0-6.1":0,"7.0-7.1":0.0188958394387,"8":0,"8.1-8.4":0.0378657802084,"9.0-9.2":0.0817337682386,"9.3":0.579620612114},"android":{"2.1":0,"2.2":0,"2.3":0.0107828843218,"3":0,"4":0.0709873217851,"4.1":0.248006339401,"4.2-4.3":0.5238684633,"4.4":1.38110776688,"4.4.3-4.4.4":0.82578922431,"50":null},"op_mob":{"10":0,"11":0,"11.1":0,"11.5":0,"12":0,"12.1":0.106367557895,"0":4.68017254737},"ie":{"5.5":null,"6":0.00876342744063,"7":0.00584228496042,"8":0.772642186016,"9":0.219085686016,"10":0.259981680739,"11":2.05502373483},"bb":{"7":0.17311725,"10":null},"ie_mob":{"10":0.419850888889,"11":1.17881211111},"edge":{"12":0.152355,"13":0.322122,"14":null},"and_ff":{"0":0.008549},"and_uc":{"0":3.146032},"op_mini":{"5.0-8.0":65.9478858947},"and_chr":{"0":4.362783},"samsung":{"0":1.000233}},"total":98.50280325}