{"id":"TC","name":"Turks and Caicos Islands","month":"2016-06","access_date":"2016-07-06","data":{"firefox":{"2":null,"3":null,"3.5":null,"3.6":null,"4":null,"5":null,"6":null,"7":null,"8":null,"9":null,"10":null,"11":null,"12":0.068508,"13":null,"14":null,"15":null,"16":null,"17":null,"18":null,"19":null,"20":null,"21":null,"22":null,"23":null,"24":null,"25":null,"26":null,"27":null,"28":null,"29":null,"30":null,"31":null,"32":null,"33":null,"34":0.005709,"35":null,"36":null,"37":null,"38":0.011418,"39":null,"40":null,"41":0.062799,"42":0.005709,"43":0.028545,"44":null,"45":0.039963,"46":2.266473,"47":2.820246,"48":0.039963,"49":null,"50":null},"chrome":{"4":null,"5":null,"6":null,"7":null,"8":null,"9":null,"10":null,"11":null,"12":null,"13":null,"14":null,"15":null,"16":0.005709,"17":null,"18":0.005709,"19":null,"20":null,"21":null,"22":null,"23":null,"24":null,"25":null,"26":0.005709,"27":null,"28":null,"29":null,"30":0.017127,"31":null,"32":0.022836,"33":0.011418,"34":null,"35":0.017127,"36":0.142725,"37":null,"38":null,"39":0.011418,"40":0.005709,"41":0.011418,"42":0.011418,"43":0.022836,"44":0.034254,"45":0.194106,"46":0.017127,"47":0.051381,"48":0.022836,"49":1.564266,"50":8.96313,"51":17.840625,"52":0.182688,"53":0.051381,"54":null},"opera":{"9":null,"9.5-9.6":null,"10.0-10.1":0,"10.5":null,"10.6":null,"11":null,"11.1":null,"11.5":null,"11.6":null,"12":null,"12.1":null,"15":null,"16":null,"17":null,"18":null,"19":null,"20":null,"21":null,"22":null,"23":null,"24":null,"25":null,"26":null,"27":null,"28":null,"29":0.011418,"30":null,"31":null,"32":null,"33":null,"34":null,"35":null,"36":null,"37":0.165561,"38":0.11418,"39":null,"40":null},"safari":{"3.1":null,"3.2":null,"4":0,"5":0.011418,"5.1":0.194106,"6":0.022836,"6.1":0.108471,"7":0.051381,"7.1":0.011418,"8":0.331122,"9":0.530937,"9.1":2.945844,"10":null,"0":null},"ios_saf":{"3.2":0,"4.0-4.1":0,"4.2-4.3":0,"5.0-5.1":0,"6.0-6.1":0,"7.0-7.1":0.453669971107,"8":0,"8.1-8.4":0.90911904014,"9.0-9.2":1.96234501228,"9.3":13.9161039765},"android":{"2.1":0,"2.2":0,"2.3":0.0101593141515,"3":0,"4":0.0668821514974,"4.1":0.233664225484,"4.2-4.3":0.49357334586,"4.4":1.3012388209,"4.4.3-4.4.4":0.778034142102,"50":null},"op_mob":{"10":0,"11":0,"11.1":0,"11.5":0,"12":0,"12.1":0.000606547368421,"0":0.0266880842105},"ie":{"5.5":null,"6":0.011418,"7":0.005709,"8":0.22836,"9":0.211233,"10":0.981948,"11":7.644351},"bb":{"7":0.26926025,"10":null},"ie_mob":{"10":0.048457959596,"11":0.136055040404},"edge":{"12":0.479556,"13":4.858359,"14":null},"and_ff":{"0":0.072947},"and_uc":{"0":0.373317},"op_mini":{"5.0-8.0":0.376059368421},"and_chr":{"0":19.448796},"samsung":{"0":3.158176}},"total":97.51706525}