{"id":"TD","name":"Chad","month":"2016-06","access_date":"2016-07-06","data":{"firefox":{"2":0.000912,"3":0.62016,"3.5":0.001824,"3.6":0.045144,"4":0.017784,"5":0.003648,"6":0.000912,"7":null,"8":null,"9":0.01368,"10":0.005928,"11":0.02508,"12":0.005472,"13":0.001824,"14":0.004104,"15":0.005928,"16":0.006384,"17":0.002736,"18":0.000912,"19":0.017784,"20":0.027816,"21":0.008664,"22":0.026448,"23":0.010032,"24":0.000912,"25":null,"26":0.002736,"27":0.000912,"28":0.014136,"29":0.003192,"30":0.022344,"31":0.010032,"32":0.02052,"33":0.02736,"34":0.000912,"35":0.001368,"36":0.00456,"37":0.008208,"38":0.066576,"39":0.008664,"40":0.001824,"41":0.061104,"42":0.008664,"43":0.079344,"44":0.036936,"45":0.040128,"46":0.20292,"47":0.461016,"48":0.009576,"49":null,"50":null},"chrome":{"4":null,"5":null,"6":null,"7":null,"8":0.000456,"9":null,"10":0.001824,"11":0.031008,"12":null,"13":null,"14":null,"15":null,"16":0.005928,"17":null,"18":0.010488,"19":null,"20":0.000456,"21":0.049248,"22":null,"23":null,"24":null,"25":null,"26":0.006384,"27":null,"28":null,"29":0.001368,"30":0.000456,"31":0.000912,"32":0.000456,"33":0.00456,"34":0.001368,"35":0.000456,"36":0.00456,"37":null,"38":0.00456,"39":0.002736,"40":0.010032,"41":0.000456,"42":0.001824,"43":0.019152,"44":0.000912,"45":0.087096,"46":0.0114,"47":0.012768,"48":0.005016,"49":0.074328,"50":0.302784,"51":0.856368,"52":null,"53":null,"54":null},"opera":{"9":null,"9.5-9.6":null,"10.0-10.1":0,"10.5":null,"10.6":0.004104,"11":null,"11.1":null,"11.5":0.007296,"11.6":null,"12":0.001368,"12.1":0.008208,"15":null,"16":null,"17":null,"18":null,"19":0.001824,"20":null,"21":0.000456,"22":0.005928,"23":null,"24":0.02736,"25":0.013224,"26":null,"27":null,"28":null,"29":0.002736,"30":0.007752,"31":0.000456,"32":null,"33":0.004104,"34":0.020064,"35":0.00456,"36":0.003648,"37":0.062472,"38":0.037392,"39":null,"40":null},"safari":{"3.1":null,"3.2":null,"4":0,"5":null,"5.1":null,"6":0.043776,"6.1":0.008208,"7":0.000456,"7.1":0.000912,"8":0.001824,"9":0.0228,"9.1":0.014136,"10":null,"0":null},"ios_saf":{"3.2":0,"4.0-4.1":0,"4.2-4.3":0,"5.0-5.1":0,"6.0-6.1":0,"7.0-7.1":0.0160724465999,"8":0,"8.1-8.4":0.0322079224022,"9.0-9.2":0.069521210195,"9.3":0.493014420803},"android":{"2.1":0,"2.2":0,"2.3":0.00877622078685,"3":0,"4":0.0577767868467,"4.1":0.201853078097,"4.2-4.3":0.426378059894,"4.4":1.12408761245,"4.4.3-4.4.4":0.672112241926,"50":null},"op_mob":{"10":0,"11":0,"11.1":0,"11.5":0,"12":0,"12.1":0.119680324812,"0":5.26593429173},"ie":{"5.5":null,"6":0.000468461144321,"7":0.00140538343296,"8":0.0866653116994,"9":0.0234230572161,"10":0.0529361093083,"11":0.383669677199},"bb":{"7":0.057264,"10":null},"ie_mob":{"10":0.0802081616162,"11":0.225199838384},"edge":{"12":0.02736,"13":0.05016,"14":null},"and_ff":{"0":0.009544},"and_uc":{"0":5.735944},"op_mini":{"5.0-8.0":74.2018013835},"and_chr":{"0":3.092768},"samsung":{"0":1.154824}},"total":97.4326}