{"id":"TG","name":"Togo","month":"2016-06","access_date":"2016-07-06","data":{"firefox":{"2":0.005986,"3":0.206517,"3.5":null,"3.6":0.014965,"4":0.005986,"5":0.005986,"6":0.032923,"7":0.005986,"8":0.008979,"9":0.002993,"10":0.011972,"11":0.020951,"12":0.065846,"13":0.056867,"14":0.005986,"15":0.02993,"16":0.110741,"17":0.038909,"18":0.023944,"19":0.05986,"20":0.107748,"21":0.047888,"22":0.065846,"23":0.080811,"24":0.056867,"25":0.035916,"26":0.026937,"27":0.035916,"28":0.080811,"29":0.158629,"30":0.496838,"31":0.143664,"32":0.095776,"33":0.140671,"34":0.176587,"35":0.14965,"36":0.14965,"37":0.230461,"38":0.26937,"39":0.26937,"40":0.484866,"41":0.182573,"42":0.290321,"43":1.158291,"44":0.469901,"45":0.682404,"46":3.567656,"47":3.899879,"48":0.260391,"49":0.011972,"50":null},"chrome":{"4":null,"5":null,"6":0.002993,"7":null,"8":null,"9":null,"10":0.005986,"11":0.044895,"12":0.002993,"13":null,"14":0.023944,"15":0.005986,"16":0.056867,"17":null,"18":0.005986,"19":0.005986,"20":null,"21":0.008979,"22":0.002993,"23":0.008979,"24":null,"25":0.017958,"26":0.020951,"27":0.014965,"28":0.008979,"29":0.035916,"30":0.047888,"31":0.053874,"32":0.062853,"33":0.02993,"34":0.014965,"35":0.020951,"36":0.005986,"37":0.008979,"38":0.038909,"39":0.014965,"40":0.02993,"41":0.014965,"42":0.047888,"43":0.864977,"44":0.047888,"45":0.221482,"46":0.047888,"47":0.236447,"48":0.245426,"49":2.24475,"50":1.858653,"51":4.414675,"52":0.020951,"53":0.014965,"54":null},"opera":{"9":null,"9.5-9.6":null,"10.0-10.1":0,"10.5":null,"10.6":null,"11":null,"11.1":null,"11.5":null,"11.6":null,"12":null,"12.1":null,"15":0.005986,"16":0.023944,"17":0.005986,"18":null,"19":null,"20":null,"21":null,"22":0.008979,"23":null,"24":null,"25":null,"26":0.005986,"27":null,"28":null,"29":0.023944,"30":null,"31":null,"32":null,"33":null,"34":0.005986,"35":0.020951,"36":0.068839,"37":0.17958,"38":0.383104,"39":0.002993,"40":null},"safari":{"3.1":null,"3.2":null,"4":0,"5":null,"5.1":0.005986,"6":null,"6.1":0.002993,"7":0.026937,"7.1":null,"8":0.056867,"9":0.053874,"9.1":0.248419,"10":null,"0":null},"ios_saf":{"3.2":0,"4.0-4.1":0,"4.2-4.3":0,"5.0-5.1":0,"6.0-6.1":0,"7.0-7.1":0.0184375709421,"8":0,"8.1-8.4":0.036947446084,"9.0-9.2":0.0797515323496,"9.3":0.565563450624},"android":{"2.1":0,"2.2":0,"2.3":0.0244895267176,"3":0,"4":0.161222717557,"4.1":0.563259114504,"4.2-4.3":1.18978283969,"4.4":3.13670021374,"4.4.3-4.4.4":1.87548958779,"50":null},"op_mob":{"10":0,"11":0,"11.1":0,"11.5":0,"12":0,"12.1":0.0644749368421,"0":2.83689722105},"ie":{"5.5":null,"6":0.00614249673203,"7":0.0307124836601,"8":0.264127359477,"9":0.0859949542484,"10":0.199631143791,"11":1.28378181699},"bb":{"7":0.0525525,"10":null},"ie_mob":{"10":0.333080222222,"11":0.935186777778},"edge":{"12":0.134685,"13":0.215496,"14":null},"and_ff":{"0":0.056056},"and_uc":{"0":6.740734},"op_mini":{"5.0-8.0":39.9744608421},"and_chr":{"0":9.910973},"samsung":{"0":0.749749}},"total":98.0862617549}