{"id":"TH","name":"Thailand","month":"2016-06","access_date":"2016-07-06","data":{"firefox":{"2":null,"3":0.004686,"3.5":null,"3.6":0.014058,"4":0.004686,"5":null,"6":0.018744,"7":0.009372,"8":0.004686,"9":0.004686,"10":null,"11":0.004686,"12":0.014058,"13":null,"14":0.004686,"15":0.02343,"16":0.004686,"17":null,"18":null,"19":null,"20":0.004686,"21":0.004686,"22":0.004686,"23":0.004686,"24":0.004686,"25":0.004686,"26":0.018744,"27":0.014058,"28":0.004686,"29":0.014058,"30":0.02343,"31":0.018744,"32":0.009372,"33":0.018744,"34":0.018744,"35":0.014058,"36":0.032802,"37":0.018744,"38":0.037488,"39":0.042174,"40":0.028116,"41":0.028116,"42":0.056232,"43":0.126522,"44":0.060918,"45":0.09372,"46":1.246476,"47":2.193048,"48":0.079662,"49":null,"50":null},"chrome":{"4":null,"5":null,"6":null,"7":null,"8":null,"9":null,"10":0.02343,"11":0.065604,"12":0.042174,"13":0.018744,"14":null,"15":0.014058,"16":0.009372,"17":0.009372,"18":0.009372,"19":null,"20":0.004686,"21":0.018744,"22":0.032802,"23":0.004686,"24":0.004686,"25":0.014058,"26":0.02343,"27":0.009372,"28":0.009372,"29":0.14058,"30":0.014058,"31":0.051546,"32":0.018744,"33":0.074976,"34":0.065604,"35":0.042174,"36":0.032802,"37":0.028116,"38":0.07029,"39":0.079662,"40":0.084348,"41":0.032802,"42":0.037488,"43":2.019666,"44":0.135894,"45":0.182754,"46":0.28116,"47":0.290532,"48":0.295218,"49":2.41329,"50":6.532284,"51":19.09545,"52":0.098406,"53":0.126522,"54":null},"opera":{"9":null,"9.5-9.6":null,"10.0-10.1":0,"10.5":null,"10.6":null,"11":null,"11.1":null,"11.5":null,"11.6":null,"12":null,"12.1":0.009372,"15":null,"16":null,"17":null,"18":null,"19":null,"20":null,"21":null,"22":null,"23":null,"24":null,"25":null,"26":null,"27":null,"28":0.004686,"29":null,"30":null,"31":null,"32":null,"33":0.004686,"34":0.060918,"35":null,"36":0.014058,"37":0.065604,"38":0.121836,"39":null,"40":null},"safari":{"3.1":null,"3.2":null,"4":0,"5":0.014058,"5.1":0.04686,"6":0.009372,"6.1":0.028116,"7":0.032802,"7.1":0.009372,"8":0.121836,"9":0.192126,"9.1":0.716958,"10":null,"0":null},"ios_saf":{"3.2":0,"4.0-4.1":0,"4.2-4.3":0,"5.0-5.1":0,"6.0-6.1":0,"7.0-7.1":0.37550645857,"8":0,"8.1-8.4":0.752485491487,"9.0-9.2":1.62424950511,"9.3":11.5184765448},"android":{"2.1":0,"2.2":0,"2.3":0.0172399518497,"3":0,"4":0.113496349677,"4.1":0.396518892543,"4.2-4.3":0.837574327363,"4.4":2.20815049941,"4.4.3-4.4.4":1.32029297915,"50":null},"op_mob":{"10":0,"11":0,"11.1":0,"11.5":0,"12":0,"12.1":0.000631168421053,"0":0.0277714105263},"ie":{"5.5":null,"6":0.00946236363636,"7":0.0141935454545,"8":0.586666545455,"9":0.539354727273,"10":0.331182727273,"11":1.95397809091},"bb":{"7":0.0026565,"10":null},"ie_mob":{"10":0.142324,"11":0.399602},"edge":{"12":0.051546,"13":0.35145,"14":null},"and_ff":{"0":0.026565},"and_uc":{"0":0.706629},"op_mini":{"5.0-8.0":0.391324421053},"and_chr":{"0":31.46319},"samsung":{"0":4.579806}},"total":99.0925485}