{"id":"TJ","name":"Tajikistan","month":"2016-06","access_date":"2016-07-06","data":{"firefox":{"2":0.006576,"3":0.105216,"3.5":0.046032,"3.6":0.26304,"4":0.01644,"5":0.029592,"6":0.003288,"7":null,"8":null,"9":0.013152,"10":0.006576,"11":0.01644,"12":0.026304,"13":0.036168,"14":null,"15":0.009864,"16":0.003288,"17":0.006576,"18":0.003288,"19":null,"20":0.03288,"21":0.023016,"22":0.013152,"23":0.003288,"24":0.003288,"25":0.006576,"26":0.009864,"27":0.003288,"28":0.009864,"29":0.003288,"30":0.029592,"31":0.009864,"32":0.006576,"33":0.009864,"34":0.023016,"35":0.055896,"36":0.052608,"37":0.029592,"38":0.217008,"39":0.013152,"40":0.013152,"41":0.026304,"42":0.01644,"43":0.184128,"44":0.039456,"45":0.055896,"46":0.595128,"47":1.032432,"48":0.006576,"49":null,"50":null},"chrome":{"4":0.013152,"5":0.029592,"6":0.003288,"7":0.006576,"8":0.072336,"9":0.009864,"10":0.009864,"11":0.04932,"12":0.118368,"13":0.01644,"14":0.013152,"15":0.055896,"16":0.124944,"17":0.042744,"18":0.095352,"19":0.026304,"20":0.023016,"21":0.04932,"22":0.009864,"23":0.019728,"24":0.01644,"25":0.013152,"26":0.006576,"27":0.029592,"28":0.026304,"29":0.09864,"30":0.01644,"31":0.052608,"32":0.036168,"33":0.029592,"34":0.019728,"35":0.118368,"36":0.042744,"37":0.029592,"38":0.023016,"39":0.055896,"40":0.157824,"41":0.124944,"42":0.03288,"43":0.124944,"44":0.128232,"45":0.292632,"46":0.055896,"47":0.141384,"48":0.236736,"49":3.389928,"50":3.044688,"51":8.77896,"52":0.023016,"53":0.134808,"54":null},"opera":{"9":null,"9.5-9.6":null,"10.0-10.1":0.013152,"10.5":0.019728,"10.6":0.03288,"11":0.03288,"11.1":0.036168,"11.5":0.026304,"11.6":0.078912,"12":0.059184,"12.1":0.644448,"15":0.006576,"16":0.006576,"17":null,"18":0.036168,"19":0.019728,"20":0.029592,"21":0.046032,"22":0.009864,"23":null,"24":0.003288,"25":0.042744,"26":0.009864,"27":0.052608,"28":0.029592,"29":0.092064,"30":0.019728,"31":0.003288,"32":0.095352,"33":0.026304,"34":0.023016,"35":0.04932,"36":0.177552,"37":1.015992,"38":1.394112,"39":0.003288,"40":null},"safari":{"3.1":0.013152,"3.2":null,"4":0.052608,"5":0.042744,"5.1":0.062472,"6":null,"6.1":0.003288,"7":null,"7.1":0.023016,"8":0.04932,"9":0.03288,"9.1":0.207144,"10":null,"0":null},"ios_saf":{"3.2":0,"4.0-4.1":0,"4.2-4.3":0,"5.0-5.1":0,"6.0-6.1":0,"7.0-7.1":0.0849510225983,"8":0,"8.1-8.4":0.170235186462,"9.0-9.2":0.367454815396,"9.3":2.60583097554},"android":{"2.1":0,"2.2":0,"2.3":0.0231510792719,"3":0,"4":0.152411271873,"4.1":0.532474823253,"4.2-4.3":1.12475660129,"4.4":2.96526740341,"4.4.3-4.4.4":1.7729868209,"50":null},"op_mob":{"10":0,"11":0,"11.1":0,"11.5":0,"12":0,"12.1":0.051626887218,"0":2.27158303759},"ie":{"5.5":null,"6":0.00672,"7":0.02688,"8":0.4536,"9":0.1344,"10":0.18144,"11":1.03152},"bb":{"7":0.040272,"10":null},"ie_mob":{"10":0.151596282828,"11":0.425635717172},"edge":{"12":0.06576,"13":0.269616,"14":null},"and_ff":{"0":0.073832},"and_uc":{"0":6.148192},"op_mini":{"5.0-8.0":32.0086700752},"and_chr":{"0":13.381496},"samsung":{"0":2.530424}},"total":94.863584}