{"id":"TL","name":"Timor-Leste","month":"2016-06","access_date":"2016-07-06","data":{"firefox":{"2":null,"3":0.12603,"3.5":0.100824,"3.6":0.109226,"4":0.373889,"5":0.138633,"6":0.067216,"7":0.105025,"8":0.105025,"9":0.109226,"10":0.352884,"11":0.226854,"12":0.273065,"13":0.058814,"14":0.159638,"15":0.071417,"16":0.33608,"17":0.021005,"18":0.189045,"19":0.184844,"20":0.092422,"21":0.151236,"22":0.029407,"23":0.12603,"24":0.121829,"25":0.04201,"26":0.058814,"27":0.067216,"28":0.205849,"29":0.142834,"30":0.109226,"31":0.163839,"32":0.109226,"33":0.058814,"34":0.058814,"35":0.092422,"36":0.415899,"37":0.105025,"38":0.222653,"39":0.180643,"40":0.289869,"41":0.365487,"42":0.29407,"43":1.327516,"44":0.869607,"45":0.814994,"46":3.377604,"47":5.062205,"48":0.730974,"49":null,"50":null},"chrome":{"4":0.071417,"5":0.004201,"6":0.046211,"7":0.008402,"8":null,"9":0.037809,"10":null,"11":0.008402,"12":null,"13":0.025206,"14":0.004201,"15":0.004201,"16":null,"17":0.008402,"18":null,"19":null,"20":null,"21":0.004201,"22":null,"23":null,"24":null,"25":0.016804,"26":0.025206,"27":0.016804,"28":null,"29":null,"30":0.008402,"31":0.016804,"32":0.029407,"33":0.016804,"34":0.016804,"35":0.012603,"36":0.012603,"37":0.004201,"38":0.016804,"39":0.054613,"40":0.033608,"41":0.008402,"42":0.021005,"43":1.163677,"44":0.092422,"45":0.331879,"46":0.046211,"47":0.189045,"48":0.256261,"49":0.676361,"50":2.827273,"51":7.43577,"52":0.180643,"53":0.037809,"54":null},"opera":{"9":null,"9.5-9.6":null,"10.0-10.1":0.008402,"10.5":null,"10.6":0.012603,"11":null,"11.1":null,"11.5":null,"11.6":0.012603,"12":null,"12.1":0.025206,"15":null,"16":null,"17":null,"18":null,"19":0.021005,"20":0.008402,"21":0.004201,"22":0.004201,"23":null,"24":null,"25":null,"26":null,"27":null,"28":null,"29":null,"30":0.008402,"31":null,"32":null,"33":0.008402,"34":0.054613,"35":0.012603,"36":0.029407,"37":0.247859,"38":0.33608,"39":null,"40":null},"safari":{"3.1":null,"3.2":null,"4":0.012603,"5":0.008402,"5.1":0.079819,"6":0.130231,"6.1":0.021005,"7":0.067216,"7.1":0.012603,"8":0.16804,"9":0.134432,"9.1":0.663758,"10":null,"0":null},"ios_saf":{"3.2":0,"4.0-4.1":0,"4.2-4.3":0,"5.0-5.1":0,"6.0-6.1":0,"7.0-7.1":0.066529028996,"8":0,"8.1-8.4":0.133318956145,"9.0-9.2":0.287770662677,"9.3":2.04074535218},"android":{"2.1":0,"2.2":0,"2.3":0.0171416124486,"3":0,"4":0.11284894862,"4.1":0.394257086318,"4.2-4.3":0.832796671462,"4.4":2.19555486113,"4.4.3-4.4.4":1.31276182002,"50":null},"op_mob":{"10":0,"11":0,"11.1":0,"11.5":0,"12":0,"12.1":0.0327011278195,"0":1.43884962406},"ie":{"5.5":null,"6":0.00421547372954,"7":0.109602316968,"8":1.38267538329,"9":0.699768639104,"10":0.661829375538,"11":2.03607381137},"bb":{"7":0.02174625,"10":null},"ie_mob":{"10":0.275657515152,"11":0.773961484848},"edge":{"12":0.163839,"13":0.394894,"14":null},"and_ff":{"0":0.075387},"and_uc":{"0":11.812563},"op_mini":{"5.0-8.0":20.2746992481},"and_chr":{"0":14.203899},"samsung":{"0":2.574756}},"total":98.98909325}