{"id":"TM","name":"Turkmenistan","month":"2016-06","access_date":"2016-07-06","data":{"firefox":{"2":0.044319,"3":null,"3.5":0.007821,"3.6":0.109494,"4":0.010428,"5":0.013035,"6":0.020856,"7":0.010428,"8":0.005214,"9":null,"10":0.007821,"11":null,"12":0.005214,"13":0.005214,"14":0.010428,"15":0.018249,"16":0.013035,"17":0.020856,"18":0.005214,"19":null,"20":null,"21":0.002607,"22":null,"23":null,"24":0.005214,"25":0.005214,"26":0.127743,"27":null,"28":null,"29":0.005214,"30":0.020856,"31":0.005214,"32":0.010428,"33":0.005214,"34":0.010428,"35":0.023463,"36":0.013035,"37":0.002607,"38":0.039105,"39":0.151206,"40":0.020856,"41":0.015642,"42":0.013035,"43":0.393657,"44":0.054747,"45":0.177276,"46":0.482295,"47":0.797742,"48":0.002607,"49":null,"50":null},"chrome":{"4":null,"5":0.010428,"6":null,"7":null,"8":0.086031,"9":0.018249,"10":0.015642,"11":0.080817,"12":0.044319,"13":0.007821,"14":null,"15":1.032372,"16":0.02607,"17":0.007821,"18":0.010428,"19":0.002607,"20":0.033891,"21":null,"22":0.005214,"23":0.023463,"24":0.007821,"25":0.005214,"26":0.005214,"27":0.013035,"28":0.002607,"29":0.033891,"30":0.010428,"31":0.05214,"32":0.002607,"33":0.018249,"34":0.007821,"35":0.023463,"36":null,"37":0.020856,"38":0.062568,"39":0.015642,"40":0.031284,"41":0.013035,"42":0.229416,"43":0.072996,"44":0.020856,"45":0.20856,"46":0.083424,"47":0.18249,"48":0.099066,"49":0.891594,"50":3.099723,"51":7.781895,"52":0.013035,"53":0.289377,"54":null},"opera":{"9":null,"9.5-9.6":null,"10.0-10.1":0,"10.5":null,"10.6":null,"11":0.015642,"11.1":0.013035,"11.5":0.070389,"11.6":0.020856,"12":0.033891,"12.1":0.086031,"15":null,"16":null,"17":null,"18":0.005214,"19":0.002607,"20":0.007821,"21":0.005214,"22":0.002607,"23":null,"24":0.013035,"25":0.020856,"26":0.033891,"27":0.005214,"28":0.013035,"29":0.039105,"30":0.007821,"31":0.007821,"32":0.005214,"33":0.020856,"34":0.031284,"35":0.093852,"36":0.015642,"37":0.041712,"38":0.041712,"39":null,"40":null},"safari":{"3.1":null,"3.2":null,"4":0.010428,"5":0.005214,"5.1":0.044319,"6":null,"6.1":0.002607,"7":0.007821,"7.1":0.005214,"8":0.031284,"9":0.054747,"9.1":0.070389,"10":null,"0":null},"ios_saf":{"3.2":0,"4.0-4.1":0,"4.2-4.3":0,"5.0-5.1":0,"6.0-6.1":0,"7.0-7.1":0.377147604994,"8":0,"8.1-8.4":0.755774220204,"9.0-9.2":1.63134826788,"9.3":11.5688179069},"android":{"2.1":0,"2.2":0,"2.3":0.0557329888432,"3":0,"4":0.366908843218,"4.1":1.28185874339,"4.2-4.3":2.70769437463,"4.4":7.13846698767,"4.4.3-4.4.4":4.26821806224,"50":null},"op_mob":{"10":0,"11":0,"11.1":0,"11.5":0,"12":0,"12.1":0.000867031578947,"0":0.0381493894737},"ie":{"5.5":null,"6":0.00785638914027,"7":0.0183315746606,"8":0.785638914027,"9":0.151890190045,"10":0.154508986425,"11":1.1967899457},"bb":{"7":0.02772,"10":null},"ie_mob":{"10":0.093184,"11":0.261632},"edge":{"12":0.05214,"13":0.430155,"14":null},"and_ff":{"0":0.029568},"and_uc":{"0":0.606144},"op_mini":{"5.0-8.0":0.537559578947},"and_chr":{"0":28.947105},"samsung":{"0":13.475616}},"total":95.249715}