{"id":"TN","name":"Tunisia","month":"2016-06","access_date":"2016-07-06","data":{"firefox":{"2":null,"3":0.05632,"3.5":0.04224,"3.6":0.04928,"4":0.00704,"5":0.01408,"6":0.02112,"7":null,"8":0.00704,"9":0.00704,"10":0.00704,"11":0.01408,"12":0.04224,"13":0.01408,"14":0.00704,"15":0.01408,"16":0.02112,"17":0.01408,"18":0.01408,"19":null,"20":0.00704,"21":0.01408,"22":null,"23":null,"24":0.01408,"25":0.00704,"26":null,"27":null,"28":0.01408,"29":0.01408,"30":0.00704,"31":0.0352,"32":0.01408,"33":0.01408,"34":0.02112,"35":0.02112,"36":0.02816,"37":0.04224,"38":0.04928,"39":0.0352,"40":0.0352,"41":0.05632,"42":0.07744,"43":0.25344,"44":0.11968,"45":0.20416,"46":2.45696,"47":3.6608,"48":0.06336,"49":0.02112,"50":null},"chrome":{"4":0.02112,"5":0.00704,"6":0.01408,"7":0.02112,"8":0.04224,"9":0.00704,"10":0.0352,"11":0.0704,"12":0.02816,"13":0.01408,"14":0.02112,"15":0.02816,"16":0.0352,"17":0.00704,"18":0.2464,"19":0.01408,"20":0.01408,"21":0.01408,"22":0.01408,"23":0.05632,"24":0.02816,"25":0.02112,"26":0.04224,"27":0.0352,"28":0.02816,"29":0.69696,"30":0.06336,"31":0.08448,"32":0.04928,"33":0.07744,"34":0.04224,"35":0.04224,"36":0.04928,"37":0.04928,"38":0.0704,"39":0.09856,"40":0.11264,"41":0.07744,"42":0.0704,"43":0.58432,"44":0.14784,"45":0.4224,"46":0.26752,"47":0.43648,"48":0.65472,"49":5.89952,"50":10.51072,"51":32.89088,"52":0.26048,"53":0.06336,"54":null},"opera":{"9":null,"9.5-9.6":null,"10.0-10.1":0,"10.5":null,"10.6":null,"11":null,"11.1":null,"11.5":null,"11.6":null,"12":null,"12.1":0.0352,"15":null,"16":null,"17":null,"18":null,"19":null,"20":null,"21":null,"22":null,"23":null,"24":null,"25":null,"26":null,"27":null,"28":0.00704,"29":null,"30":0.00704,"31":null,"32":null,"33":0.02112,"34":0.01408,"35":0.02816,"36":0.11264,"37":0.40128,"38":0.71104,"39":0.01408,"40":0.00704},"safari":{"3.1":null,"3.2":null,"4":0.02112,"5":0.02112,"5.1":0.06336,"6":0.01408,"6.1":0.02816,"7":0.0352,"7.1":null,"8":0.09152,"9":0.09152,"9.1":0.32384,"10":null,"0":null},"ios_saf":{"3.2":0,"4.0-4.1":0,"4.2-4.3":0,"5.0-5.1":0,"6.0-6.1":0,"7.0-7.1":0.0489907336704,"8":0,"8.1-8.4":0.098173587865,"9.0-9.2":0.21190893819,"9.3":1.50276674027},"android":{"2.1":0,"2.2":0,"2.3":0.0176139988256,"3":0,"4":0.115958825602,"4.1":0.405121972989,"4.2-4.3":0.855746776277,"4.4":2.25605968291,"4.4.3-4.4.4":1.34893874339,"50":null},"op_mob":{"10":0,"11":0,"11.1":0,"11.5":0,"12":0,"12.1":0.00555055639098,"0":0.244224481203},"ie":{"5.5":null,"6":0.02304,"7":0.03072,"8":0.6528,"9":0.21504,"10":0.29952,"11":1.48224},"bb":{"7":0.0222,"10":null},"ie_mob":{"10":0.247204848485,"11":0.694075151515},"edge":{"12":0.05632,"13":0.36608,"14":null},"and_ff":{"0":0.1924},"and_uc":{"0":0.72224},"op_mini":{"5.0-8.0":3.44134496241},"and_chr":{"0":16.14608},"samsung":{"0":1.62504}},"total":97.6026}