{"id":"TO","name":"Tonga","month":"2016-06","access_date":"2016-07-06","data":{"firefox":{"2":null,"3":null,"3.5":null,"3.6":0.052983,"4":null,"5":null,"6":null,"7":null,"8":null,"9":null,"10":null,"11":null,"12":0.035322,"13":0.005887,"14":0.029435,"15":null,"16":0.052983,"17":null,"18":null,"19":0.017661,"20":null,"21":0.017661,"22":null,"23":null,"24":0.041209,"25":0.041209,"26":null,"27":null,"28":0.100079,"29":0.035322,"30":null,"31":0.029435,"32":0.041209,"33":null,"34":null,"35":0.182497,"36":null,"37":null,"38":0.206045,"39":0.070644,"40":0.070644,"41":0.465073,"42":0.170723,"43":0.264915,"44":0.476847,"45":0.094192,"46":5.733938,"47":8.518489,"48":1.736665,"49":null,"50":null},"chrome":{"4":null,"5":null,"6":null,"7":null,"8":null,"9":null,"10":null,"11":null,"12":null,"13":null,"14":null,"15":null,"16":null,"17":null,"18":0.029435,"19":null,"20":null,"21":null,"22":null,"23":null,"24":0.011774,"25":null,"26":null,"27":null,"28":null,"29":0.088305,"30":null,"31":null,"32":0.052983,"33":0.017661,"34":null,"35":0.011774,"36":0.05887,"37":null,"38":0.082418,"39":0.11774,"40":null,"41":0.076531,"42":0.264915,"43":0.076531,"44":0.041209,"45":0.741762,"46":0.082418,"47":0.182497,"48":0.217819,"49":1.124417,"50":7.676648,"51":15.788934,"52":0.070644,"53":0.100079,"54":null},"opera":{"9":null,"9.5-9.6":null,"10.0-10.1":0,"10.5":null,"10.6":null,"11":null,"11.1":null,"11.5":null,"11.6":null,"12":null,"12.1":0.011774,"15":null,"16":null,"17":null,"18":null,"19":null,"20":null,"21":null,"22":null,"23":null,"24":null,"25":0.011774,"26":null,"27":null,"28":null,"29":0.029435,"30":null,"31":null,"32":null,"33":null,"34":null,"35":null,"36":null,"37":0.188384,"38":0.459186,"39":null,"40":null},"safari":{"3.1":null,"3.2":null,"4":0,"5":0.023548,"5.1":null,"6":null,"6.1":0.035322,"7":0.017661,"7.1":null,"8":0.200158,"9":0.264915,"9.1":0.912485,"10":null,"0":null},"ios_saf":{"3.2":0,"4.0-4.1":0,"4.2-4.3":0,"5.0-5.1":0,"6.0-6.1":0,"7.0-7.1":0.11558501909,"8":0,"8.1-8.4":0.231623312764,"9.0-9.2":0.499961866887,"9.3":3.54551380126},"android":{"2.1":0,"2.2":0,"2.3":0.0237650733999,"3":0,"4":0.156453399883,"4.1":0.546596688197,"4.2-4.3":1.15458648268,"4.4":3.04390981797,"4.4.3-4.4.4":1.82000853787,"50":null},"op_mob":{"10":0,"11":0,"11.1":0,"11.5":0,"12":0,"12.1":0.00458924210526,"0":0.201926652632},"ie":{"5.5":null,"6":null,"7":0.011774,"8":0.376768,"9":0.123627,"10":0.618135,"11":3.685262},"bb":{"7":0,"10":null},"ie_mob":{"10":1.38479309091,"11":3.88807290909},"edge":{"12":0.088305,"13":0.989016,"14":null},"and_ff":{"0":0.008226},"and_uc":{"0":2.003031},"op_mini":{"5.0-8.0":2.84533010526},"and_chr":{"0":20.972809},"samsung":{"0":2.912004}},"total":98.812746}