{"id":"TR","name":"Turkey","month":"2016-06","access_date":"2016-07-06","data":{"firefox":{"2":null,"3":null,"3.5":null,"3.6":0.004243,"4":0.008486,"5":null,"6":0.008486,"7":null,"8":null,"9":null,"10":null,"11":null,"12":null,"13":null,"14":null,"15":null,"16":null,"17":null,"18":null,"19":null,"20":null,"21":null,"22":null,"23":null,"24":null,"25":null,"26":null,"27":null,"28":null,"29":null,"30":null,"31":0.004243,"32":0.004243,"33":0.008486,"34":0.008486,"35":0.008486,"36":0.012729,"37":0.012729,"38":0.016972,"39":0.016972,"40":0.012729,"41":0.016972,"42":0.025458,"43":0.063645,"44":0.072131,"45":0.050916,"46":0.632207,"47":1.001348,"48":0.008486,"49":null,"50":null},"chrome":{"4":null,"5":null,"6":null,"7":null,"8":null,"9":null,"10":null,"11":0.04243,"12":0.004243,"13":0.004243,"14":null,"15":0.008486,"16":0.008486,"17":null,"18":0.004243,"19":null,"20":null,"21":0.004243,"22":0.156991,"23":0.012729,"24":0.004243,"25":0.012729,"26":0.063645,"27":0.008486,"28":0.012729,"29":0.12729,"30":0.012729,"31":0.025458,"32":0.012729,"33":0.04243,"34":0.080617,"35":0.033944,"36":0.021215,"37":0.021215,"38":0.050916,"39":0.067888,"40":0.050916,"41":0.033944,"42":0.04243,"43":0.178206,"44":0.173963,"45":0.173963,"46":0.237608,"47":0.318225,"48":0.483702,"49":3.190736,"50":7.471923,"51":19.309893,"52":0.04243,"53":0.016972,"54":null},"opera":{"9":null,"9.5-9.6":null,"10.0-10.1":0,"10.5":null,"10.6":null,"11":null,"11.1":null,"11.5":null,"11.6":null,"12":null,"12.1":0.012729,"15":null,"16":null,"17":null,"18":null,"19":null,"20":null,"21":null,"22":null,"23":null,"24":null,"25":null,"26":null,"27":null,"28":null,"29":null,"30":null,"31":null,"32":null,"33":null,"34":null,"35":0.004243,"36":0.021215,"37":0.08486,"38":0.144262,"39":null,"40":null},"safari":{"3.1":null,"3.2":null,"4":0,"5":null,"5.1":0.012729,"6":null,"6.1":0.008486,"7":0.008486,"7.1":0.004243,"8":0.038187,"9":0.050916,"9.1":0.220636,"10":null,"0":null},"ios_saf":{"3.2":0,"4.0-4.1":0,"4.2-4.3":0,"5.0-5.1":0,"6.0-6.1":0,"7.0-7.1":0.242374987101,"8":0,"8.1-8.4":0.485700464348,"9.0-9.2":1.04839063048,"9.3":7.43473391807},"android":{"2.1":0,"2.2":0,"2.3":0.0235891638285,"3":0,"4":0.155295328538,"4.1":0.542550768056,"4.2-4.3":1.14604020934,"4.4":3.02137873371,"4.4.3-4.4.4":1.80653679654,"50":null},"op_mob":{"10":0,"11":0,"11.1":0,"11.5":0,"12":0,"12.1":0.0012726,"0":0.0559944},"ie":{"5.5":null,"6":0.00427140026774,"7":0.00854280053548,"8":0.294726618474,"9":0.247741215529,"10":0.294726618474,"11":2.33645594645},"bb":{"7":0.005757,"10":null},"ie_mob":{"10":0.169337212121,"11":0.475446787879},"edge":{"12":0.080617,"13":0.666151,"14":null},"and_ff":{"0":0.011514},"and_uc":{"0":0.143925},"op_mini":{"5.0-8.0":0.789012},"and_chr":{"0":34.994715},"samsung":{"0":5.918196}},"total":97.5837065997}