{"id":"TT","name":"Trinidad and Tobago","month":"2016-06","access_date":"2016-07-06","data":{"firefox":{"2":null,"3":null,"3.5":0.013154,"3.6":0.019731,"4":null,"5":null,"6":null,"7":null,"8":null,"9":null,"10":0.006577,"11":0.013154,"12":null,"13":null,"14":null,"15":null,"16":null,"17":null,"18":null,"19":null,"20":null,"21":null,"22":null,"23":null,"24":0.013154,"25":0.006577,"26":null,"27":null,"28":0.006577,"29":null,"30":0.006577,"31":0.006577,"32":null,"33":0.006577,"34":null,"35":null,"36":0.006577,"37":0.032885,"38":0.046039,"39":0.052616,"40":0.039462,"41":0.026308,"42":0.059193,"43":0.105232,"44":0.052616,"45":0.144694,"46":2.190141,"47":3.729159,"48":0.098655,"49":null,"50":null},"chrome":{"4":null,"5":null,"6":null,"7":null,"8":null,"9":null,"10":null,"11":0.019731,"12":0.006577,"13":null,"14":null,"15":null,"16":null,"17":null,"18":0.006577,"19":null,"20":null,"21":0.019731,"22":0.13154,"23":null,"24":null,"25":null,"26":0.072347,"27":0.013154,"28":0.013154,"29":0.289388,"30":0.006577,"31":0.019731,"32":0.026308,"33":0.046039,"34":0.052616,"35":0.039462,"36":0.085501,"37":0.013154,"38":0.059193,"39":0.052616,"40":0.039462,"41":0.019731,"42":0.019731,"43":0.098655,"44":0.13154,"45":0.407774,"46":0.046039,"47":0.210464,"48":0.171002,"49":1.848137,"50":10.65474,"51":24.893945,"52":0.13154,"53":0.217041,"54":null},"opera":{"9":null,"9.5-9.6":null,"10.0-10.1":0,"10.5":null,"10.6":null,"11":null,"11.1":null,"11.5":null,"11.6":null,"12":null,"12.1":0.019731,"15":null,"16":null,"17":null,"18":null,"19":null,"20":null,"21":null,"22":null,"23":null,"24":null,"25":null,"26":null,"27":0.019731,"28":null,"29":0.078924,"30":0.006577,"31":null,"32":null,"33":null,"34":0.013154,"35":0.026308,"36":0.032885,"37":0.315696,"38":0.322273,"39":null,"40":null},"safari":{"3.1":null,"3.2":null,"4":0.006577,"5":0.052616,"5.1":0.092078,"6":0.013154,"6.1":0.13154,"7":0.046039,"7.1":0.006577,"8":0.190733,"9":0.335427,"9.1":1.729751,"10":null,"0":null},"ios_saf":{"3.2":0,"4.0-4.1":0,"4.2-4.3":0,"5.0-5.1":0,"6.0-6.1":0,"7.0-7.1":0.152577990919,"8":0,"8.1-8.4":0.305754326901,"9.0-9.2":0.659974603859,"9.3":4.68025507832},"android":{"2.1":0,"2.2":0,"2.3":0.0146527715796,"3":0,"4":0.0964640795655,"4.1":0.33701374633,"4.2-4.3":0.711880485907,"4.4":1.87677582648,"4.4.3-4.4.4":1.12215809014,"50":null},"op_mob":{"10":0,"11":0,"11.1":0,"11.5":0,"12":0,"12.1":0.000540473684211,"0":0.0237808421053},"ie":{"5.5":null,"6":0.0131831017699,"7":0.0329577544248,"8":0.349352196903,"9":0.428450807522,"10":0.382309951327,"11":4.74591663717},"bb":{"7":0.1044015,"10":null},"ie_mob":{"10":0.262499151515,"11":0.737016848485},"edge":{"12":0.269657,"13":2.486106,"14":null},"and_ff":{"0":0.013692},"and_uc":{"0":0.492912},"op_mini":{"5.0-8.0":0.335093684211},"and_chr":{"0":23.004522},"samsung":{"0":4.412247}},"total":98.0373459491}