{"id":"TV","name":"Tuvalu","month":"2016-06","access_date":"2016-07-06","data":{"firefox":{"2":null,"3":null,"3.5":null,"3.6":null,"4":null,"5":null,"6":null,"7":null,"8":null,"9":null,"10":null,"11":null,"12":0.258656,"13":null,"14":null,"15":null,"16":null,"17":null,"18":5.73893,"19":null,"20":null,"21":null,"22":null,"23":null,"24":null,"25":null,"26":null,"27":null,"28":null,"29":null,"30":null,"31":null,"32":0.387984,"33":null,"34":null,"35":null,"36":null,"37":null,"38":1.568102,"39":null,"40":0.129328,"41":0.129328,"42":0.387984,"43":0.258656,"44":1.042707,"45":0.387984,"46":2.085414,"47":1.956086,"48":null,"49":null,"50":null},"chrome":{"4":null,"5":null,"6":null,"7":null,"8":null,"9":null,"10":null,"11":null,"12":null,"13":null,"14":null,"15":null,"16":null,"17":null,"18":null,"19":null,"20":0.258656,"21":null,"22":null,"23":null,"24":null,"25":null,"26":null,"27":null,"28":null,"29":null,"30":0.129328,"31":null,"32":null,"33":null,"34":null,"35":null,"36":null,"37":null,"38":null,"39":null,"40":0.258656,"41":null,"42":0.129328,"43":0.525395,"44":null,"45":null,"46":null,"47":0.129328,"48":2.998793,"49":0.129328,"50":12.779223,"51":14.597898,"52":null,"53":0.654723,"54":null},"opera":{"9":null,"9.5-9.6":null,"10.0-10.1":0,"10.5":null,"10.6":null,"11":null,"11.1":null,"11.5":null,"11.6":null,"12":null,"12.1":null,"15":null,"16":null,"17":null,"18":null,"19":null,"20":null,"21":null,"22":null,"23":null,"24":null,"25":0.129328,"26":null,"27":null,"28":null,"29":null,"30":null,"31":0.129328,"32":null,"33":null,"34":null,"35":null,"36":null,"37":null,"38":null,"39":null,"40":null},"safari":{"3.1":null,"3.2":null,"4":0,"5":null,"5.1":null,"6":null,"6.1":6.910965,"7":null,"7.1":null,"8":2.34407,"9":0.129328,"9.1":4.0415,"10":null,"0":null},"ios_saf":{"3.2":0,"4.0-4.1":0,"4.2-4.3":0,"5.0-5.1":0,"6.0-6.1":0,"7.0-7.1":0.0615898808173,"8":0,"8.1-8.4":0.123421290579,"9.0-9.2":0.266406425653,"9.3":1.88923940295},"android":{"2.1":0,"2.2":0,"2.3":0.024233221374,"3":0,"4":0.159535374046,"4.1":0.557364091603,"4.2-4.3":1.17733067176,"4.4":3.10387177099,"4.4.3-4.4.4":1.85586087023,"50":null},"op_mob":{"10":0,"11":0,"11.1":0,"11.5":0,"12":0,"12.1":0,"0":0},"ie":{"5.5":null,"6":null,"7":null,"8":null,"9":null,"10":4.954879,"11":8.212328},"bb":{"7":0,"10":null},"ie_mob":{"10":0,"11":0},"edge":{"12":5.213535,"13":0.784051,"14":null},"and_ff":{"0":null},"and_uc":{"0":0.732294},"op_mini":{"5.0-8.0":0},"and_chr":{"0":8.874543},"samsung":{"0":0.732294}},"total":99.329111}