{"id":"TW","name":"Taiwan","month":"2016-06","access_date":"2016-07-06","data":{"firefox":{"2":null,"3":0.017124,"3.5":null,"3.6":null,"4":null,"5":null,"6":null,"7":null,"8":null,"9":null,"10":null,"11":null,"12":0.005708,"13":null,"14":null,"15":null,"16":null,"17":null,"18":null,"19":null,"20":null,"21":0.011416,"22":null,"23":0.005708,"24":null,"25":null,"26":0.005708,"27":null,"28":0.005708,"29":0.005708,"30":null,"31":0.02854,"32":null,"33":0.011416,"34":0.011416,"35":0.011416,"36":0.017124,"37":0.017124,"38":0.022832,"39":0.022832,"40":0.02854,"41":0.022832,"42":0.039956,"43":0.062788,"44":0.045664,"45":0.08562,"46":1.210096,"47":2.220412,"48":0.017124,"49":null,"50":null},"chrome":{"4":null,"5":null,"6":null,"7":null,"8":null,"9":null,"10":null,"11":0.068496,"12":null,"13":null,"14":null,"15":null,"16":null,"17":null,"18":null,"19":null,"20":null,"21":0.005708,"22":0.005708,"23":null,"24":null,"25":null,"26":0.005708,"27":0.017124,"28":0.011416,"29":0.724916,"30":0.011416,"31":0.051372,"32":0.011416,"33":0.188364,"34":0.022832,"35":0.022832,"36":0.022832,"37":0.017124,"38":0.02854,"39":0.074204,"40":0.034248,"41":0.051372,"42":0.074204,"43":0.1427,"44":0.108452,"45":0.37102,"46":0.182656,"47":0.262568,"48":0.365312,"49":3.36772,"50":8.927312,"51":22.181288,"52":0.051372,"53":0.062788,"54":null},"opera":{"9":null,"9.5-9.6":null,"10.0-10.1":0,"10.5":null,"10.6":null,"11":null,"11.1":null,"11.5":null,"11.6":null,"12":null,"12.1":0.017124,"15":null,"16":null,"17":null,"18":null,"19":null,"20":null,"21":null,"22":null,"23":null,"24":null,"25":null,"26":null,"27":null,"28":0.017124,"29":null,"30":null,"31":null,"32":null,"33":null,"34":0.05708,"35":null,"36":0.011416,"37":0.062788,"38":0.091328,"39":null,"40":null},"safari":{"3.1":null,"3.2":null,"4":0.022832,"5":0.011416,"5.1":0.034248,"6":0.011416,"6.1":0.045664,"7":0.02854,"7.1":0.011416,"8":0.1427,"9":0.211196,"9.1":0.987484,"10":null,"0":null},"ios_saf":{"3.2":0,"4.0-4.1":0,"4.2-4.3":0,"5.0-5.1":0,"6.0-6.1":0,"7.0-7.1":0.283289685791,"8":0,"8.1-8.4":0.567690311526,"9.0-9.2":1.22536675854,"9.3":8.68977224414},"android":{"2.1":0,"2.2":0,"2.3":0.0106582090429,"3":0,"4":0.0701665428655,"4.1":0.245138807986,"4.2-4.3":0.517811322666,"4.4":1.36513894157,"4.4.3-4.4.4":0.816241175866,"50":null},"op_mob":{"10":0,"11":0,"11.1":0,"11.5":0,"12":0,"12.1":0.000103242105263,"0":0.00454265263158},"ie":{"5.5":null,"6":0.0352533656669,"7":0.0293778047224,"8":1.5452725284,"9":0.475920436503,"10":0.475920436503,"11":6.62763274537},"bb":{"7":0.0064365,"10":null},"ie_mob":{"10":0.0416963838384,"11":0.117070616162},"edge":{"12":0.079912,"13":1.130184,"14":null},"and_ff":{"0":0.025746},"and_uc":{"0":0.321825},"op_mini":{"5.0-8.0":0.0640101052632},"and_chr":{"0":28.486857},"samsung":{"0":2.784859}},"total":99.2134978172}