{"id":"TZ","name":"Tanzania","month":"2016-06","access_date":"2016-07-06","data":{"firefox":{"2":0.000988,"3":0.017784,"3.5":0.003952,"3.6":0.015808,"4":0.02964,"5":0.005928,"6":0.012844,"7":0.00494,"8":0.007904,"9":0.005928,"10":0.015808,"11":0.020748,"12":0.0494,"13":0.045448,"14":0.025688,"15":0.018772,"16":0.025688,"17":0.016796,"18":0.017784,"19":0.015808,"20":0.018772,"21":0.013832,"22":0.00494,"23":0.023712,"24":0.00494,"25":0.007904,"26":0.011856,"27":0.005928,"28":0.008892,"29":0.037544,"30":0.026676,"31":0.023712,"32":0.01482,"33":0.0247,"34":0.018772,"35":0.01976,"36":0.016796,"37":0.041496,"38":0.03952,"39":0.02964,"40":0.03458,"41":0.031616,"42":0.032604,"43":0.244036,"44":0.122512,"45":0.10868,"46":0.814112,"47":1.147068,"48":0.13338,"49":0.000988,"50":null},"chrome":{"4":0.001976,"5":null,"6":null,"7":null,"8":0.001976,"9":0.002964,"10":0.008892,"11":0.02964,"12":0.000988,"13":0.001976,"14":null,"15":null,"16":0.000988,"17":null,"18":null,"19":null,"20":0.001976,"21":0.002964,"22":0.001976,"23":0.00494,"24":null,"25":0.002964,"26":0.006916,"27":0.000988,"28":0.003952,"29":0.013832,"30":0.001976,"31":0.01482,"32":0.002964,"33":0.007904,"34":0.002964,"35":0.000988,"36":0.007904,"37":0.001976,"38":0.033592,"39":0.002964,"40":0.003952,"41":0.005928,"42":0.00494,"43":0.095836,"44":0.023712,"45":0.109668,"46":0.023712,"47":0.031616,"48":0.066196,"49":0.151164,"50":0.714324,"51":1.920672,"52":0.020748,"53":0.02964,"54":null},"opera":{"9":null,"9.5-9.6":0.000988,"10.0-10.1":0.000988,"10.5":null,"10.6":0.00494,"11":0.002964,"11.1":0.000988,"11.5":0.003952,"11.6":0.015808,"12":0.00988,"12.1":0.021736,"15":0.003952,"16":0.001976,"17":0.002964,"18":0.002964,"19":0.002964,"20":0.003952,"21":0.001976,"22":0.002964,"23":null,"24":0.005928,"25":null,"26":0.001976,"27":null,"28":0.003952,"29":0.00988,"30":0.01482,"31":0.002964,"32":0.006916,"33":0.016796,"34":0.03952,"35":0.04446,"36":0.055328,"37":0.231192,"38":0.1976,"39":0.000988,"40":null},"safari":{"3.1":null,"3.2":null,"4":0.00494,"5":0.002964,"5.1":0.021736,"6":0.026676,"6.1":0.002964,"7":0.012844,"7.1":0.006916,"8":0.038532,"9":0.070148,"9.1":0.154128,"10":null,"0":null},"ios_saf":{"3.2":0,"4.0-4.1":0,"4.2-4.3":0,"5.0-5.1":0,"6.0-6.1":0,"7.0-7.1":0.0158879393251,"8":0,"8.1-8.4":0.0318381842947,"9.0-9.2":0.0687231257868,"9.3":0.487354750593},"android":{"2.1":0,"2.2":0,"2.3":0.018733106283,"3":0,"4":0.12332628303,"4.1":0.43086144451,"4.2-4.3":0.910116746917,"4.4":2.39939869642,"4.4.3-4.4.4":1.43464372284,"50":null},"op_mob":{"10":0,"11":0,"11.1":0,"11.5":0,"12":0,"12.1":0.103292427068,"0":4.54486679098},"ie":{"5.5":null,"6":0.0191038282828,"7":0.00502732323232,"8":0.242316979798,"9":0.0372021919192,"10":0.0744043838384,"11":0.417267828283},"bb":{"7":0.036048,"10":null},"ie_mob":{"10":0.160941575758,"11":0.451874424242},"edge":{"12":0.052364,"13":0.126464,"14":0.000988},"and_ff":{"0":0.027036},"and_uc":{"0":5.253996},"op_mini":{"5.0-8.0":64.041304782},"and_chr":{"0":6.835244},"samsung":{"0":0.72096}},"total":96.9232225354}