{"id":"UA","name":"Ukraine","month":"2016-06","access_date":"2016-07-06","data":{"firefox":{"2":0.052038,"3":0.130095,"3.5":0.199479,"3.6":0.702513,"4":0.052038,"5":0.017346,"6":0.034692,"7":0.008673,"8":0.017346,"9":0.026019,"10":0.034692,"11":0.026019,"12":0.043365,"13":0.026019,"14":0.026019,"15":0.034692,"16":0.069384,"17":0.034692,"18":0.026019,"19":0.026019,"20":0.034692,"21":0.052038,"22":0.026019,"23":0.043365,"24":0.069384,"25":0.052038,"26":0.043365,"27":0.026019,"28":0.052038,"29":0.026019,"30":0.043365,"31":0.078057,"32":0.069384,"33":0.069384,"34":0.060711,"35":0.08673,"36":0.069384,"37":0.052038,"38":0.216825,"39":0.078057,"40":0.069384,"41":0.130095,"42":0.130095,"43":0.303555,"44":0.17346,"45":0.43365,"46":3.625314,"47":6.019062,"48":0.069384,"49":0.008673,"50":null},"chrome":{"4":0.043365,"5":0.026019,"6":0.017346,"7":0.026019,"8":0.026019,"9":0.034692,"10":0.043365,"11":0.069384,"12":0.069384,"13":0.043365,"14":0.060711,"15":0.069384,"16":0.069384,"17":0.095403,"18":0.095403,"19":0.069384,"20":0.060711,"21":0.121422,"22":0.138768,"23":0.08673,"24":0.104076,"25":0.078057,"26":0.078057,"27":0.104076,"28":0.060711,"29":2.116212,"30":0.043365,"31":0.052038,"32":0.026019,"33":0.043365,"34":0.060711,"35":0.069384,"36":0.121422,"37":0.052038,"38":0.069384,"39":0.147441,"40":0.147441,"41":0.121422,"42":0.095403,"43":0.364266,"44":0.112749,"45":0.182133,"46":0.182133,"47":0.407631,"48":0.633129,"49":4.154367,"50":10.450965,"51":25.992981,"52":0.138768,"53":0.320901,"54":null},"opera":{"9":null,"9.5-9.6":0.008673,"10.0-10.1":0.034692,"10.5":0.034692,"10.6":0.08673,"11":0.034692,"11.1":0.034692,"11.5":0.069384,"11.6":0.242844,"12":0.277536,"12.1":2.749341,"15":0.017346,"16":0.017346,"17":0.017346,"18":0.034692,"19":0.017346,"20":0.060711,"21":0.026019,"22":0.017346,"23":0.017346,"24":0.026019,"25":0.034692,"26":0.034692,"27":0.156114,"28":0.052038,"29":0.043365,"30":0.069384,"31":0.034692,"32":0.034692,"33":0.052038,"34":0.104076,"35":0.147441,"36":1.196874,"37":2.272326,"38":4.024272,"39":0.034692,"40":null},"safari":{"3.1":0.017346,"3.2":0.008673,"4":0.095403,"5":0.147441,"5.1":0.112749,"6":0.026019,"6.1":0.034692,"7":0.026019,"7.1":0.008673,"8":0.104076,"9":0.216825,"9.1":1.04076,"10":null,"0":null},"ios_saf":{"3.2":0,"4.0-4.1":0,"4.2-4.3":0,"5.0-5.1":0,"6.0-6.1":0,"7.0-7.1":0.0642694727066,"8":0,"8.1-8.4":0.128790982561,"9.0-9.2":0.2779969741,"9.3":1.97143457063},"android":{"2.1":0,"2.2":0,"2.3":0.00467642748092,"3":0,"4":0.030786480916,"4.1":0.107557832061,"4.2-4.3":0.227196435115,"4.4":0.598972419847,"4.4.3-4.4.4":0.35813640458,"50":null},"op_mob":{"10":0,"11":0,"11.1":0,"11.5":0,"12":0,"12.1":0.00295309172932,"0":0.12993603609},"ie":{"5.5":null,"6":0.0359215898734,"7":0.0269411924051,"8":1.11356928608,"9":0.278392321519,"10":0.377176693671,"11":1.68831472405},"bb":{"7":0.0129285,"10":null},"ie_mob":{"10":0.0752203636364,"11":0.211195636364},"edge":{"12":0.060711,"13":0.529053,"14":null},"and_ff":{"0":0.017238},"and_uc":{"0":0.741234},"op_mini":{"5.0-8.0":1.83091687218},"and_chr":{"0":6.050625},"samsung":{"0":0.529074}},"total":93.0317223076}