{"id":"UG","name":"Uganda","month":"2016-06","access_date":"2016-07-06","data":{"firefox":{"2":null,"3":0.074211,"3.5":0.015354,"3.6":0.048621,"4":0.035826,"5":0.028149,"6":0.040944,"7":0.017913,"8":0.02559,"9":0.035826,"10":0.046062,"11":0.084447,"12":0.084447,"13":0.071652,"14":0.053739,"15":0.058857,"16":0.069093,"17":0.071652,"18":0.030708,"19":0.048621,"20":0.063975,"21":0.069093,"22":0.030708,"23":0.028149,"24":0.069093,"25":0.028149,"26":0.040944,"27":0.02559,"28":0.043503,"29":0.087006,"30":0.125391,"31":0.125391,"32":0.048621,"33":0.069093,"34":0.066534,"35":0.087006,"36":0.120273,"37":0.104919,"38":0.161217,"39":0.174012,"40":0.130509,"41":0.166335,"42":0.110037,"43":0.775377,"44":0.406881,"45":0.445266,"46":2.707422,"47":4.194201,"48":0.670458,"49":0.010236,"50":null},"chrome":{"4":null,"5":0.005118,"6":null,"7":0.005118,"8":null,"9":null,"10":null,"11":0.05118,"12":null,"13":null,"14":null,"15":null,"16":null,"17":null,"18":0.002559,"19":0.012795,"20":null,"21":null,"22":0.005118,"23":0.005118,"24":0.005118,"25":0.007677,"26":0.010236,"27":0.002559,"28":0.017913,"29":0.046062,"30":0.020472,"31":0.023031,"32":0.005118,"33":0.020472,"34":0.007677,"35":0.010236,"36":0.010236,"37":0.005118,"38":0.028149,"39":0.028149,"40":0.023031,"41":0.005118,"42":0.015354,"43":0.089565,"44":0.038385,"45":0.10236,"46":0.048621,"47":0.084447,"48":0.133068,"49":0.557862,"50":2.423373,"51":5.734719,"52":0.043503,"53":0.048621,"54":null},"opera":{"9":null,"9.5-9.6":null,"10.0-10.1":0.010236,"10.5":null,"10.6":null,"11":0.002559,"11.1":null,"11.5":0.005118,"11.6":0.010236,"12":0.007677,"12.1":0.015354,"15":null,"16":null,"17":null,"18":null,"19":null,"20":null,"21":0.002559,"22":null,"23":null,"24":null,"25":null,"26":null,"27":null,"28":0.005118,"29":0.010236,"30":0.005118,"31":0.002559,"32":0.005118,"33":0.012795,"34":0.035826,"35":0.028149,"36":0.038385,"37":0.150981,"38":0.217515,"39":0.007677,"40":null},"safari":{"3.1":null,"3.2":null,"4":0,"5":0.007677,"5.1":0.015354,"6":0.005118,"6.1":0.005118,"7":0.012795,"7.1":0.010236,"8":0.046062,"9":0.079329,"9.1":0.133068,"10":null,"0":null},"ios_saf":{"3.2":0,"4.0-4.1":0,"4.2-4.3":0,"5.0-5.1":0,"6.0-6.1":0,"7.0-7.1":0.0209473119389,"8":0,"8.1-8.4":0.0419767701992,"9.0-9.2":0.090607392426,"9.3":0.642548525436},"android":{"2.1":0,"2.2":0,"2.3":0.0175624192601,"3":0,"4":0.115619260129,"4.1":0.403935642983,"4.2-4.3":0.853240869055,"4.4":2.24945320023,"4.4.3-4.4.4":1.34498860834,"50":null},"op_mob":{"10":0,"11":0,"11.1":0,"11.5":0,"12":0,"12.1":0.0808778345865,"0":3.5586247218},"ie":{"5.5":null,"6":0.0284521430769,"7":0.00517311692308,"8":0.292281106154,"9":0.191405326154,"10":0.183645650769,"11":0.969959423077},"bb":{"7":0.05766,"10":null},"ie_mob":{"10":0.314584242424,"11":0.883255757576},"edge":{"12":0.097242,"13":0.161217,"14":null},"and_ff":{"0":0.02976},"and_uc":{"0":4.41936},"op_mini":{"5.0-8.0":50.1442574436},"and_chr":{"0":7.191783},"samsung":{"0":0.87792}},"total":97.9666687662}