{"id":"US","name":"United States of America","month":"2016-06","access_date":"2016-07-06","data":{"firefox":{"2":null,"3":0.018363,"3.5":null,"3.6":0.018363,"4":0.006121,"5":null,"6":0.018363,"7":null,"8":null,"9":null,"10":0.006121,"11":0.012242,"12":0.012242,"13":null,"14":null,"15":null,"16":0.012242,"17":null,"18":null,"19":0.006121,"20":0.018363,"21":0.024484,"22":0.006121,"23":0.006121,"24":0.018363,"25":0.018363,"26":0.018363,"27":0.018363,"28":0.024484,"29":0.024484,"30":0.018363,"31":0.06121,"32":0.018363,"33":0.036726,"34":0.048968,"35":0.048968,"36":0.042847,"37":0.042847,"38":0.189751,"39":0.06121,"40":0.06121,"41":0.067331,"42":0.085694,"43":0.165267,"44":0.104057,"45":0.299929,"46":2.460642,"47":3.746052,"48":0.036726,"49":null,"50":null},"chrome":{"4":null,"5":null,"6":null,"7":null,"8":null,"9":null,"10":0.018363,"11":0.024484,"12":null,"13":null,"14":null,"15":null,"16":null,"17":null,"18":0.018363,"19":0.012242,"20":0.006121,"21":0.024484,"22":0.006121,"23":0.018363,"24":0.006121,"25":0.024484,"26":null,"27":0.024484,"28":0.012242,"29":2.950322,"30":0.006121,"31":0.036726,"32":0.030605,"33":0.030605,"34":0.030605,"35":0.030605,"36":0.036726,"37":0.055089,"38":0.048968,"39":0.067331,"40":0.079573,"41":0.171388,"42":0.079573,"43":0.318292,"44":0.146904,"45":0.177509,"46":0.165267,"47":0.238719,"48":0.820214,"49":2.105624,"50":7.730823,"51":15.388194,"52":0.085694,"53":0.048968,"54":null},"opera":{"9":null,"9.5-9.6":null,"10.0-10.1":0,"10.5":null,"10.6":null,"11":null,"11.1":null,"11.5":null,"11.6":null,"12":null,"12.1":0.030605,"15":null,"16":null,"17":null,"18":null,"19":null,"20":null,"21":null,"22":null,"23":null,"24":null,"25":null,"26":null,"27":0.018363,"28":0.030605,"29":0.018363,"30":0.024484,"31":0.012242,"32":null,"33":null,"34":0.006121,"35":null,"36":0.024484,"37":0.085694,"38":0.104057,"39":null,"40":null},"safari":{"3.1":null,"3.2":null,"4":0.036726,"5":0.067331,"5.1":0.189751,"6":0.018363,"6.1":0.140783,"7":0.079573,"7.1":0.042847,"8":0.385623,"9":0.654947,"9.1":3.140073,"10":null,"0":null},"ios_saf":{"3.2":0,"4.0-4.1":0,"4.2-4.3":0,"5.0-5.1":0,"6.0-6.1":0,"7.0-7.1":0.528067872253,"8":0,"8.1-8.4":1.05820659891,"9.0-9.2":2.28415240429,"9.3":16.1982231245},"android":{"2.1":0,"2.2":0,"2.3":0.00359335525543,"3":0,"4":0.0236562554316,"4.1":0.0826471708749,"4.2-4.3":0.17457717616,"4.4":0.460248918967,"4.4.3-4.4.4":0.275191123312,"50":null},"op_mob":{"10":0,"11":0,"11.1":0,"11.5":0,"12":0,"12.1":0.000192442105263,"0":0.00846745263158},"ie":{"5.5":null,"6":0.0622426840491,"7":0.0373456104294,"8":0.722015134969,"9":0.572632693252,"10":0.578856961656,"11":10.1206604264},"bb":{"7":0.0184205,"10":null},"ie_mob":{"10":0.0886064242424,"11":0.248779575758},"edge":{"12":0.146904,"13":2.521852,"14":0.030605},"and_ff":{"0":0.050414},"and_uc":{"0":0.240436},"op_mini":{"5.0-8.0":0.119314105263},"and_chr":{"0":15.104318},"samsung":{"0":3.001572}},"total":98.8333990107}