{"id":"UY","name":"Uruguay","month":"2016-06","access_date":"2016-07-06","data":{"firefox":{"2":null,"3":0.041892,"3.5":null,"3.6":0.118694,"4":null,"5":0.006982,"6":0.020946,"7":null,"8":null,"9":null,"10":0.006982,"11":0.006982,"12":0.048874,"13":null,"14":null,"15":0.006982,"16":0.20946,"17":0.307208,"18":null,"19":0.020946,"20":0.062838,"21":null,"22":null,"23":null,"24":0.006982,"25":0.921624,"26":null,"27":0.38401,"28":0.027928,"29":0.006982,"30":0.048874,"31":0.03491,"32":0.013964,"33":1.312616,"34":0.020946,"35":0.097748,"36":0.020946,"37":0.055856,"38":0.390992,"39":0.06982,"40":0.097748,"41":0.055856,"42":0.118694,"43":0.502704,"44":0.370046,"45":0.321172,"46":2.359916,"47":4.161272,"48":0.027928,"49":null,"50":null},"chrome":{"4":null,"5":0.020946,"6":null,"7":null,"8":null,"9":null,"10":null,"11":0.027928,"12":null,"13":null,"14":null,"15":null,"16":null,"17":null,"18":0.048874,"19":0.006982,"20":null,"21":0.006982,"22":0.048874,"23":0.027928,"24":null,"25":0.006982,"26":0.03491,"27":0.048874,"28":null,"29":0.286262,"30":0.006982,"31":0.027928,"32":0.03491,"33":0.013964,"34":0.041892,"35":0.041892,"36":0.062838,"37":0.062838,"38":0.083784,"39":0.146622,"40":0.041892,"41":0.03491,"42":0.090766,"43":0.20946,"44":0.118694,"45":0.118694,"46":1.731536,"47":0.307208,"48":0.41892,"49":4.252038,"50":9.795746,"51":27.502098,"52":0.10473,"53":0.062838,"54":null},"opera":{"9":null,"9.5-9.6":null,"10.0-10.1":0,"10.5":null,"10.6":null,"11":null,"11.1":null,"11.5":null,"11.6":null,"12":null,"12.1":0.027928,"15":null,"16":null,"17":null,"18":null,"19":null,"20":null,"21":null,"22":null,"23":null,"24":null,"25":null,"26":null,"27":null,"28":null,"29":0.006982,"30":null,"31":null,"32":null,"33":null,"34":null,"35":0.006982,"36":0.055856,"37":0.20946,"38":0.3491,"39":null,"40":null},"safari":{"3.1":null,"3.2":null,"4":0,"5":0.013964,"5.1":0.020946,"6":0.006982,"6.1":0.020946,"7":0.006982,"7.1":0.013964,"8":0.146622,"9":0.17455,"9.1":0.809912,"10":null,"0":null},"ios_saf":{"3.2":0,"4.0-4.1":0,"4.2-4.3":0,"5.0-5.1":0,"6.0-6.1":0,"7.0-7.1":0.0735363058508,"8":0,"8.1-8.4":0.147360989372,"9.0-9.2":0.318080570013,"9.3":2.25569013476},"android":{"2.1":0,"2.2":0,"2.3":0.0100481855549,"3":0,"4":0.0661505549031,"4.1":0.231108267763,"4.2-4.3":0.488174348209,"4.4":1.28700509982,"4.4.3-4.4.4":0.769523543746,"50":null},"op_mob":{"10":0,"11":0,"11.1":0,"11.5":0,"12":0,"12.1":0.00167464962406,"0":0.0736845834586},"ie":{"5.5":null,"6":0.014303550152,"7":0.014303550152,"8":0.336133428571,"9":0.157339051672,"10":0.228856802432,"11":1.60199761702},"bb":{"7":0.0264075,"10":null},"ie_mob":{"10":0.733953212121,"11":2.06071478788},"edge":{"12":0.076802,"13":0.830858,"14":null},"and_ff":{"0":0.117702},"and_uc":{"0":0.132792},"op_mini":{"5.0-8.0":1.03828276692},"and_chr":{"0":21.83679},"samsung":{"0":1.566342}},"total":96.5338335}