{"id":"UZ","name":"Uzbekistan","month":"2016-06","access_date":"2016-07-06","data":{"firefox":{"2":0.013488,"3":0.085424,"3.5":0.06744,"3.6":0.251776,"4":0.031472,"5":0.02248,"6":0.004496,"7":0.008992,"8":null,"9":0.026976,"10":0.013488,"11":0.013488,"12":0.013488,"13":0.026976,"14":0.008992,"15":0.008992,"16":0.004496,"17":0.031472,"18":0.008992,"19":0.008992,"20":0.008992,"21":0.013488,"22":0.1124,"23":0.008992,"24":0.026976,"25":0.02248,"26":0.008992,"27":0.013488,"28":0.02248,"29":0.013488,"30":0.049456,"31":0.026976,"32":0.017984,"33":0.017984,"34":0.035968,"35":0.049456,"36":0.026976,"37":0.026976,"38":0.026976,"39":0.062944,"40":0.080928,"41":0.107904,"42":0.08992,"43":0.206816,"44":0.08992,"45":0.152864,"46":1.308336,"47":1.928784,"48":0.008992,"49":null,"50":null},"chrome":{"4":0.031472,"5":0.058448,"6":0.008992,"7":0.06744,"8":0.053952,"9":0.017984,"10":0.026976,"11":0.071936,"12":0.107904,"13":0.017984,"14":0.02248,"15":0.031472,"16":0.26976,"17":0.053952,"18":0.040464,"19":0.013488,"20":0.013488,"21":0.040464,"22":0.031472,"23":0.035968,"24":0.035968,"25":0.02248,"26":0.026976,"27":0.071936,"28":0.053952,"29":0.13488,"30":0.031472,"31":0.071936,"32":0.026976,"33":0.04496,"34":0.017984,"35":0.076432,"36":0.058448,"37":0.026976,"38":0.049456,"39":0.206816,"40":0.166352,"41":0.071936,"42":0.04496,"43":0.184336,"44":0.062944,"45":0.184336,"46":0.166352,"47":0.229296,"48":0.413632,"49":3.2596,"50":5.228848,"51":15.259424,"52":0.053952,"53":0.143872,"54":null},"opera":{"9":null,"9.5-9.6":0.035968,"10.0-10.1":0.013488,"10.5":0.02248,"10.6":0.026976,"11":0.098912,"11.1":0.031472,"11.5":0.02248,"11.6":0.08992,"12":0.143872,"12.1":0.993616,"15":null,"16":0.004496,"17":0.008992,"18":0.053952,"19":0.013488,"20":0.026976,"21":0.02248,"22":0.017984,"23":0.004496,"24":0.013488,"25":0.017984,"26":0.026976,"27":0.085424,"28":0.017984,"29":0.02248,"30":0.076432,"31":0.013488,"32":0.026976,"33":0.02248,"34":0.08992,"35":0.062944,"36":0.35968,"37":2.04568,"38":1.510656,"39":0.02248,"40":null},"safari":{"3.1":null,"3.2":null,"4":0.008992,"5":0.058448,"5.1":0.02248,"6":0.008992,"6.1":null,"7":0.004496,"7.1":null,"8":0.058448,"9":0.06744,"9.1":0.242784,"10":null,"0":null},"ios_saf":{"3.2":0,"4.0-4.1":0,"4.2-4.3":0,"5.0-5.1":0,"6.0-6.1":0,"7.0-7.1":0.125130665566,"8":0,"8.1-8.4":0.250752039624,"9.0-9.2":0.541251467134,"9.3":3.83832182768},"android":{"2.1":0,"2.2":0,"2.3":0.0220677110981,"3":0,"4":0.145279098062,"4.1":0.507557355255,"4.2-4.3":1.07212296418,"4.4":2.82650599648,"4.4.3-4.4.4":1.69001887493,"50":null},"op_mob":{"10":0,"11":0,"11.1":0,"11.5":0,"12":0,"12.1":0.0166361503759,"0":0.731990616541},"ie":{"5.5":null,"6":0.0272168571429,"7":0.0136084285714,"8":0.503511857143,"9":0.154228857143,"10":0.163301142857,"11":0.653204571429},"bb":{"7":0.012384,"10":null},"ie_mob":{"10":0.11419410101,"11":0.32062189899},"edge":{"12":0.02248,"13":0.170848,"14":null},"and_ff":{"0":0.038528},"and_uc":{"0":18.174208},"op_mini":{"5.0-8.0":10.3144132331},"and_chr":{"0":10.813984},"samsung":{"0":2.25664}},"total":94.7036477143}