{"id":"VA","name":"Holy See (Vatican City State)","month":"2016-06","access_date":"2016-07-06","data":{"firefox":{"2":null,"3":null,"3.5":null,"3.6":0.08752,"4":null,"5":null,"6":null,"7":null,"8":null,"9":null,"10":null,"11":null,"12":null,"13":null,"14":null,"15":0.035008,"16":0.04376,"17":null,"18":null,"19":null,"20":null,"21":null,"22":null,"23":null,"24":null,"25":null,"26":null,"27":null,"28":null,"29":null,"30":0.08752,"31":null,"32":null,"33":null,"34":null,"35":null,"36":0.385088,"37":null,"38":null,"39":null,"40":null,"41":0.026256,"42":0.008752,"43":0.183792,"44":0.035008,"45":0.201296,"46":6.686528,"47":12.497856,"48":null,"49":null,"50":null},"chrome":{"4":null,"5":null,"6":null,"7":null,"8":null,"9":null,"10":null,"11":null,"12":null,"13":null,"14":null,"15":null,"16":null,"17":null,"18":null,"19":null,"20":null,"21":null,"22":0.140032,"23":null,"24":null,"25":null,"26":0.56888,"27":null,"28":null,"29":0.017504,"30":null,"31":null,"32":null,"33":null,"34":null,"35":null,"36":0.157536,"37":null,"38":0.061264,"39":0.035008,"40":null,"41":null,"42":0.008752,"43":0.17504,"44":null,"45":0.026256,"46":null,"47":0.017504,"48":0.061264,"49":4.621056,"50":11.001264,"51":21.906256,"52":null,"53":0.017504,"54":null},"opera":{"9":null,"9.5-9.6":null,"10.0-10.1":0,"10.5":null,"10.6":null,"11":null,"11.1":null,"11.5":null,"11.6":null,"12":null,"12.1":null,"15":null,"16":null,"17":null,"18":null,"19":null,"20":null,"21":null,"22":null,"23":null,"24":null,"25":null,"26":null,"27":null,"28":null,"29":null,"30":null,"31":null,"32":null,"33":null,"34":null,"35":null,"36":null,"37":0.04376,"38":0.166288,"39":null,"40":null},"safari":{"3.1":null,"3.2":null,"4":0.026256,"5":0.192544,"5.1":0.840192,"6":0.008752,"6.1":0.017504,"7":0.035008,"7.1":0.236304,"8":0.070016,"9":0.070016,"9.1":2.170496,"10":null,"0":null},"ios_saf":{"3.2":0,"4.0-4.1":0,"4.2-4.3":0,"5.0-5.1":0,"6.0-6.1":0,"7.0-7.1":0.166492291817,"8":0,"8.1-8.4":0.333637494583,"9.0-9.2":0.720160775978,"9.3":5.10706943762},"android":{"2.1":0,"2.2":0,"2.3":0.00263816793893,"3":0,"4":0.0173679389313,"4.1":0.0606778625954,"4.2-4.3":0.128170992366,"4.4":0.337905343511,"4.4.3-4.4.4":0.202039694656,"50":null},"op_mob":{"10":0,"11":0,"11.1":0,"11.5":0,"12":0,"12.1":0,"0":0},"ie":{"5.5":null,"6":null,"7":null,"8":0.48136,"9":0.586384,"10":0.647648,"11":20.584704},"bb":{"7":0.00936,"10":null},"ie_mob":{"10":0.182560969697,"11":0.512575030303},"edge":{"12":0.052512,"13":1.216528,"14":null},"and_ff":{"0":0.007488},"and_uc":{"0":null},"op_mini":{"5.0-8.0":0},"and_chr":{"0":3.625712},"samsung":{"0":1.164384}},"total":99.118016}