{"id":"VC","name":"Saint Vincent and the Grenadines","month":"2016-06","access_date":"2016-07-06","data":{"firefox":{"2":null,"3":null,"3.5":null,"3.6":null,"4":null,"5":null,"6":null,"7":null,"8":null,"9":null,"10":0.021444,"11":0.03574,"12":null,"13":null,"14":null,"15":null,"16":0.07148,"17":null,"18":null,"19":null,"20":null,"21":null,"22":null,"23":null,"24":null,"25":0.014296,"26":null,"27":null,"28":null,"29":null,"30":null,"31":null,"32":null,"33":0.014296,"34":null,"35":0.007148,"36":0.014296,"37":0.007148,"38":0.050036,"39":0.100072,"40":0.07148,"41":null,"42":0.07148,"43":0.092924,"44":0.092924,"45":0.100072,"46":1.28664,"47":3.10938,"48":0.150108,"49":null,"50":null},"chrome":{"4":null,"5":null,"6":null,"7":null,"8":null,"9":null,"10":null,"11":0.057184,"12":null,"13":null,"14":null,"15":null,"16":null,"17":null,"18":0.014296,"19":null,"20":null,"21":null,"22":0.042888,"23":null,"24":null,"25":null,"26":null,"27":0.007148,"28":0.007148,"29":null,"30":null,"31":0.021444,"32":0.021444,"33":null,"34":0.007148,"35":0.021444,"36":0.114368,"37":null,"38":null,"39":0.100072,"40":0.021444,"41":0.042888,"42":0.021444,"43":0.400288,"44":0.228736,"45":0.293068,"46":0.185848,"47":0.078628,"48":0.335956,"49":1.28664,"50":8.263088,"51":21.887176,"52":0.257328,"53":0.57184,"54":null},"opera":{"9":null,"9.5-9.6":null,"10.0-10.1":0,"10.5":null,"10.6":null,"11":null,"11.1":null,"11.5":null,"11.6":null,"12":null,"12.1":null,"15":null,"16":null,"17":null,"18":null,"19":null,"20":null,"21":null,"22":null,"23":null,"24":null,"25":null,"26":null,"27":null,"28":null,"29":0.021444,"30":null,"31":null,"32":null,"33":null,"34":0.014296,"35":0.014296,"36":0.021444,"37":0.293068,"38":0.328808,"39":null,"40":null},"safari":{"3.1":null,"3.2":null,"4":0.078628,"5":null,"5.1":0.10722,"6":null,"6.1":0.021444,"7":0.128664,"7.1":0.014296,"8":0.121516,"9":0.1787,"9.1":0.936388,"10":null,"0":null},"ios_saf":{"3.2":0,"4.0-4.1":0,"4.2-4.3":0,"5.0-5.1":0,"6.0-6.1":0,"7.0-7.1":0.0806264688887,"8":0,"8.1-8.4":0.161569120008,"9.0-9.2":0.348749000722,"9.3":2.47317741038},"android":{"2.1":0,"2.2":0,"2.3":0.0191986964181,"3":0,"4":0.126391418086,"4.1":0.441570017616,"4.2-4.3":0.932736667645,"4.4":2.45903303288,"4.4.3-4.4.4":1.47030016735,"50":null},"op_mob":{"10":0,"11":0,"11.1":0,"11.5":0,"12":0,"12.1":0.000540568421053,"0":0.0237850105263},"ie":{"5.5":null,"6":null,"7":null,"8":0.493212,"9":0.207292,"10":0.28592,"11":15.897152},"bb":{"7":0.3038445,"10":null},"ie_mob":{"10":0.253254181818,"11":0.711059818182},"edge":{"12":0.271624,"13":7.026484,"14":null},"and_ff":{"0":0.014265},"and_uc":{"0":0.8559},"op_mini":{"5.0-8.0":0.335152421053},"and_chr":{"0":19.017955},"samsung":{"0":1.620504}},"total":97.7114285}