{"id":"VE","name":"Venezuela","month":"2016-06","access_date":"2016-07-06","data":{"firefox":{"2":0.0288,"3":0.0432,"3.5":0.0144,"3.6":0.3096,"4":0.0144,"5":0.0072,"6":0.0576,"7":null,"8":0.792,"9":null,"10":0.0072,"11":0.0144,"12":0.0288,"13":0.0216,"14":0.0216,"15":null,"16":0.0216,"17":null,"18":0.0072,"19":0.0072,"20":0.0216,"21":0.0144,"22":0.0072,"23":0.0864,"24":0.0144,"25":0.0144,"26":0.108,"27":0.3384,"28":0.0216,"29":0.0288,"30":0.0432,"31":0.0432,"32":0.0216,"33":0.0288,"34":0.0288,"35":0.0504,"36":0.036,"37":0.0576,"38":0.1008,"39":0.0936,"40":0.1224,"41":0.0864,"42":0.1224,"43":0.3816,"44":0.1728,"45":0.3168,"46":3.1392,"47":5.7312,"48":0.072,"49":0.0072,"50":null},"chrome":{"4":null,"5":null,"6":0.1152,"7":null,"8":0.0072,"9":null,"10":null,"11":0.0432,"12":0.0216,"13":0.0144,"14":null,"15":null,"16":null,"17":null,"18":0.0216,"19":null,"20":0.0576,"21":0.0216,"22":0.0144,"23":0.0144,"24":0.036,"25":0.0144,"26":0.0288,"27":0.036,"28":0.0072,"29":1.0728,"30":0.0216,"31":0.0432,"32":0.0288,"33":0.036,"34":0.0432,"35":0.0576,"36":0.072,"37":0.072,"38":0.072,"39":0.0936,"40":0.0576,"41":0.144,"42":0.0576,"43":0.1944,"44":0.2376,"45":0.2448,"46":0.4392,"47":0.5112,"48":0.4824,"49":7.0848,"50":9.6768,"51":29.376,"52":0.1224,"53":0.0504,"54":null},"opera":{"9":null,"9.5-9.6":null,"10.0-10.1":0,"10.5":null,"10.6":null,"11":null,"11.1":null,"11.5":null,"11.6":null,"12":null,"12.1":0.0144,"15":null,"16":null,"17":null,"18":null,"19":null,"20":null,"21":null,"22":null,"23":null,"24":null,"25":null,"26":null,"27":null,"28":null,"29":0.0144,"30":null,"31":null,"32":null,"33":0.0072,"34":0.0216,"35":0.0216,"36":0.1008,"37":0.2016,"38":0.3744,"39":null,"40":null},"safari":{"3.1":null,"3.2":null,"4":0.0144,"5":0.036,"5.1":0.036,"6":null,"6.1":0.0288,"7":0.0144,"7.1":0.0144,"8":0.072,"9":0.0936,"9.1":0.3384,"10":null,"0":null},"ios_saf":{"3.2":0,"4.0-4.1":0,"4.2-4.3":0,"5.0-5.1":0,"6.0-6.1":0,"7.0-7.1":0.075371169126,"8":0,"8.1-8.4":0.151037911464,"9.0-9.2":0.326017253121,"9.3":2.31197366629},"android":{"2.1":0,"2.2":0,"2.3":0.0268326482678,"3":0,"4":0.176648267763,"4.1":0.617150910159,"4.2-4.3":1.30361949501,"4.4":3.4368150323,"4.4.3-4.4.4":2.05493364651,"50":null},"op_mob":{"10":0,"11":0,"11.1":0,"11.5":0,"12":0,"12.1":0.00285052631579,"0":0.125423157895},"ie":{"5.5":null,"6":0.0223854545455,"7":0.0223854545455,"8":0.440247272727,"9":0.179083636364,"10":0.179083636364,"11":1.61921454545},"bb":{"7":0.3626,"10":null},"ie_mob":{"10":0.178690909091,"11":0.501709090909},"edge":{"12":0.1008,"13":0.5256,"14":null},"and_ff":{"0":0.0952},"and_uc":{"0":0.2772},"op_mini":{"5.0-8.0":1.76732631579},"and_chr":{"0":15.6116},"samsung":{"0":0.4648}},"total":97.8142}