{"id":"VG","name":"British Virgin Islands","month":"2016-06","access_date":"2016-07-06","data":{"firefox":{"2":null,"3":0.012696,"3.5":null,"3.6":null,"4":null,"5":0.012696,"6":0.114264,"7":null,"8":null,"9":null,"10":null,"11":null,"12":null,"13":null,"14":0.025392,"15":null,"16":0.133308,"17":null,"18":null,"19":null,"20":null,"21":0.006348,"22":null,"23":null,"24":null,"25":null,"26":null,"27":null,"28":0.03174,"29":0.03174,"30":0.057132,"31":0.044436,"32":null,"33":null,"34":0.012696,"35":null,"36":0.012696,"37":0.006348,"38":0.012696,"39":0.038088,"40":0.482448,"41":0.012696,"42":0.025392,"43":0.120612,"44":0.019044,"45":0.272964,"46":2.469372,"47":3.6501,"48":0.025392,"49":null,"50":null},"chrome":{"4":null,"5":null,"6":null,"7":null,"8":null,"9":null,"10":null,"11":0.209484,"12":null,"13":null,"14":null,"15":null,"16":0.006348,"17":null,"18":null,"19":null,"20":null,"21":null,"22":null,"23":null,"24":null,"25":null,"26":null,"27":null,"28":null,"29":null,"30":null,"31":0.06348,"32":0.050784,"33":0.012696,"34":0.019044,"35":0.006348,"36":0.323748,"37":0.019044,"38":0.069828,"39":0.03174,"40":0.1587,"41":0.019044,"42":null,"43":0.241224,"44":0.101568,"45":0.19044,"46":0.038088,"47":0.152352,"48":0.3174,"49":2.558244,"50":7.992132,"51":18.358416,"52":0.120612,"53":0.1587,"54":null},"opera":{"9":null,"9.5-9.6":null,"10.0-10.1":0,"10.5":null,"10.6":null,"11":null,"11.1":null,"11.5":null,"11.6":null,"12":null,"12.1":0.012696,"15":null,"16":null,"17":null,"18":null,"19":null,"20":null,"21":null,"22":null,"23":null,"24":null,"25":null,"26":null,"27":0.03174,"28":null,"29":0.057132,"30":0.012696,"31":null,"32":null,"33":null,"34":null,"35":0.06348,"36":0.038088,"37":0.323748,"38":0.53958,"39":null,"40":null},"safari":{"3.1":null,"3.2":null,"4":0.025392,"5":null,"5.1":0.165048,"6":null,"6.1":0.019044,"7":null,"7.1":null,"8":0.609408,"9":0.501492,"9.1":3.345396,"10":null,"0":null},"ios_saf":{"3.2":0,"4.0-4.1":0,"4.2-4.3":0,"5.0-5.1":0,"6.0-6.1":0,"7.0-7.1":0.318459977299,"8":0,"8.1-8.4":0.638168817253,"9.0-9.2":1.37749550965,"9.3":9.7686036958},"android":{"2.1":0,"2.2":0,"2.3":0.0104091650029,"3":0,"4":0.068527002936,"4.1":0.239410795068,"4.2-4.3":0.505711933059,"4.4":1.33324055079,"4.4.3-4.4.4":0.797168553142,"50":null},"op_mob":{"10":0,"11":0,"11.1":0,"11.5":0,"12":0,"12.1":0.0013674406015,"0":0.0601673864662},"ie":{"5.5":null,"6":0.207436513076,"7":0.0777886924035,"8":1.5039147198,"9":0.985323437111,"10":0.44728498132,"11":7.18248926526},"bb":{"7":0.074866,"10":null},"ie_mob":{"10":0.142907555556,"11":0.401240444444},"edge":{"12":0.3174,"13":4.462644,"14":null},"and_ff":{"0":null},"and_uc":{"0":0.964128},"op_mini":{"5.0-8.0":0.847813172932},"and_chr":{"0":17.593892},"samsung":{"0":3.717736}},"total":98.640295609}