{"id":"VI","name":"Virgin Islands (US)","month":"2016-06","access_date":"2016-07-06","data":{"firefox":{"2":null,"3":null,"3.5":null,"3.6":null,"4":null,"5":null,"6":null,"7":null,"8":null,"9":null,"10":0.005777,"11":0.005777,"12":0.011554,"13":null,"14":null,"15":null,"16":0.005777,"17":null,"18":null,"19":null,"20":0.005777,"21":0.11554,"22":0.011554,"23":0.028885,"24":0.011554,"25":0.017331,"26":null,"27":0.011554,"28":0.011554,"29":0.028885,"30":null,"31":0.023108,"32":null,"33":0.005777,"34":0.034662,"35":0.005777,"36":0.011554,"37":0.092432,"38":0.259965,"39":0.017331,"40":0.017331,"41":0.034662,"42":0.069324,"43":0.121317,"44":0.063547,"45":0.103986,"46":2.645866,"47":4.748694,"48":0.063547,"49":null,"50":null},"chrome":{"4":null,"5":null,"6":null,"7":null,"8":null,"9":null,"10":null,"11":0.011554,"12":null,"13":null,"14":null,"15":null,"16":null,"17":null,"18":null,"19":null,"20":null,"21":null,"22":0.034662,"23":null,"24":0.005777,"25":null,"26":null,"27":0.046216,"28":0.028885,"29":0.190641,"30":0.023108,"31":0.011554,"32":0.040439,"33":0.034662,"34":0.017331,"35":0.034662,"36":0.05777,"37":0.063547,"38":0.011554,"39":0.051993,"40":0.023108,"41":0.254188,"42":0.028885,"43":0.069324,"44":0.028885,"45":0.121317,"46":0.028885,"47":0.069324,"48":0.080878,"49":2.333908,"50":6.822637,"51":14.881552,"52":0.080878,"53":0.103986,"54":null},"opera":{"9":null,"9.5-9.6":null,"10.0-10.1":0,"10.5":null,"10.6":null,"11":null,"11.1":null,"11.5":null,"11.6":0.011554,"12":0.023108,"12.1":0.028885,"15":null,"16":null,"17":null,"18":null,"19":null,"20":null,"21":null,"22":null,"23":null,"24":null,"25":null,"26":null,"27":null,"28":0.144425,"29":0.011554,"30":null,"31":null,"32":null,"33":null,"34":null,"35":null,"36":null,"37":0.103986,"38":0.063547,"39":null,"40":null},"safari":{"3.1":null,"3.2":null,"4":0,"5":0.023108,"5.1":0.444829,"6":0.011554,"6.1":0.144425,"7":0.051993,"7.1":0.040439,"8":0.647024,"9":0.803003,"9.1":3.275559,"10":null,"0":null},"ios_saf":{"3.2":0,"4.0-4.1":0,"4.2-4.3":0,"5.0-5.1":0,"6.0-6.1":0,"7.0-7.1":0.466259987617,"8":0,"8.1-8.4":0.934348445774,"9.0-9.2":2.01680300526,"9.3":14.3022965613},"android":{"2.1":0,"2.2":0,"2.3":0.00605552906635,"3":0,"4":0.0398655663535,"4.1":0.139277168526,"4.2-4.3":0.29419778714,"4.4":0.775612347915,"4.4.3-4.4.4":0.463752600998,"50":null},"op_mob":{"10":0,"11":0,"11.1":0,"11.5":0,"12":0,"12.1":0.000114306766917,"0":0.00502949774436},"ie":{"5.5":null,"6":null,"7":0.0115666411379,"8":0.179282937637,"9":0.763398315098,"10":0.69978178884,"11":8.91788031729},"bb":{"7":0.19953675,"10":null},"ie_mob":{"10":0.490209252525,"11":1.37635674747},"edge":{"12":0.415944,"13":4.766025,"14":null},"and_ff":{"0":0.135136},"and_uc":{"0":0.198481},"op_mini":{"5.0-8.0":0.0708701954887},"and_chr":{"0":15.231168},"samsung":{"0":5.198513}},"total":98.10926475}