{"id":"VN","name":"Viet Nam","month":"2016-06","access_date":"2016-07-06","data":{"firefox":{"2":null,"3":0.05444,"3.5":null,"3.6":0.02722,"4":0.020415,"5":0.020415,"6":0.197345,"7":null,"8":null,"9":0.006805,"10":0.006805,"11":0.020415,"12":0.04083,"13":0.006805,"14":0.01361,"15":0.02722,"16":0.01361,"17":0.006805,"18":0.01361,"19":0.020415,"20":0.020415,"21":0.006805,"22":0.088465,"23":0.020415,"24":0.01361,"25":0.006805,"26":0.01361,"27":null,"28":0.01361,"29":0.02722,"30":0.020415,"31":0.020415,"32":0.020415,"33":0.04083,"34":0.02722,"35":0.034025,"36":0.047635,"37":0.02722,"38":0.06805,"39":0.08166,"40":0.074855,"41":0.08166,"42":0.224565,"43":0.292615,"44":0.142905,"45":0.14971,"46":1.680835,"47":3.001005,"48":0.08166,"49":null,"50":null},"chrome":{"4":null,"5":null,"6":null,"7":null,"8":null,"9":null,"10":0.01361,"11":0.02722,"12":0.01361,"13":null,"14":null,"15":null,"16":0.006805,"17":0.01361,"18":null,"19":0.034025,"20":0.02722,"21":0.020415,"22":0.04083,"23":0.01361,"24":null,"25":0.01361,"26":0.02722,"27":0.006805,"28":0.02722,"29":3.93329,"30":0.01361,"31":0.088465,"32":0.02722,"33":0.04083,"34":0.05444,"35":0.01361,"36":0.02722,"37":0.020415,"38":0.047635,"39":0.06805,"40":0.04083,"41":0.08166,"42":0.047635,"43":0.197345,"44":0.183735,"45":0.224565,"46":0.87104,"47":0.84382,"48":0.728135,"49":4.17827,"50":6.076865,"51":19.28537,"52":0.12249,"53":0.06805,"54":null},"opera":{"9":null,"9.5-9.6":null,"10.0-10.1":0,"10.5":null,"10.6":null,"11":null,"11.1":null,"11.5":null,"11.6":null,"12":null,"12.1":0.034025,"15":null,"16":null,"17":null,"18":null,"19":null,"20":null,"21":null,"22":null,"23":null,"24":null,"25":null,"26":null,"27":null,"28":0.01361,"29":null,"30":null,"31":null,"32":null,"33":0.01361,"34":0.04083,"35":null,"36":0.01361,"37":0.074855,"38":0.129295,"39":null,"40":null},"safari":{"3.1":null,"3.2":null,"4":0.047635,"5":0.006805,"5.1":0.02722,"6":0.006805,"6.1":0.01361,"7":0.034025,"7.1":0.01361,"8":0.12249,"9":0.19054,"9.1":0.592035,"10":null,"0":null},"ios_saf":{"3.2":0,"4.0-4.1":0,"4.2-4.3":0,"5.0-5.1":0,"6.0-6.1":0,"7.0-7.1":0.293405247137,"8":0,"8.1-8.4":0.587961103085,"9.0-9.2":1.26912151997,"9.3":9.00006212981},"android":{"2.1":0,"2.2":0,"2.3":0.00801470346447,"3":0,"4":0.0527634644745,"4.1":0.184338179683,"4.2-4.3":0.389381009982,"4.4":1.02654993541,"4.4.3-4.4.4":0.613792706988,"50":null},"op_mob":{"10":0,"11":0,"11.1":0,"11.5":0,"12":0,"12.1":0.00115308270677,"0":0.0507356390977},"ie":{"5.5":null,"6":0.131844764268,"7":0.0412014888337,"8":1.31844764268,"9":0.337852208437,"10":0.453216377171,"11":1.03827751861},"bb":{"7":0.08227125,"10":null},"ie_mob":{"10":0.631835454545,"11":1.77399954545},"edge":{"12":0.06805,"13":0.306225,"14":0.006805},"and_ff":{"0":0.03195},"and_uc":{"0":1.92339},"op_mini":{"5.0-8.0":0.714911278195},"and_chr":{"0":12.65595},"samsung":{"0":1.670985}},"total":82.43492125}