{"id":"VU","name":"Vanuatu","month":"2016-06","access_date":"2016-07-06","data":{"firefox":{"2":null,"3":0.012156,"3.5":0.036468,"3.6":0.036468,"4":null,"5":null,"6":0.054702,"7":0.006078,"8":null,"9":null,"10":null,"11":null,"12":0.012156,"13":null,"14":null,"15":null,"16":0.145872,"17":0.012156,"18":0.036468,"19":null,"20":0.018234,"21":0.048624,"22":null,"23":null,"24":null,"25":null,"26":null,"27":null,"28":0.006078,"29":0.06078,"30":0.03039,"31":0.012156,"32":0.978558,"33":0.024312,"34":0.316056,"35":0.079014,"36":0.024312,"37":0.066858,"38":0.200574,"39":0.024312,"40":0.249198,"41":0.042546,"42":0.012156,"43":0.474084,"44":0.097248,"45":0.188418,"46":3.470538,"47":6.345432,"48":0.69897,"49":null,"50":null},"chrome":{"4":null,"5":null,"6":null,"7":null,"8":null,"9":null,"10":null,"11":null,"12":0.006078,"13":null,"14":0.024312,"15":null,"16":0.018234,"17":null,"18":0.006078,"19":null,"20":0.012156,"21":null,"22":null,"23":null,"24":0.042546,"25":null,"26":0.012156,"27":0.024312,"28":0.03039,"29":0.923856,"30":null,"31":0.042546,"32":0.048624,"33":0.036468,"34":0.133716,"35":0.018234,"36":0.036468,"37":0.024312,"38":0.048624,"39":null,"40":0.164106,"41":null,"42":0.03039,"43":0.12156,"44":0.127638,"45":0.601722,"46":0.158028,"47":0.194496,"48":0.072936,"49":0.814452,"50":10.168494,"51":15.000504,"52":0.170184,"53":0.382914,"54":null},"opera":{"9":null,"9.5-9.6":null,"10.0-10.1":0,"10.5":null,"10.6":null,"11":null,"11.1":null,"11.5":null,"11.6":null,"12":0.018234,"12.1":null,"15":null,"16":null,"17":null,"18":null,"19":null,"20":null,"21":null,"22":null,"23":null,"24":null,"25":null,"26":null,"27":null,"28":null,"29":null,"30":null,"31":null,"32":null,"33":null,"34":null,"35":null,"36":null,"37":0.12156,"38":0.39507,"39":null,"40":null},"safari":{"3.1":null,"3.2":null,"4":0,"5":0.018234,"5.1":0.072936,"6":0.006078,"6.1":0.079014,"7":0.024312,"7.1":0.079014,"8":0.285666,"9":0.352524,"9.1":0.984636,"10":null,"0":null},"ios_saf":{"3.2":0,"4.0-4.1":0,"4.2-4.3":0,"5.0-5.1":0,"6.0-6.1":0,"7.0-7.1":0.07956710453,"8":0,"8.1-8.4":0.159446236921,"9.0-9.2":0.344166730575,"9.3":2.44068192797},"android":{"2.1":0,"2.2":0,"2.3":0.0351667293012,"3":0,"4":0.231514301233,"4.1":0.808834773928,"4.2-4.3":1.70851693188,"4.4":4.50427191133,"4.4.3-4.4.4":2.69318535232,"50":null},"op_mob":{"10":0,"11":0,"11.1":0,"11.5":0,"12":0,"12.1":0.000749013533835,"0":0.0329565954887},"ie":{"5.5":null,"6":0.0184019187432,"7":null,"8":2.42905327411,"9":1.29426828494,"10":1.15932088082,"11":6.42226964139},"bb":{"7":0.0029415,"10":null},"ie_mob":{"10":0.361537090909,"11":1.01508490909},"edge":{"12":0.27351,"13":1.075806,"14":null},"and_ff":{"0":2.243384},"and_uc":{"0":2.05905},"op_mini":{"5.0-8.0":0.464388390977},"and_chr":{"0":19.206094},"samsung":{"0":2.502236}},"total":99.3215875}