{"id":"WF","name":"Wallis and Futuna","month":"2016-06","access_date":"2016-07-06","data":{"firefox":{"2":null,"3":0.018474,"3.5":null,"3.6":0.314058,"4":null,"5":null,"6":null,"7":null,"8":null,"9":null,"10":null,"11":null,"12":null,"13":null,"14":0.135476,"15":null,"16":0.018474,"17":0.036948,"18":null,"19":null,"20":null,"21":null,"22":null,"23":1.059176,"24":null,"25":null,"26":null,"27":null,"28":null,"29":null,"30":null,"31":0.036948,"32":null,"33":null,"34":null,"35":null,"36":null,"37":0.018474,"38":0.252478,"39":0.252478,"40":0.06158,"41":null,"42":null,"43":0.628116,"44":0.135476,"45":0.825172,"46":6.305792,"47":9.76043,"48":0.036948,"49":null,"50":null},"chrome":{"4":null,"5":null,"6":null,"7":null,"8":null,"9":null,"10":null,"11":null,"12":null,"13":null,"14":null,"15":null,"16":null,"17":null,"18":0.018474,"19":null,"20":null,"21":null,"22":0.018474,"23":0.06158,"24":null,"25":0.018474,"26":null,"27":null,"28":0.27711,"29":null,"30":null,"31":null,"32":null,"33":null,"34":0.06158,"35":null,"36":null,"37":null,"38":null,"39":null,"40":null,"41":null,"42":0.018474,"43":null,"44":null,"45":0.098528,"46":0.234004,"47":0.036948,"48":0.905226,"49":1.687292,"50":5.874732,"51":19.896498,"52":null,"53":null,"54":null},"opera":{"9":null,"9.5-9.6":null,"10.0-10.1":0,"10.5":null,"10.6":null,"11":null,"11.1":null,"11.5":null,"11.6":null,"12":null,"12.1":0.018474,"15":null,"16":null,"17":null,"18":null,"19":null,"20":null,"21":null,"22":null,"23":null,"24":null,"25":null,"26":null,"27":null,"28":null,"29":null,"30":null,"31":null,"32":null,"33":null,"34":0.018474,"35":null,"36":null,"37":null,"38":null,"39":null,"40":null},"safari":{"3.1":null,"3.2":null,"4":0,"5":0.018474,"5.1":null,"6":null,"6.1":null,"7":null,"7.1":null,"8":1.040702,"9":1.687292,"9.1":0.726644,"10":null,"0":null},"ios_saf":{"3.2":0,"4.0-4.1":0,"4.2-4.3":0,"5.0-5.1":0,"6.0-6.1":0,"7.0-7.1":0.0399324579507,"8":0,"8.1-8.4":0.0800215137757,"9.0-9.2":0.172727455371,"9.3":1.2249085729},"android":{"2.1":0,"2.2":0,"2.3":0.0127510182032,"3":0,"4":0.0839442031709,"4.1":0.293273418673,"4.2-4.3":0.619486967704,"4.4":1.63319291486,"4.4.3-4.4.4":0.976515477393,"50":null},"op_mob":{"10":0,"11":0,"11.1":0,"11.5":0,"12":0,"12.1":0.000184878195489,"0":0.0081346406015},"ie":{"5.5":null,"6":null,"7":null,"8":0.080054,"9":0.332532,"10":0.9237,"11":3.553166},"bb":{"7":0,"10":null},"ie_mob":{"10":0.0565045656566,"11":0.158647434343},"edge":{"12":0.886752,"13":0.745118,"14":null},"and_ff":{"0":null},"and_uc":{"0":null},"op_mini":{"5.0-8.0":0.114624481203},"and_chr":{"0":27.293094},"samsung":{"0":3.680636}},"total":95.583854}