{"id":"WS","name":"Samoa","month":"2016-06","access_date":"2016-07-06","data":{"firefox":{"2":null,"3":0.074646,"3.5":0.008613,"3.6":null,"4":0.017226,"5":0.011484,"6":0.178002,"7":null,"8":null,"9":null,"10":0.022968,"11":0.02871,"12":0.066033,"13":null,"14":0.014355,"15":null,"16":0.002871,"17":null,"18":0.025839,"19":0.152163,"20":0.063162,"21":0.169389,"22":null,"23":null,"24":null,"25":null,"26":0.005742,"27":0.008613,"28":0.008613,"29":0.017226,"30":0.045936,"31":0.011484,"32":0.014355,"33":0.011484,"34":0.005742,"35":0.008613,"36":0.014355,"37":0.017226,"38":0.008613,"39":0.008613,"40":0.14355,"41":0.05742,"42":0.060291,"43":0.163647,"44":0.060291,"45":0.08613,"46":1.481436,"47":2.902581,"48":0.149292,"49":null,"50":null},"chrome":{"4":null,"5":null,"6":null,"7":null,"8":null,"9":null,"10":null,"11":null,"12":0.011484,"13":null,"14":0.100485,"15":null,"16":null,"17":null,"18":0.051678,"19":null,"20":null,"21":null,"22":0.002871,"23":null,"24":null,"25":null,"26":null,"27":0.218196,"28":null,"29":0.002871,"30":0.002871,"31":0.020097,"32":null,"33":null,"34":null,"35":0.011484,"36":0.014355,"37":null,"38":0.017226,"39":0.008613,"40":0.037323,"41":null,"42":0.002871,"43":0.034452,"44":0.111969,"45":0.022968,"46":0.031581,"47":0.071775,"48":0.117711,"49":1.027818,"50":4.484502,"51":8.380449,"52":0.011484,"53":0.011484,"54":null},"opera":{"9":null,"9.5-9.6":null,"10.0-10.1":0,"10.5":null,"10.6":null,"11":null,"11.1":null,"11.5":null,"11.6":null,"12":null,"12.1":null,"15":null,"16":null,"17":null,"18":null,"19":null,"20":null,"21":null,"22":null,"23":null,"24":null,"25":null,"26":null,"27":null,"28":null,"29":0.008613,"30":null,"31":null,"32":null,"33":0.014355,"34":null,"35":0.140679,"36":0.040194,"37":0.008613,"38":0.005742,"39":null,"40":null},"safari":{"3.1":null,"3.2":null,"4":0,"5":0.025839,"5.1":0.017226,"6":null,"6.1":0.020097,"7":null,"7.1":null,"8":0.149292,"9":0.129195,"9.1":0.502425,"10":null,"0":null},"ios_saf":{"3.2":0,"4.0-4.1":0,"4.2-4.3":0,"5.0-5.1":0,"6.0-6.1":0,"7.0-7.1":0.0275751279538,"8":0,"8.1-8.4":0.0552583936642,"9.0-9.2":0.11927594562,"9.3":0.845853532762},"android":{"2.1":0,"2.2":0,"2.3":0.00148189430417,"3":0,"4":0.00975580416911,"4.1":0.0340835689959,"4.2-4.3":0.0719953649442,"4.4":0.189805962126,"4.4.3-4.4.4":0.113488405461,"50":null},"op_mob":{"10":0,"11":0,"11.1":0,"11.5":0,"12":0,"12.1":0.0706467819549,"0":3.10845840602},"ie":{"5.5":null,"6":null,"7":0.008613,"8":1.056528,"9":1.34937,"10":0.198099,"11":3.143745},"bb":{"7":0.035645,"10":null},"ie_mob":{"10":0.0168503636364,"11":0.0473106363636},"edge":{"12":0.246906,"13":0.307197,"14":null},"and_ff":{"0":null},"and_uc":{"0":20.652713},"op_mini":{"5.0-8.0":43.801004812},"and_chr":{"0":1.706964},"samsung":{"0":0.28516}},"total":99.501387}