{"id":"YE","name":"Yemen","month":"2016-06","access_date":"2016-07-06","data":{"firefox":{"2":0.006564,"3":0.062358,"3.5":null,"3.6":0.01641,"4":0.04923,"5":0.006564,"6":0.029538,"7":0.003282,"8":0.042666,"9":0.009846,"10":0.045948,"11":0.039384,"12":0.068922,"13":0.022974,"14":0.003282,"15":0.127998,"16":0.01641,"17":0.029538,"18":0.052512,"19":0.01641,"20":0.045948,"21":0.111588,"22":0.04923,"23":0.026256,"24":0.078768,"25":0.019692,"26":0.095178,"27":0.03282,"28":0.039384,"29":0.078768,"30":0.111588,"31":0.078768,"32":0.121434,"33":0.085332,"34":0.150972,"35":0.170664,"36":0.1641,"37":0.091896,"38":0.31179,"39":0.183792,"40":0.282252,"41":0.351174,"42":0.187074,"43":0.797526,"44":0.288816,"45":0.54153,"46":2.061096,"47":2.582934,"48":0.08205,"49":null,"50":null},"chrome":{"4":null,"5":0.009846,"6":0.006564,"7":0.009846,"8":0.006564,"9":null,"10":0.013128,"11":0.101742,"12":0.013128,"13":0.01641,"14":0.042666,"15":0.013128,"16":0.013128,"17":0.022974,"18":0.009846,"19":0.026256,"20":0.01641,"21":0.006564,"22":0.157536,"23":0.059076,"24":0.078768,"25":0.039384,"26":0.01641,"27":0.052512,"28":0.026256,"29":0.121434,"30":0.036102,"31":0.439788,"32":0.111588,"33":0.193638,"34":0.085332,"35":0.059076,"36":0.085332,"37":0.108306,"38":0.252714,"39":0.200202,"40":0.216612,"41":0.190356,"42":0.072204,"43":0.502146,"44":0.269124,"45":0.341328,"46":0.324918,"47":0.469326,"48":0.446352,"49":1.841202,"50":3.570816,"51":7.305732,"52":0.026256,"53":0.01641,"54":null},"opera":{"9":null,"9.5-9.6":null,"10.0-10.1":0,"10.5":null,"10.6":null,"11":null,"11.1":null,"11.5":null,"11.6":null,"12":null,"12.1":null,"15":0.003282,"16":null,"17":null,"18":0.013128,"19":0.022974,"20":null,"21":null,"22":null,"23":null,"24":0.009846,"25":null,"26":null,"27":0.006564,"28":0.019692,"29":0.055794,"30":0.019692,"31":0.003282,"32":0.059076,"33":0.04923,"34":0.088614,"35":0.045948,"36":0.036102,"37":0.14769,"38":0.039384,"39":0.006564,"40":null},"safari":{"3.1":null,"3.2":null,"4":0,"5":0.026256,"5.1":0.013128,"6":0.006564,"6.1":null,"7":0.013128,"7.1":0.078768,"8":0.14769,"9":0.078768,"9.1":0.078768,"10":null,"0":null},"ios_saf":{"3.2":0,"4.0-4.1":0,"4.2-4.3":0,"5.0-5.1":0,"6.0-6.1":0,"7.0-7.1":0.13434613559,"8":0,"8.1-8.4":0.26921911877,"9.0-9.2":0.581112892374,"9.3":4.12100185327},"android":{"2.1":0,"2.2":0,"2.3":0.0620596453318,"3":0,"4":0.408559331767,"4.1":1.42737184263,"4.2-4.3":3.0150644357,"4.4":7.94880623958,"4.4.3-4.4.4":4.75273450499,"50":null},"op_mob":{"10":0,"11":0,"11.1":0,"11.5":0,"12":0,"12.1":0.00938499548872,"0":0.412939801504},"ie":{"5.5":null,"6":0.0507173111782,"7":0.00338115407855,"8":0.287398096677,"9":0.104815776435,"10":0.0980534682779,"11":0.574796193353},"bb":{"7":0.006718,"10":null},"ie_mob":{"10":0.0352864646465,"11":0.0990735353535},"edge":{"12":0.042666,"13":0.167382,"14":null},"and_ff":{"0":0.10077},"and_uc":{"0":14.71242},"op_mini":{"5.0-8.0":5.81869720301},"and_chr":{"0":21.951304},"samsung":{"0":2.223658}},"total":98.406362}