{"id":"YT","name":"Mayotte","month":"2016-06","access_date":"2016-07-06","data":{"firefox":{"2":null,"3":0.020889,"3.5":null,"3.6":0.06963,"4":null,"5":null,"6":null,"7":null,"8":null,"9":null,"10":null,"11":null,"12":null,"13":null,"14":0.013926,"15":0.006963,"16":0.174075,"17":0.027852,"18":null,"19":null,"20":null,"21":null,"22":0.020889,"23":0.006963,"24":0.034815,"25":0.006963,"26":0.041778,"27":null,"28":null,"29":0.013926,"30":0.020889,"31":0.041778,"32":0.020889,"33":0.020889,"34":0.167112,"35":0.06963,"36":0.090519,"37":0.06963,"38":0.104445,"39":0.041778,"40":0.153186,"41":0.048741,"42":0.111408,"43":0.355113,"44":0.215853,"45":0.382965,"46":4.644321,"47":9.567162,"48":0.104445,"49":0.027852,"50":null},"chrome":{"4":null,"5":null,"6":null,"7":null,"8":null,"9":null,"10":0.013926,"11":0.041778,"12":null,"13":null,"14":null,"15":null,"16":null,"17":null,"18":null,"19":null,"20":null,"21":null,"22":null,"23":0.020889,"24":0.013926,"25":null,"26":null,"27":null,"28":0.020889,"29":0.027852,"30":null,"31":0.034815,"32":0.104445,"33":0.027852,"34":0.013926,"35":0.034815,"36":0.201927,"37":null,"38":null,"39":0.174075,"40":0.181038,"41":null,"42":0.048741,"43":0.229779,"44":0.076593,"45":0.201927,"46":0.236742,"47":0.062667,"48":0.194964,"49":1.46223,"50":8.00745,"51":25.387098,"52":0.153186,"53":0.013926,"54":null},"opera":{"9":null,"9.5-9.6":null,"10.0-10.1":0,"10.5":null,"10.6":null,"11":null,"11.1":null,"11.5":null,"11.6":null,"12":null,"12.1":null,"15":null,"16":null,"17":null,"18":null,"19":null,"20":null,"21":null,"22":null,"23":null,"24":null,"25":null,"26":null,"27":0.020889,"28":null,"29":null,"30":null,"31":null,"32":null,"33":null,"34":null,"35":0.048741,"36":0.076593,"37":0.438669,"38":0.703263,"39":null,"40":null},"safari":{"3.1":null,"3.2":null,"4":0.041778,"5":0.215853,"5.1":0.083556,"6":null,"6.1":0.041778,"7":0.041778,"7.1":null,"8":0.215853,"9":0.508299,"9.1":2.0889,"10":null,"0":null},"ios_saf":{"3.2":0,"4.0-4.1":0,"4.2-4.3":0,"5.0-5.1":0,"6.0-6.1":0,"7.0-7.1":0.0642498957796,"8":0,"8.1-8.4":0.128751751935,"9.0-9.2":0.277912294294,"9.3":1.97083405799},"android":{"2.1":0,"2.2":0,"2.3":0.00994024544921,"3":0,"4":0.0654399492073,"4.1":0.228625645332,"4.2-4.3":0.482930258074,"4.4":1.27317977129,"4.4.3-4.4.4":0.761257130652,"50":null},"op_mob":{"10":0,"11":0,"11.1":0,"11.5":0,"12":0,"12.1":0.00744864210526,"0":0.327740252632},"ie":{"5.5":null,"6":null,"7":0.027852,"8":0.132297,"9":0.125334,"10":0.369039,"11":3.648612},"bb":{"7":0.051629,"10":null},"ie_mob":{"10":0.152340828283,"11":0.427726171717},"edge":{"12":0.313335,"13":2.548458,"14":0.048741},"and_ff":{"0":0.051629},"and_uc":{"0":0.63777},"op_mini":{"5.0-8.0":4.61815810526},"and_chr":{"0":18.782045},"samsung":{"0":1.922421}},"total":97.666377}