{"id":"ZA","name":"South Africa","month":"2016-06","access_date":"2016-07-06","data":{"firefox":{"2":null,"3":0.014399,"3.5":null,"3.6":0.010285,"4":0.004114,"5":0.002057,"6":null,"7":null,"8":null,"9":null,"10":0.004114,"11":0.006171,"12":0.006171,"13":null,"14":0.002057,"15":0.002057,"16":0.008228,"17":null,"18":0.004114,"19":0.034969,"20":0.008228,"21":0.006171,"22":0.002057,"23":0.002057,"24":0.002057,"25":0.004114,"26":null,"27":0.002057,"28":0.002057,"29":0.006171,"30":0.008228,"31":0.008228,"32":0.006171,"33":0.008228,"34":0.02057,"35":0.010285,"36":0.014399,"37":0.012342,"38":0.032912,"39":0.022627,"40":0.037026,"41":0.018513,"42":0.022627,"43":0.096679,"44":0.076109,"45":0.086394,"46":0.789888,"47":1.106666,"48":0.059653,"49":0.002057,"50":null},"chrome":{"4":null,"5":null,"6":null,"7":null,"8":null,"9":null,"10":null,"11":0.026741,"12":0.002057,"13":null,"14":null,"15":null,"16":null,"17":null,"18":0.008228,"19":null,"20":null,"21":0.016456,"22":0.004114,"23":0.004114,"24":0.002057,"25":0.004114,"26":0.053482,"27":0.004114,"28":0.004114,"29":0.030855,"30":0.004114,"31":0.032912,"32":0.006171,"33":0.018513,"34":0.014399,"35":0.014399,"36":0.037026,"37":0.010285,"38":0.016456,"39":0.022627,"40":0.092565,"41":0.02057,"42":0.012342,"43":0.08228,"44":0.039083,"45":0.06171,"46":0.024684,"47":0.074052,"48":0.090508,"49":0.645898,"50":2.505426,"51":5.691719,"52":0.026741,"53":0.018513,"54":null},"opera":{"9":null,"9.5-9.6":null,"10.0-10.1":0,"10.5":null,"10.6":null,"11":null,"11.1":null,"11.5":null,"11.6":0.012342,"12":0.002057,"12.1":0.014399,"15":0.002057,"16":null,"17":null,"18":null,"19":null,"20":null,"21":null,"22":null,"23":null,"24":null,"25":null,"26":0.002057,"27":0.002057,"28":0.008228,"29":0.004114,"30":0.014399,"31":null,"32":0.008228,"33":0.014399,"34":0.022627,"35":0.045254,"36":0.026741,"37":0.104907,"38":0.098736,"39":null,"40":null},"safari":{"3.1":null,"3.2":null,"4":0.002057,"5":0.008228,"5.1":0.024684,"6":0.008228,"6.1":0.016456,"7":0.016456,"7.1":0.057596,"8":0.076109,"9":0.117249,"9.1":0.403172,"10":null,"0":null},"ios_saf":{"3.2":0,"4.0-4.1":0,"4.2-4.3":0,"5.0-5.1":0,"6.0-6.1":0,"7.0-7.1":0.0900810458157,"8":0,"8.1-8.4":0.180515350635,"9.0-9.2":0.389644680528,"9.3":2.76319192302},"android":{"2.1":0,"2.2":0,"2.3":0.0123132824427,"3":0,"4":0.0810624427481,"4.1":0.283205496183,"4.2-4.3":0.598220305344,"4.4":1.57712625954,"4.4.3-4.4.4":0.94299221374,"50":null},"op_mob":{"10":0,"11":0,"11.1":0,"11.5":0,"12":0,"12.1":0.0672945293233,"0":2.96095929023},"ie":{"5.5":null,"6":0.0102901735412,"7":0.0185223123742,"8":0.36427214336,"9":0.356040004527,"10":0.3992587334,"11":2.94093159809},"bb":{"7":1.32449525,"10":null},"ie_mob":{"10":0.486047414141,"11":1.36467158586},"edge":{"12":0.113135,"13":0.606815,"14":null},"and_ff":{"0":0.015886},"and_uc":{"0":2.517931},"op_mini":{"5.0-8.0":41.7226081805},"and_chr":{"0":14.269852},"samsung":{"0":5.131178}},"total":94.9981242153}