{"id":"ZM","name":"Zambia","month":"2016-06","access_date":"2016-07-06","data":{"firefox":{"2":null,"3":0.018468,"3.5":0.006156,"3.6":0.021546,"4":0.040014,"5":0.018468,"6":0.012312,"7":0.006156,"8":0.01539,"9":0.049248,"10":0.024624,"11":0.027702,"12":0.06156,"13":0.03078,"14":0.04617,"15":0.040014,"16":0.027702,"17":0.021546,"18":0.009234,"19":0.027702,"20":0.033858,"21":0.040014,"22":0.006156,"23":0.01539,"24":0.01539,"25":0.018468,"26":0.01539,"27":0.018468,"28":0.024624,"29":0.049248,"30":0.040014,"31":0.027702,"32":0.018468,"33":0.027702,"34":0.03078,"35":0.036936,"36":0.024624,"37":0.055404,"38":0.064638,"39":0.067716,"40":0.06156,"41":0.04617,"42":0.067716,"43":0.452466,"44":0.233928,"45":0.273942,"46":2.788668,"47":3.902904,"48":0.474012,"49":0.006156,"50":0.003078},"chrome":{"4":0.006156,"5":null,"6":null,"7":null,"8":null,"9":null,"10":0.003078,"11":0.040014,"12":0.006156,"13":0.006156,"14":null,"15":null,"16":null,"17":null,"18":null,"19":null,"20":null,"21":0.006156,"22":0.006156,"23":null,"24":null,"25":0.009234,"26":0.018468,"27":0.006156,"28":0.009234,"29":0.009234,"30":0.012312,"31":0.01539,"32":0.012312,"33":0.024624,"34":0.018468,"35":0.012312,"36":0.021546,"37":0.01539,"38":0.01539,"39":0.018468,"40":0.033858,"41":0.021546,"42":0.03078,"43":0.135432,"44":0.06156,"45":0.206226,"46":0.049248,"47":0.07695,"48":0.252396,"49":0.53865,"50":2.819448,"51":6.796224,"52":0.043092,"53":0.033858,"54":null},"opera":{"9":null,"9.5-9.6":null,"10.0-10.1":0,"10.5":null,"10.6":null,"11":0.003078,"11.1":0.003078,"11.5":0.012312,"11.6":0.01539,"12":0.012312,"12.1":0.03078,"15":0.003078,"16":null,"17":0.006156,"18":0.009234,"19":null,"20":0.006156,"21":0.006156,"22":null,"23":null,"24":null,"25":0.006156,"26":0.006156,"27":null,"28":0.01539,"29":0.006156,"30":0.009234,"31":0.003078,"32":0.009234,"33":0.009234,"34":0.01539,"35":0.033858,"36":0.04617,"37":0.264708,"38":0.452466,"39":null,"40":null},"safari":{"3.1":null,"3.2":null,"4":0.003078,"5":0.009234,"5.1":0.043092,"6":0.009234,"6.1":0.021546,"7":0.024624,"7.1":0.021546,"8":0.070794,"9":0.101574,"9.1":0.33858,"10":null,"0":null},"ios_saf":{"3.2":0,"4.0-4.1":0,"4.2-4.3":0,"5.0-5.1":0,"6.0-6.1":0,"7.0-7.1":0.031692203075,"8":0,"8.1-8.4":0.0635086892993,"9.0-9.2":0.137084313693,"9.3":0.972142793933},"android":{"2.1":0,"2.2":0,"2.3":0.0162908843218,"3":0,"4":0.107248321785,"4.1":0.374690339401,"4.2-4.3":0.7914654633,"4.4":2.08659076688,"4.4.3-4.4.4":1.24761022431,"50":null},"op_mob":{"10":0,"11":0,"11.1":0,"11.5":0,"12":0,"12.1":0.0657746135338,"0":2.89408299549},"ie":{"5.5":null,"6":0.0154564794816,"7":0.00927388768898,"8":0.612076587473,"9":0.60589399568,"10":0.63989825054,"11":3.83320691145},"bb":{"7":0.332256,"10":null},"ie_mob":{"10":0.587181373737,"11":1.64862462626},"edge":{"12":0.326268,"13":0.732564,"14":0.003078},"and_ff":{"0":0.020766},"and_uc":{"0":5.219188},"op_mini":{"5.0-8.0":40.780260391},"and_chr":{"0":8.419188},"samsung":{"0":2.000458}},"total":97.0401421123}