{"id":"ZW","name":"Zimbabwe","month":"2016-06","access_date":"2016-07-06","data":{"firefox":{"2":0.002063,"3":0.057764,"3.5":0.004126,"3.6":0.024756,"4":0.006189,"5":0.006189,"6":0.004126,"7":0.008252,"8":0.004126,"9":0.008252,"10":0.018567,"11":0.022693,"12":0.030945,"13":0.016504,"14":0.063953,"15":0.018567,"16":0.02063,"17":0.004126,"18":0.014441,"19":0.006189,"20":0.012378,"21":0.022693,"22":0.010315,"23":0.010315,"24":0.026819,"25":0.008252,"26":0.006189,"27":0.012378,"28":0.012378,"29":0.033008,"30":0.037134,"31":0.105213,"32":0.018567,"33":0.030945,"34":0.030945,"35":0.022693,"36":0.037134,"37":0.047449,"38":0.059827,"39":0.039197,"40":0.057764,"41":0.063953,"42":0.053638,"43":0.313576,"44":0.154725,"45":0.18567,"46":1.598825,"47":2.428151,"48":0.295009,"49":0.006189,"50":null},"chrome":{"4":null,"5":null,"6":null,"7":null,"8":null,"9":null,"10":null,"11":0.012378,"12":0.002063,"13":null,"14":null,"15":null,"16":null,"17":null,"18":null,"19":null,"20":0.002063,"21":0.006189,"22":null,"23":null,"24":0.004126,"25":0.012378,"26":0.010315,"27":0.010315,"28":0.004126,"29":0.111402,"30":0.006189,"31":0.022693,"32":0.014441,"33":0.010315,"34":0.016504,"35":0.006189,"36":0.014441,"37":0.004126,"38":0.006189,"39":0.014441,"40":0.043323,"41":0.010315,"42":0.010315,"43":0.136158,"44":0.047449,"45":0.121717,"46":0.051575,"47":0.070142,"48":0.177418,"49":0.37134,"50":1.83607,"51":4.843924,"52":0.035071,"53":0.026819,"54":null},"opera":{"9":null,"9.5-9.6":0.002063,"10.0-10.1":0,"10.5":0.004126,"10.6":0.006189,"11":0.006189,"11.1":null,"11.5":0.004126,"11.6":0.016504,"12":0.008252,"12.1":0.047449,"15":0.008252,"16":0.004126,"17":null,"18":0.004126,"19":0.008252,"20":0.006189,"21":0.006189,"22":0.008252,"23":0.002063,"24":null,"25":null,"26":0.008252,"27":0.002063,"28":0.012378,"29":0.018567,"30":0.008252,"31":0.008252,"32":0.010315,"33":0.018567,"34":0.018567,"35":0.028882,"36":0.059827,"37":0.297072,"38":0.451797,"39":0.002063,"40":null},"safari":{"3.1":null,"3.2":null,"4":0,"5":0.010315,"5.1":0.026819,"6":0.004126,"6.1":0.002063,"7":0.014441,"7.1":0.02063,"8":0.045386,"9":0.078394,"9.1":0.113465,"10":null,"0":null},"ios_saf":{"3.2":0,"4.0-4.1":0,"4.2-4.3":0,"5.0-5.1":0,"6.0-6.1":0,"7.0-7.1":0.0167056444123,"8":0,"8.1-8.4":0.0334768011557,"9.0-9.2":0.0722601011248,"9.3":0.512437453307},"android":{"2.1":0,"2.2":0,"2.3":0.0090590628303,"3":0,"4":0.0596388302995,"4.1":0.208358445097,"4.2-4.3":0.440119469172,"4.4":1.16031496418,"4.4.3-4.4.4":0.69377322842,"50":null},"op_mob":{"10":0,"11":0,"11.1":0,"11.5":0,"12":0,"12.1":0.100697696241,"0":4.43069863459},"ie":{"5.5":null,"6":0.012378,"7":0.006189,"8":0.585892,"9":0.257875,"10":0.503372,"11":2.277552},"bb":{"7":0.081344,"10":null},"ie_mob":{"10":0.423093010101,"11":1.1879149899},"edge":{"12":0.24756,"13":0.404348,"14":null},"and_ff":{"0":0.023808},"and_uc":{"0":3.102976},"op_mini":{"5.0-8.0":62.4325716692},"and_chr":{"0":3.376055},"samsung":{"0":0.547584}},"total":98.767199}